{"__type":"$$EventMessageAudit","id":"f74e9133-000d-4173-af6f-871ba9303423","ts":"2026-10-07T21:19:32.181-03:00","eventName":"n8n.audit.cluster.instance-joined","message":"n8n.audit.cluster.instance-joined","payload":{"instanceKey":"fb696402-2a90-47b2-8ee0-c726d21f45dc","hostId":"main-d9613fc8c512","instanceType":"main","instanceRole":"leader","version":"2.40.7"}}
{"__type":"$$EventMessageConfirm","confirm":"f74e9133-000d-4173-af6f-871ba9303423","ts":"2026-10-07T21:19:32.181-03:00","source":{"id":"0","name":"eventBus"}}
{"__type":"$$EventMessageAudit","id":"9314f9e7-ef9a-4d82-8d8e-668a60435c9b","ts":"2026-10-07T21:49:57.668-03:00","eventName":"n8n.audit.workflow.updated","message":"n8n.audit.workflow.updated","payload":{"userId":"95a84a44-cd4e-42c5-b3d6-7395441d9049","_email":"ramirojavierderogatis@hotmail.com","_firstName":"Ramiro","_lastName":"De Rogatis","globalRole":"global:owner","workflowId":"PaLPAf3VhFN11mWP","workflowName":"chimueloBot"}}
{"__type":"$$EventMessageConfirm","confirm":"9314f9e7-ef9a-4d82-8d8e-668a60435c9b","ts":"2026-10-07T21:49:57.671-03:00","source":{"id":"0","name":"eventBus"}}
{"__type":"$$EventMessageAudit","id":"459cd671-3c0e-4e56-9c73-7aef9645a7f6","ts":"2026-10-07T21:50:14.601-03:00","eventName":"n8n.audit.workflow.activated","message":"n8n.audit.workflow.activated","payload":{"userId":"95a84a44-cd4e-42c5-b3d6-7395441d9049","_email":"ramirojavierderogatis@hotmail.com","_firstName":"Ramiro","_lastName":"De Rogatis","globalRole":"global:owner","workflowId":"PaLPAf3VhFN11mWP","workflowName":"chimueloBot","activeVersionId":"cadbfb5b-ad80-4983-bdc9-a49daa305356"}}
{"__type":"$$EventMessageConfirm","confirm":"459cd671-3c0e-4e56-9c73-7aef9645a7f6","ts":"2026-10-07T21:50:14.602-03:00","source":{"id":"0","name":"eventBus"}}
{"__type":"$$EventMessageAudit","id":"aebb1c32-ce0b-4a97-a074-f0a87fc237a1","ts":"2026-10-07T21:50:22.107-03:00","eventName":"n8n.audit.workflow.executed","message":"n8n.audit.workflow.executed","payload":{"workflowId":"PaLPAf3VhFN11mWP","workflowName":"chimueloBot","executionId":"3657","projectId":"4cXhCbdLbVUJK3Dd","projectName":"Ramiro De Rogatis <ramirojavierderogatis@hotmail.com>","source":"webhook"}}
{"__type":"$$EventMessageConfirm","confirm":"aebb1c32-ce0b-4a97-a074-f0a87fc237a1","ts":"2026-10-07T21:50:22.107-03:00","source":{"id":"0","name":"eventBus"}}
{"__type":"$$EventMessageWorkflow","id":"e87379b1-1b78-4633-8a40-a1dd78fd422e","ts":"2026-10-07T21:50:22.108-03:00","eventName":"n8n.workflow.started","message":"n8n.workflow.started","payload":{"executionId":"3657","workflowId":"PaLPAf3VhFN11mWP","isManual":false,"mode":"webhook","workflowName":"chimueloBot","projectId":"4cXhCbdLbVUJK3Dd","projectName":"Ramiro De Rogatis <ramirojavierderogatis@hotmail.com>"}}
{"__type":"$$EventMessageConfirm","confirm":"e87379b1-1b78-4633-8a40-a1dd78fd422e","ts":"2026-10-07T21:50:22.108-03:00","source":{"id":"0","name":"eventBus"}}
{"__type":"$$EventMessageNode","id":"071745be-1805-43a4-912d-0b5d20d5c0a3","ts":"2026-10-07T21:50:22.111-03:00","eventName":"n8n.node.started","message":"n8n.node.started","payload":{"workflowId":"PaLPAf3VhFN11mWP","workflowName":"chimueloBot","executionId":"3657","nodeType":"n8n-nodes-base.webhook","nodeName":"Webhook","nodeId":"835eee2e-f5a8-41ae-8da8-c411adda2ef3"}}
{"__type":"$$EventMessageConfirm","confirm":"071745be-1805-43a4-912d-0b5d20d5c0a3","ts":"2026-10-07T21:50:22.111-03:00","source":{"id":"0","name":"eventBus"}}
{"__type":"$$EventMessageNode","id":"13906c1e-cde3-4241-baaa-5223ac09ea1d","ts":"2026-10-07T21:50:22.114-03:00","eventName":"n8n.node.finished","message":"n8n.node.finished","payload":{"workflowId":"PaLPAf3VhFN11mWP","workflowName":"chimueloBot","executionId":"3657","nodeType":"n8n-nodes-base.webhook","nodeName":"Webhook","nodeId":"835eee2e-f5a8-41ae-8da8-c411adda2ef3"}}
{"__type":"$$EventMessageConfirm","confirm":"13906c1e-cde3-4241-baaa-5223ac09ea1d","ts":"2026-10-07T21:50:22.115-03:00","source":{"id":"0","name":"eventBus"}}
{"__type":"$$EventMessageNode","id":"e93c4f91-fb28-4266-8287-b3d5fa1b1a89","ts":"2026-10-07T21:50:22.115-03:00","eventName":"n8n.node.started","message":"n8n.node.started","payload":{"workflowId":"PaLPAf3VhFN11mWP","workflowName":"chimueloBot","executionId":"3657","nodeType":"n8n-nodes-base.if","nodeName":"If3","nodeId":"95b56f56-a35e-4d78-8c42-25353df18ded"}}
{"__type":"$$EventMessageConfirm","confirm":"e93c4f91-fb28-4266-8287-b3d5fa1b1a89","ts":"2026-10-07T21:50:22.115-03:00","source":{"id":"0","name":"eventBus"}}
{"__type":"$$EventMessageNode","id":"07c93560-6be0-4ab3-8eee-aef76f414269","ts":"2026-10-07T20:50:22.206-04:00","eventName":"n8n.node.finished","message":"n8n.node.finished","payload":{"workflowId":"PaLPAf3VhFN11mWP","workflowName":"chimueloBot","executionId":"3657","nodeType":"n8n-nodes-base.if","nodeName":"If3","nodeId":"95b56f56-a35e-4d78-8c42-25353df18ded"}}
{"__type":"$$EventMessageConfirm","confirm":"07c93560-6be0-4ab3-8eee-aef76f414269","ts":"2026-10-07T20:50:22.207-04:00","source":{"id":"0","name":"eventBus"}}
{"__type":"$$EventMessageNode","id":"31064c2f-9b97-4a54-8a51-554e57636ad2","ts":"2026-10-07T20:50:22.207-04:00","eventName":"n8n.node.started","message":"n8n.node.started","payload":{"workflowId":"PaLPAf3VhFN11mWP","workflowName":"chimueloBot","executionId":"3657","nodeType":"n8n-nodes-base.if","nodeName":"If","nodeId":"fce468f6-e692-43e8-a90c-29d403eaad22"}}
{"__type":"$$EventMessageConfirm","confirm":"31064c2f-9b97-4a54-8a51-554e57636ad2","ts":"2026-10-07T20:50:22.207-04:00","source":{"id":"0","name":"eventBus"}}
{"__type":"$$EventMessageNode","id":"a87764ff-bad8-490f-9b80-29a499de605b","ts":"2026-10-07T20:50:22.219-04:00","eventName":"n8n.node.finished","message":"n8n.node.finished","payload":{"workflowId":"PaLPAf3VhFN11mWP","workflowName":"chimueloBot","executionId":"3657","nodeType":"n8n-nodes-base.if","nodeName":"If","nodeId":"fce468f6-e692-43e8-a90c-29d403eaad22"}}
{"__type":"$$EventMessageConfirm","confirm":"a87764ff-bad8-490f-9b80-29a499de605b","ts":"2026-10-07T20:50:22.219-04:00","source":{"id":"0","name":"eventBus"}}
{"__type":"$$EventMessageNode","id":"240ae69b-c430-45ba-bbe2-1d85e284248c","ts":"2026-10-07T20:50:22.220-04:00","eventName":"n8n.node.started","message":"n8n.node.started","payload":{"workflowId":"PaLPAf3VhFN11mWP","workflowName":"chimueloBot","executionId":"3657","nodeType":"n8n-nodes-base.if","nodeName":"If1","nodeId":"e019ba3d-6fff-4262-8bed-dfee6e3133d7"}}
{"__type":"$$EventMessageConfirm","confirm":"240ae69b-c430-45ba-bbe2-1d85e284248c","ts":"2026-10-07T20:50:22.220-04:00","source":{"id":"0","name":"eventBus"}}
{"__type":"$$EventMessageNode","id":"8938b44d-89ba-492b-8c4b-d119d29af63c","ts":"2026-10-07T20:50:22.229-04:00","eventName":"n8n.node.finished","message":"n8n.node.finished","payload":{"workflowId":"PaLPAf3VhFN11mWP","workflowName":"chimueloBot","executionId":"3657","nodeType":"n8n-nodes-base.if","nodeName":"If1","nodeId":"e019ba3d-6fff-4262-8bed-dfee6e3133d7"}}
{"__type":"$$EventMessageConfirm","confirm":"8938b44d-89ba-492b-8c4b-d119d29af63c","ts":"2026-10-07T20:50:22.229-04:00","source":{"id":"0","name":"eventBus"}}
{"__type":"$$EventMessageNode","id":"f2fa6bcb-c69d-4d6c-8915-9c1d54d3263c","ts":"2026-10-07T20:50:22.229-04:00","eventName":"n8n.node.started","message":"n8n.node.started","payload":{"workflowId":"PaLPAf3VhFN11mWP","workflowName":"chimueloBot","executionId":"3657","nodeType":"n8n-nodes-base.if","nodeName":"If2","nodeId":"79a91f8d-afeb-4ddc-b6f8-3c9bb45fc216"}}
{"__type":"$$EventMessageConfirm","confirm":"f2fa6bcb-c69d-4d6c-8915-9c1d54d3263c","ts":"2026-10-07T20:50:22.230-04:00","source":{"id":"0","name":"eventBus"}}
{"__type":"$$EventMessageNode","id":"691af64a-ae0d-4478-867a-7e23034b0639","ts":"2026-10-07T20:50:22.252-04:00","eventName":"n8n.node.finished","message":"n8n.node.finished","payload":{"workflowId":"PaLPAf3VhFN11mWP","workflowName":"chimueloBot","executionId":"3657","nodeType":"n8n-nodes-base.if","nodeName":"If2","nodeId":"79a91f8d-afeb-4ddc-b6f8-3c9bb45fc216"}}
{"__type":"$$EventMessageConfirm","confirm":"691af64a-ae0d-4478-867a-7e23034b0639","ts":"2026-10-07T20:50:22.252-04:00","source":{"id":"0","name":"eventBus"}}
{"__type":"$$EventMessageWorkflow","id":"39218c77-428f-4300-9a7b-97717a77e7f2","ts":"2026-10-07T20:50:22.255-04:00","eventName":"n8n.workflow.success","message":"n8n.workflow.success","payload":{"executionId":"3657","success":true,"isManual":false,"mode":"webhook","workflowId":"PaLPAf3VhFN11mWP","workflowName":"chimueloBot","projectId":"4cXhCbdLbVUJK3Dd","projectName":"Ramiro De Rogatis <ramirojavierderogatis@hotmail.com>"}}
{"__type":"$$EventMessageConfirm","confirm":"39218c77-428f-4300-9a7b-97717a77e7f2","ts":"2026-10-07T20:50:22.255-04:00","source":{"id":"0","name":"eventBus"}}
{"__type":"$$EventMessageAudit","id":"c72ea172-36a7-4ae3-8b87-2c21278b5f78","ts":"2026-10-07T20:50:23.014-04:00","eventName":"n8n.audit.workflow.executed","message":"n8n.audit.workflow.executed","payload":{"workflowId":"PaLPAf3VhFN11mWP","workflowName":"chimueloBot","executionId":"3658","projectId":"4cXhCbdLbVUJK3Dd","projectName":"Ramiro De Rogatis <ramirojavierderogatis@hotmail.com>","source":"webhook"}}
{"__type":"$$EventMessageConfirm","confirm":"c72ea172-36a7-4ae3-8b87-2c21278b5f78","ts":"2026-10-07T20:50:23.014-04:00","source":{"id":"0","name":"eventBus"}}
{"__type":"$$EventMessageWorkflow","id":"a9d6db05-f171-4e25-85dd-d77a2bfcbe44","ts":"2026-10-07T20:50:23.014-04:00","eventName":"n8n.workflow.started","message":"n8n.workflow.started","payload":{"executionId":"3658","workflowId":"PaLPAf3VhFN11mWP","isManual":false,"mode":"webhook","workflowName":"chimueloBot","projectId":"4cXhCbdLbVUJK3Dd","projectName":"Ramiro De Rogatis <ramirojavierderogatis@hotmail.com>"}}
{"__type":"$$EventMessageConfirm","confirm":"a9d6db05-f171-4e25-85dd-d77a2bfcbe44","ts":"2026-10-07T20:50:23.014-04:00","source":{"id":"0","name":"eventBus"}}
{"__type":"$$EventMessageNode","id":"7ac8fd30-d22f-42bf-8e88-1151423f7f0d","ts":"2026-10-07T20:50:23.015-04:00","eventName":"n8n.node.started","message":"n8n.node.started","payload":{"workflowId":"PaLPAf3VhFN11mWP","workflowName":"chimueloBot","executionId":"3658","nodeType":"n8n-nodes-base.webhook","nodeName":"Webhook","nodeId":"835eee2e-f5a8-41ae-8da8-c411adda2ef3"}}
{"__type":"$$EventMessageConfirm","confirm":"7ac8fd30-d22f-42bf-8e88-1151423f7f0d","ts":"2026-10-07T20:50:23.015-04:00","source":{"id":"0","name":"eventBus"}}
{"__type":"$$EventMessageNode","id":"8e2216e0-7814-4cfb-9756-9ad3c97b473a","ts":"2026-10-07T20:50:23.016-04:00","eventName":"n8n.node.finished","message":"n8n.node.finished","payload":{"workflowId":"PaLPAf3VhFN11mWP","workflowName":"chimueloBot","executionId":"3658","nodeType":"n8n-nodes-base.webhook","nodeName":"Webhook","nodeId":"835eee2e-f5a8-41ae-8da8-c411adda2ef3"}}
{"__type":"$$EventMessageConfirm","confirm":"8e2216e0-7814-4cfb-9756-9ad3c97b473a","ts":"2026-10-07T20:50:23.016-04:00","source":{"id":"0","name":"eventBus"}}
{"__type":"$$EventMessageNode","id":"211feffa-c8d7-4cbb-99ea-b694aaca0baf","ts":"2026-10-07T20:50:23.016-04:00","eventName":"n8n.node.started","message":"n8n.node.started","payload":{"workflowId":"PaLPAf3VhFN11mWP","workflowName":"chimueloBot","executionId":"3658","nodeType":"n8n-nodes-base.if","nodeName":"If3","nodeId":"95b56f56-a35e-4d78-8c42-25353df18ded"}}
{"__type":"$$EventMessageConfirm","confirm":"211feffa-c8d7-4cbb-99ea-b694aaca0baf","ts":"2026-10-07T20:50:23.016-04:00","source":{"id":"0","name":"eventBus"}}
{"__type":"$$EventMessageNode","id":"f83d290b-8853-4152-91fe-0a9741ea44d1","ts":"2026-10-07T20:50:23.024-04:00","eventName":"n8n.node.finished","message":"n8n.node.finished","payload":{"workflowId":"PaLPAf3VhFN11mWP","workflowName":"chimueloBot","executionId":"3658","nodeType":"n8n-nodes-base.if","nodeName":"If3","nodeId":"95b56f56-a35e-4d78-8c42-25353df18ded"}}
{"__type":"$$EventMessageConfirm","confirm":"f83d290b-8853-4152-91fe-0a9741ea44d1","ts":"2026-10-07T20:50:23.024-04:00","source":{"id":"0","name":"eventBus"}}
{"__type":"$$EventMessageNode","id":"0b3c2f5d-6c0e-4b44-99dd-a16233156a24","ts":"2026-10-07T20:50:23.024-04:00","eventName":"n8n.node.started","message":"n8n.node.started","payload":{"workflowId":"PaLPAf3VhFN11mWP","workflowName":"chimueloBot","executionId":"3658","nodeType":"n8n-nodes-base.if","nodeName":"If","nodeId":"fce468f6-e692-43e8-a90c-29d403eaad22"}}
{"__type":"$$EventMessageConfirm","confirm":"0b3c2f5d-6c0e-4b44-99dd-a16233156a24","ts":"2026-10-07T20:50:23.024-04:00","source":{"id":"0","name":"eventBus"}}
{"__type":"$$EventMessageNode","id":"bafef625-410d-4c6d-8407-467db340f751","ts":"2026-10-07T20:50:23.026-04:00","eventName":"n8n.node.finished","message":"n8n.node.finished","payload":{"workflowId":"PaLPAf3VhFN11mWP","workflowName":"chimueloBot","executionId":"3658","nodeType":"n8n-nodes-base.if","nodeName":"If","nodeId":"fce468f6-e692-43e8-a90c-29d403eaad22"}}
{"__type":"$$EventMessageConfirm","confirm":"bafef625-410d-4c6d-8407-467db340f751","ts":"2026-10-07T20:50:23.026-04:00","source":{"id":"0","name":"eventBus"}}
{"__type":"$$EventMessageNode","id":"7d3829bb-0040-45a0-b2d5-1c6224f921ca","ts":"2026-10-07T20:50:23.027-04:00","eventName":"n8n.node.started","message":"n8n.node.started","payload":{"workflowId":"PaLPAf3VhFN11mWP","workflowName":"chimueloBot","executionId":"3658","nodeType":"n8n-nodes-base.if","nodeName":"If1","nodeId":"e019ba3d-6fff-4262-8bed-dfee6e3133d7"}}
{"__type":"$$EventMessageConfirm","confirm":"7d3829bb-0040-45a0-b2d5-1c6224f921ca","ts":"2026-10-07T20:50:23.027-04:00","source":{"id":"0","name":"eventBus"}}
{"__type":"$$EventMessageNode","id":"a8b033c3-ac02-4b60-bd42-98c95689ae97","ts":"2026-10-07T20:50:23.029-04:00","eventName":"n8n.node.finished","message":"n8n.node.finished","payload":{"workflowId":"PaLPAf3VhFN11mWP","workflowName":"chimueloBot","executionId":"3658","nodeType":"n8n-nodes-base.if","nodeName":"If1","nodeId":"e019ba3d-6fff-4262-8bed-dfee6e3133d7"}}
{"__type":"$$EventMessageConfirm","confirm":"a8b033c3-ac02-4b60-bd42-98c95689ae97","ts":"2026-10-07T20:50:23.029-04:00","source":{"id":"0","name":"eventBus"}}
{"__type":"$$EventMessageNode","id":"044fc9f9-7da6-4593-b96e-c343b66f68d9","ts":"2026-10-07T20:50:23.029-04:00","eventName":"n8n.node.started","message":"n8n.node.started","payload":{"workflowId":"PaLPAf3VhFN11mWP","workflowName":"chimueloBot","executionId":"3658","nodeType":"n8n-nodes-base.if","nodeName":"If2","nodeId":"79a91f8d-afeb-4ddc-b6f8-3c9bb45fc216"}}
{"__type":"$$EventMessageConfirm","confirm":"044fc9f9-7da6-4593-b96e-c343b66f68d9","ts":"2026-10-07T20:50:23.029-04:00","source":{"id":"0","name":"eventBus"}}
{"__type":"$$EventMessageNode","id":"d6727197-94e4-48b3-a720-e8f10c9d86d6","ts":"2026-10-07T20:50:23.033-04:00","eventName":"n8n.node.finished","message":"n8n.node.finished","payload":{"workflowId":"PaLPAf3VhFN11mWP","workflowName":"chimueloBot","executionId":"3658","nodeType":"n8n-nodes-base.if","nodeName":"If2","nodeId":"79a91f8d-afeb-4ddc-b6f8-3c9bb45fc216"}}
{"__type":"$$EventMessageConfirm","confirm":"d6727197-94e4-48b3-a720-e8f10c9d86d6","ts":"2026-10-07T20:50:23.033-04:00","source":{"id":"0","name":"eventBus"}}
{"__type":"$$EventMessageWorkflow","id":"e908f07e-c507-4689-87af-35c28108733c","ts":"2026-10-07T20:50:23.033-04:00","eventName":"n8n.workflow.success","message":"n8n.workflow.success","payload":{"executionId":"3658","success":true,"isManual":false,"mode":"webhook","workflowId":"PaLPAf3VhFN11mWP","workflowName":"chimueloBot","projectId":"4cXhCbdLbVUJK3Dd","projectName":"Ramiro De Rogatis <ramirojavierderogatis@hotmail.com>"}}
{"__type":"$$EventMessageConfirm","confirm":"e908f07e-c507-4689-87af-35c28108733c","ts":"2026-10-07T20:50:23.033-04:00","source":{"id":"0","name":"eventBus"}}
{"__type":"$$EventMessageAudit","id":"d7249d4f-7e8a-4ee0-b771-9b21fe2faefe","ts":"2026-10-07T20:50:23.934-04:00","eventName":"n8n.audit.workflow.executed","message":"n8n.audit.workflow.executed","payload":{"workflowId":"PaLPAf3VhFN11mWP","workflowName":"chimueloBot","executionId":"3659","projectId":"4cXhCbdLbVUJK3Dd","projectName":"Ramiro De Rogatis <ramirojavierderogatis@hotmail.com>","source":"webhook"}}
{"__type":"$$EventMessageConfirm","confirm":"d7249d4f-7e8a-4ee0-b771-9b21fe2faefe","ts":"2026-10-07T20:50:23.934-04:00","source":{"id":"0","name":"eventBus"}}
{"__type":"$$EventMessageWorkflow","id":"e3a2fd4b-e562-493d-8a9d-24ef2123f697","ts":"2026-10-07T20:50:23.935-04:00","eventName":"n8n.workflow.started","message":"n8n.workflow.started","payload":{"executionId":"3659","workflowId":"PaLPAf3VhFN11mWP","isManual":false,"mode":"webhook","workflowName":"chimueloBot","projectId":"4cXhCbdLbVUJK3Dd","projectName":"Ramiro De Rogatis <ramirojavierderogatis@hotmail.com>"}}
{"__type":"$$EventMessageConfirm","confirm":"e3a2fd4b-e562-493d-8a9d-24ef2123f697","ts":"2026-10-07T20:50:23.935-04:00","source":{"id":"0","name":"eventBus"}}
{"__type":"$$EventMessageNode","id":"ac1779dd-0ad4-4bf6-b9bc-df439accead2","ts":"2026-10-07T20:50:23.935-04:00","eventName":"n8n.node.started","message":"n8n.node.started","payload":{"workflowId":"PaLPAf3VhFN11mWP","workflowName":"chimueloBot","executionId":"3659","nodeType":"n8n-nodes-base.webhook","nodeName":"Webhook","nodeId":"835eee2e-f5a8-41ae-8da8-c411adda2ef3"}}
{"__type":"$$EventMessageConfirm","confirm":"ac1779dd-0ad4-4bf6-b9bc-df439accead2","ts":"2026-10-07T20:50:23.936-04:00","source":{"id":"0","name":"eventBus"}}
{"__type":"$$EventMessageNode","id":"a90def9a-9b3c-4c4f-941d-6ea17622cf90","ts":"2026-10-07T20:50:23.936-04:00","eventName":"n8n.node.finished","message":"n8n.node.finished","payload":{"workflowId":"PaLPAf3VhFN11mWP","workflowName":"chimueloBot","executionId":"3659","nodeType":"n8n-nodes-base.webhook","nodeName":"Webhook","nodeId":"835eee2e-f5a8-41ae-8da8-c411adda2ef3"}}
{"__type":"$$EventMessageConfirm","confirm":"a90def9a-9b3c-4c4f-941d-6ea17622cf90","ts":"2026-10-07T20:50:23.936-04:00","source":{"id":"0","name":"eventBus"}}
{"__type":"$$EventMessageNode","id":"827fa99d-78b3-45fa-b44e-56ede2a658c7","ts":"2026-10-07T20:50:23.936-04:00","eventName":"n8n.node.started","message":"n8n.node.started","payload":{"workflowId":"PaLPAf3VhFN11mWP","workflowName":"chimueloBot","executionId":"3659","nodeType":"n8n-nodes-base.if","nodeName":"If3","nodeId":"95b56f56-a35e-4d78-8c42-25353df18ded"}}
{"__type":"$$EventMessageConfirm","confirm":"827fa99d-78b3-45fa-b44e-56ede2a658c7","ts":"2026-10-07T20:50:23.936-04:00","source":{"id":"0","name":"eventBus"}}
{"__type":"$$EventMessageNode","id":"0d4e1837-9649-4929-b268-4541725cb7ec","ts":"2026-10-07T20:50:23.943-04:00","eventName":"n8n.node.finished","message":"n8n.node.finished","payload":{"workflowId":"PaLPAf3VhFN11mWP","workflowName":"chimueloBot","executionId":"3659","nodeType":"n8n-nodes-base.if","nodeName":"If3","nodeId":"95b56f56-a35e-4d78-8c42-25353df18ded"}}
{"__type":"$$EventMessageConfirm","confirm":"0d4e1837-9649-4929-b268-4541725cb7ec","ts":"2026-10-07T20:50:23.943-04:00","source":{"id":"0","name":"eventBus"}}
{"__type":"$$EventMessageNode","id":"3fd26de7-ae99-4768-8a34-0a54401c6452","ts":"2026-10-07T20:50:23.943-04:00","eventName":"n8n.node.started","message":"n8n.node.started","payload":{"workflowId":"PaLPAf3VhFN11mWP","workflowName":"chimueloBot","executionId":"3659","nodeType":"n8n-nodes-base.if","nodeName":"If","nodeId":"fce468f6-e692-43e8-a90c-29d403eaad22"}}
{"__type":"$$EventMessageConfirm","confirm":"3fd26de7-ae99-4768-8a34-0a54401c6452","ts":"2026-10-07T20:50:23.943-04:00","source":{"id":"0","name":"eventBus"}}
{"__type":"$$EventMessageNode","id":"70982822-0968-484a-ab7c-b73ece55d68c","ts":"2026-10-07T20:50:23.945-04:00","eventName":"n8n.node.finished","message":"n8n.node.finished","payload":{"workflowId":"PaLPAf3VhFN11mWP","workflowName":"chimueloBot","executionId":"3659","nodeType":"n8n-nodes-base.if","nodeName":"If","nodeId":"fce468f6-e692-43e8-a90c-29d403eaad22"}}
{"__type":"$$EventMessageConfirm","confirm":"70982822-0968-484a-ab7c-b73ece55d68c","ts":"2026-10-07T20:50:23.945-04:00","source":{"id":"0","name":"eventBus"}}
{"__type":"$$EventMessageNode","id":"bed8d245-f778-488f-acb9-dd062e4a452e","ts":"2026-10-07T20:50:23.945-04:00","eventName":"n8n.node.started","message":"n8n.node.started","payload":{"workflowId":"PaLPAf3VhFN11mWP","workflowName":"chimueloBot","executionId":"3659","nodeType":"n8n-nodes-base.if","nodeName":"If1","nodeId":"e019ba3d-6fff-4262-8bed-dfee6e3133d7"}}
{"__type":"$$EventMessageConfirm","confirm":"bed8d245-f778-488f-acb9-dd062e4a452e","ts":"2026-10-07T20:50:23.945-04:00","source":{"id":"0","name":"eventBus"}}
{"__type":"$$EventMessageNode","id":"530c0b72-0574-4543-b445-166c27d9394e","ts":"2026-10-07T20:50:23.947-04:00","eventName":"n8n.node.finished","message":"n8n.node.finished","payload":{"workflowId":"PaLPAf3VhFN11mWP","workflowName":"chimueloBot","executionId":"3659","nodeType":"n8n-nodes-base.if","nodeName":"If1","nodeId":"e019ba3d-6fff-4262-8bed-dfee6e3133d7"}}
{"__type":"$$EventMessageConfirm","confirm":"530c0b72-0574-4543-b445-166c27d9394e","ts":"2026-10-07T20:50:23.947-04:00","source":{"id":"0","name":"eventBus"}}
{"__type":"$$EventMessageNode","id":"54a85ae3-c191-43d5-9fe2-8614bc7d367c","ts":"2026-10-07T20:50:23.947-04:00","eventName":"n8n.node.started","message":"n8n.node.started","payload":{"workflowId":"PaLPAf3VhFN11mWP","workflowName":"chimueloBot","executionId":"3659","nodeType":"n8n-nodes-base.if","nodeName":"If2","nodeId":"79a91f8d-afeb-4ddc-b6f8-3c9bb45fc216"}}
{"__type":"$$EventMessageConfirm","confirm":"54a85ae3-c191-43d5-9fe2-8614bc7d367c","ts":"2026-10-07T20:50:23.947-04:00","source":{"id":"0","name":"eventBus"}}
{"__type":"$$EventMessageNode","id":"4c6d14d0-c8cd-4463-9bb0-d7b7a471a582","ts":"2026-10-07T20:50:23.950-04:00","eventName":"n8n.node.finished","message":"n8n.node.finished","payload":{"workflowId":"PaLPAf3VhFN11mWP","workflowName":"chimueloBot","executionId":"3659","nodeType":"n8n-nodes-base.if","nodeName":"If2","nodeId":"79a91f8d-afeb-4ddc-b6f8-3c9bb45fc216"}}
{"__type":"$$EventMessageConfirm","confirm":"4c6d14d0-c8cd-4463-9bb0-d7b7a471a582","ts":"2026-10-07T20:50:23.951-04:00","source":{"id":"0","name":"eventBus"}}
{"__type":"$$EventMessageWorkflow","id":"0310badf-030b-49ac-a416-e2c0a2cc245c","ts":"2026-10-07T20:50:23.951-04:00","eventName":"n8n.workflow.success","message":"n8n.workflow.success","payload":{"executionId":"3659","success":true,"isManual":false,"mode":"webhook","workflowId":"PaLPAf3VhFN11mWP","workflowName":"chimueloBot","projectId":"4cXhCbdLbVUJK3Dd","projectName":"Ramiro De Rogatis <ramirojavierderogatis@hotmail.com>"}}
{"__type":"$$EventMessageConfirm","confirm":"0310badf-030b-49ac-a416-e2c0a2cc245c","ts":"2026-10-07T20:50:23.951-04:00","source":{"id":"0","name":"eventBus"}}
{"__type":"$$EventMessageAudit","id":"6fb3f49d-be0c-4e1d-aa0c-7a7e61b0dc2e","ts":"2026-10-07T20:50:24.654-04:00","eventName":"n8n.audit.workflow.executed","message":"n8n.audit.workflow.executed","payload":{"workflowId":"PaLPAf3VhFN11mWP","workflowName":"chimueloBot","executionId":"3660","projectId":"4cXhCbdLbVUJK3Dd","projectName":"Ramiro De Rogatis <ramirojavierderogatis@hotmail.com>","source":"webhook"}}
{"__type":"$$EventMessageConfirm","confirm":"6fb3f49d-be0c-4e1d-aa0c-7a7e61b0dc2e","ts":"2026-10-07T20:50:24.654-04:00","source":{"id":"0","name":"eventBus"}}
{"__type":"$$EventMessageWorkflow","id":"ed1d4962-a245-45e9-bd79-2fcaa351c350","ts":"2026-10-07T20:50:24.654-04:00","eventName":"n8n.workflow.started","message":"n8n.workflow.started","payload":{"executionId":"3660","workflowId":"PaLPAf3VhFN11mWP","isManual":false,"mode":"webhook","workflowName":"chimueloBot","projectId":"4cXhCbdLbVUJK3Dd","projectName":"Ramiro De Rogatis <ramirojavierderogatis@hotmail.com>"}}
{"__type":"$$EventMessageConfirm","confirm":"ed1d4962-a245-45e9-bd79-2fcaa351c350","ts":"2026-10-07T20:50:24.654-04:00","source":{"id":"0","name":"eventBus"}}
{"__type":"$$EventMessageNode","id":"e6c37639-52ba-4d37-a26d-3d6f8fa6e05d","ts":"2026-10-07T20:50:24.655-04:00","eventName":"n8n.node.started","message":"n8n.node.started","payload":{"workflowId":"PaLPAf3VhFN11mWP","workflowName":"chimueloBot","executionId":"3660","nodeType":"n8n-nodes-base.webhook","nodeName":"Webhook","nodeId":"835eee2e-f5a8-41ae-8da8-c411adda2ef3"}}
{"__type":"$$EventMessageConfirm","confirm":"e6c37639-52ba-4d37-a26d-3d6f8fa6e05d","ts":"2026-10-07T20:50:24.655-04:00","source":{"id":"0","name":"eventBus"}}
{"__type":"$$EventMessageNode","id":"029bcd5e-182b-4f38-a125-6dd2365779b7","ts":"2026-10-07T20:50:24.655-04:00","eventName":"n8n.node.finished","message":"n8n.node.finished","payload":{"workflowId":"PaLPAf3VhFN11mWP","workflowName":"chimueloBot","executionId":"3660","nodeType":"n8n-nodes-base.webhook","nodeName":"Webhook","nodeId":"835eee2e-f5a8-41ae-8da8-c411adda2ef3"}}
{"__type":"$$EventMessageConfirm","confirm":"029bcd5e-182b-4f38-a125-6dd2365779b7","ts":"2026-10-07T20:50:24.655-04:00","source":{"id":"0","name":"eventBus"}}
{"__type":"$$EventMessageNode","id":"3a78e764-e73d-4c11-a4df-f26babdbd6b5","ts":"2026-10-07T20:50:24.655-04:00","eventName":"n8n.node.started","message":"n8n.node.started","payload":{"workflowId":"PaLPAf3VhFN11mWP","workflowName":"chimueloBot","executionId":"3660","nodeType":"n8n-nodes-base.if","nodeName":"If3","nodeId":"95b56f56-a35e-4d78-8c42-25353df18ded"}}
{"__type":"$$EventMessageConfirm","confirm":"3a78e764-e73d-4c11-a4df-f26babdbd6b5","ts":"2026-10-07T20:50:24.655-04:00","source":{"id":"0","name":"eventBus"}}
{"__type":"$$EventMessageNode","id":"dd14d501-c667-41c6-83db-12428f768cda","ts":"2026-10-07T20:50:24.663-04:00","eventName":"n8n.node.finished","message":"n8n.node.finished","payload":{"workflowId":"PaLPAf3VhFN11mWP","workflowName":"chimueloBot","executionId":"3660","nodeType":"n8n-nodes-base.if","nodeName":"If3","nodeId":"95b56f56-a35e-4d78-8c42-25353df18ded"}}
{"__type":"$$EventMessageConfirm","confirm":"dd14d501-c667-41c6-83db-12428f768cda","ts":"2026-10-07T20:50:24.663-04:00","source":{"id":"0","name":"eventBus"}}
{"__type":"$$EventMessageNode","id":"3b39a402-dbe4-41ba-9518-0b0ce66d7892","ts":"2026-10-07T20:50:24.663-04:00","eventName":"n8n.node.started","message":"n8n.node.started","payload":{"workflowId":"PaLPAf3VhFN11mWP","workflowName":"chimueloBot","executionId":"3660","nodeType":"n8n-nodes-base.if","nodeName":"If","nodeId":"fce468f6-e692-43e8-a90c-29d403eaad22"}}
{"__type":"$$EventMessageConfirm","confirm":"3b39a402-dbe4-41ba-9518-0b0ce66d7892","ts":"2026-10-07T20:50:24.663-04:00","source":{"id":"0","name":"eventBus"}}
{"__type":"$$EventMessageNode","id":"f3e9f5be-4a89-4c83-b1f9-55eeaa0e9649","ts":"2026-10-07T20:50:24.666-04:00","eventName":"n8n.node.finished","message":"n8n.node.finished","payload":{"workflowId":"PaLPAf3VhFN11mWP","workflowName":"chimueloBot","executionId":"3660","nodeType":"n8n-nodes-base.if","nodeName":"If","nodeId":"fce468f6-e692-43e8-a90c-29d403eaad22"}}
{"__type":"$$EventMessageConfirm","confirm":"f3e9f5be-4a89-4c83-b1f9-55eeaa0e9649","ts":"2026-10-07T20:50:24.666-04:00","source":{"id":"0","name":"eventBus"}}
{"__type":"$$EventMessageNode","id":"181fecf4-d69d-4a8d-b543-7f45eaccc9f9","ts":"2026-10-07T20:50:24.666-04:00","eventName":"n8n.node.started","message":"n8n.node.started","payload":{"workflowId":"PaLPAf3VhFN11mWP","workflowName":"chimueloBot","executionId":"3660","nodeType":"n8n-nodes-base.if","nodeName":"If1","nodeId":"e019ba3d-6fff-4262-8bed-dfee6e3133d7"}}
{"__type":"$$EventMessageConfirm","confirm":"181fecf4-d69d-4a8d-b543-7f45eaccc9f9","ts":"2026-10-07T20:50:24.667-04:00","source":{"id":"0","name":"eventBus"}}
{"__type":"$$EventMessageNode","id":"294f02d0-ca0c-4984-aae2-31bde40fa787","ts":"2026-10-07T20:50:24.669-04:00","eventName":"n8n.node.finished","message":"n8n.node.finished","payload":{"workflowId":"PaLPAf3VhFN11mWP","workflowName":"chimueloBot","executionId":"3660","nodeType":"n8n-nodes-base.if","nodeName":"If1","nodeId":"e019ba3d-6fff-4262-8bed-dfee6e3133d7"}}
{"__type":"$$EventMessageConfirm","confirm":"294f02d0-ca0c-4984-aae2-31bde40fa787","ts":"2026-10-07T20:50:24.669-04:00","source":{"id":"0","name":"eventBus"}}
{"__type":"$$EventMessageNode","id":"9b745153-d60a-48e4-9273-7bd09a4ca819","ts":"2026-10-07T20:50:24.669-04:00","eventName":"n8n.node.started","message":"n8n.node.started","payload":{"workflowId":"PaLPAf3VhFN11mWP","workflowName":"chimueloBot","executionId":"3660","nodeType":"n8n-nodes-base.if","nodeName":"If2","nodeId":"79a91f8d-afeb-4ddc-b6f8-3c9bb45fc216"}}
{"__type":"$$EventMessageConfirm","confirm":"9b745153-d60a-48e4-9273-7bd09a4ca819","ts":"2026-10-07T20:50:24.669-04:00","source":{"id":"0","name":"eventBus"}}
{"__type":"$$EventMessageNode","id":"87187405-a309-43f2-b1ef-428b8ab20aeb","ts":"2026-10-07T20:50:24.673-04:00","eventName":"n8n.node.finished","message":"n8n.node.finished","payload":{"workflowId":"PaLPAf3VhFN11mWP","workflowName":"chimueloBot","executionId":"3660","nodeType":"n8n-nodes-base.if","nodeName":"If2","nodeId":"79a91f8d-afeb-4ddc-b6f8-3c9bb45fc216"}}
{"__type":"$$EventMessageConfirm","confirm":"87187405-a309-43f2-b1ef-428b8ab20aeb","ts":"2026-10-07T20:50:24.673-04:00","source":{"id":"0","name":"eventBus"}}
{"__type":"$$EventMessageWorkflow","id":"fb1427e0-4fbf-479e-aa9e-f05d88268c53","ts":"2026-10-07T20:50:24.673-04:00","eventName":"n8n.workflow.success","message":"n8n.workflow.success","payload":{"executionId":"3660","success":true,"isManual":false,"mode":"webhook","workflowId":"PaLPAf3VhFN11mWP","workflowName":"chimueloBot","projectId":"4cXhCbdLbVUJK3Dd","projectName":"Ramiro De Rogatis <ramirojavierderogatis@hotmail.com>"}}
{"__type":"$$EventMessageConfirm","confirm":"fb1427e0-4fbf-479e-aa9e-f05d88268c53","ts":"2026-10-07T20:50:24.673-04:00","source":{"id":"0","name":"eventBus"}}
{"__type":"$$EventMessageAudit","id":"0a629bd5-0846-4928-8e77-8bcb53add10f","ts":"2026-10-07T20:50:25.472-04:00","eventName":"n8n.audit.workflow.executed","message":"n8n.audit.workflow.executed","payload":{"workflowId":"PaLPAf3VhFN11mWP","workflowName":"chimueloBot","executionId":"3661","projectId":"4cXhCbdLbVUJK3Dd","projectName":"Ramiro De Rogatis <ramirojavierderogatis@hotmail.com>","source":"webhook"}}
{"__type":"$$EventMessageConfirm","confirm":"0a629bd5-0846-4928-8e77-8bcb53add10f","ts":"2026-10-07T20:50:25.473-04:00","source":{"id":"0","name":"eventBus"}}
{"__type":"$$EventMessageWorkflow","id":"849f9853-7a9e-4da8-8d5e-3796b26df380","ts":"2026-10-07T20:50:25.473-04:00","eventName":"n8n.workflow.started","message":"n8n.workflow.started","payload":{"executionId":"3661","workflowId":"PaLPAf3VhFN11mWP","isManual":false,"mode":"webhook","workflowName":"chimueloBot","projectId":"4cXhCbdLbVUJK3Dd","projectName":"Ramiro De Rogatis <ramirojavierderogatis@hotmail.com>"}}
{"__type":"$$EventMessageConfirm","confirm":"849f9853-7a9e-4da8-8d5e-3796b26df380","ts":"2026-10-07T20:50:25.473-04:00","source":{"id":"0","name":"eventBus"}}
{"__type":"$$EventMessageNode","id":"2caaef6c-f781-4b3d-8f5b-b2e9e1f267aa","ts":"2026-10-07T20:50:25.474-04:00","eventName":"n8n.node.started","message":"n8n.node.started","payload":{"workflowId":"PaLPAf3VhFN11mWP","workflowName":"chimueloBot","executionId":"3661","nodeType":"n8n-nodes-base.webhook","nodeName":"Webhook","nodeId":"835eee2e-f5a8-41ae-8da8-c411adda2ef3"}}
{"__type":"$$EventMessageConfirm","confirm":"2caaef6c-f781-4b3d-8f5b-b2e9e1f267aa","ts":"2026-10-07T20:50:25.474-04:00","source":{"id":"0","name":"eventBus"}}
{"__type":"$$EventMessageNode","id":"f64c19cf-6d55-4cfd-ad93-1045d7112f5a","ts":"2026-10-07T20:50:25.474-04:00","eventName":"n8n.node.finished","message":"n8n.node.finished","payload":{"workflowId":"PaLPAf3VhFN11mWP","workflowName":"chimueloBot","executionId":"3661","nodeType":"n8n-nodes-base.webhook","nodeName":"Webhook","nodeId":"835eee2e-f5a8-41ae-8da8-c411adda2ef3"}}
{"__type":"$$EventMessageConfirm","confirm":"f64c19cf-6d55-4cfd-ad93-1045d7112f5a","ts":"2026-10-07T20:50:25.474-04:00","source":{"id":"0","name":"eventBus"}}
{"__type":"$$EventMessageNode","id":"bcc9e9dd-a57a-4ff0-ad9a-d2200d4220ab","ts":"2026-10-07T20:50:25.474-04:00","eventName":"n8n.node.started","message":"n8n.node.started","payload":{"workflowId":"PaLPAf3VhFN11mWP","workflowName":"chimueloBot","executionId":"3661","nodeType":"n8n-nodes-base.if","nodeName":"If3","nodeId":"95b56f56-a35e-4d78-8c42-25353df18ded"}}
{"__type":"$$EventMessageConfirm","confirm":"bcc9e9dd-a57a-4ff0-ad9a-d2200d4220ab","ts":"2026-10-07T20:50:25.475-04:00","source":{"id":"0","name":"eventBus"}}
{"__type":"$$EventMessageNode","id":"a667165e-5361-40a6-a672-9f8d7e68de35","ts":"2026-10-07T20:50:25.481-04:00","eventName":"n8n.node.finished","message":"n8n.node.finished","payload":{"workflowId":"PaLPAf3VhFN11mWP","workflowName":"chimueloBot","executionId":"3661","nodeType":"n8n-nodes-base.if","nodeName":"If3","nodeId":"95b56f56-a35e-4d78-8c42-25353df18ded"}}
{"__type":"$$EventMessageConfirm","confirm":"a667165e-5361-40a6-a672-9f8d7e68de35","ts":"2026-10-07T20:50:25.481-04:00","source":{"id":"0","name":"eventBus"}}
{"__type":"$$EventMessageNode","id":"5737c117-7b78-4b85-9107-5d5ec13dfead","ts":"2026-10-07T20:50:25.482-04:00","eventName":"n8n.node.started","message":"n8n.node.started","payload":{"workflowId":"PaLPAf3VhFN11mWP","workflowName":"chimueloBot","executionId":"3661","nodeType":"n8n-nodes-base.if","nodeName":"If","nodeId":"fce468f6-e692-43e8-a90c-29d403eaad22"}}
{"__type":"$$EventMessageConfirm","confirm":"5737c117-7b78-4b85-9107-5d5ec13dfead","ts":"2026-10-07T20:50:25.482-04:00","source":{"id":"0","name":"eventBus"}}
{"__type":"$$EventMessageNode","id":"9ffd0dfa-268d-4f8b-bf50-c7da81152d30","ts":"2026-10-07T20:50:25.484-04:00","eventName":"n8n.node.finished","message":"n8n.node.finished","payload":{"workflowId":"PaLPAf3VhFN11mWP","workflowName":"chimueloBot","executionId":"3661","nodeType":"n8n-nodes-base.if","nodeName":"If","nodeId":"fce468f6-e692-43e8-a90c-29d403eaad22"}}
{"__type":"$$EventMessageConfirm","confirm":"9ffd0dfa-268d-4f8b-bf50-c7da81152d30","ts":"2026-10-07T20:50:25.484-04:00","source":{"id":"0","name":"eventBus"}}
{"__type":"$$EventMessageNode","id":"9e3f9073-174b-440e-9e0c-82f5ab839f7e","ts":"2026-10-07T20:50:25.484-04:00","eventName":"n8n.node.started","message":"n8n.node.started","payload":{"workflowId":"PaLPAf3VhFN11mWP","workflowName":"chimueloBot","executionId":"3661","nodeType":"n8n-nodes-base.if","nodeName":"If1","nodeId":"e019ba3d-6fff-4262-8bed-dfee6e3133d7"}}
{"__type":"$$EventMessageConfirm","confirm":"9e3f9073-174b-440e-9e0c-82f5ab839f7e","ts":"2026-10-07T20:50:25.484-04:00","source":{"id":"0","name":"eventBus"}}
{"__type":"$$EventMessageNode","id":"98937fdc-325f-4492-a93e-ec79f30f0608","ts":"2026-10-07T20:50:25.486-04:00","eventName":"n8n.node.finished","message":"n8n.node.finished","payload":{"workflowId":"PaLPAf3VhFN11mWP","workflowName":"chimueloBot","executionId":"3661","nodeType":"n8n-nodes-base.if","nodeName":"If1","nodeId":"e019ba3d-6fff-4262-8bed-dfee6e3133d7"}}
{"__type":"$$EventMessageConfirm","confirm":"98937fdc-325f-4492-a93e-ec79f30f0608","ts":"2026-10-07T20:50:25.487-04:00","source":{"id":"0","name":"eventBus"}}
{"__type":"$$EventMessageNode","id":"db479b0c-bf96-4753-9ea5-4674969cee7b","ts":"2026-10-07T20:50:25.487-04:00","eventName":"n8n.node.started","message":"n8n.node.started","payload":{"workflowId":"PaLPAf3VhFN11mWP","workflowName":"chimueloBot","executionId":"3661","nodeType":"n8n-nodes-base.if","nodeName":"If2","nodeId":"79a91f8d-afeb-4ddc-b6f8-3c9bb45fc216"}}
{"__type":"$$EventMessageConfirm","confirm":"db479b0c-bf96-4753-9ea5-4674969cee7b","ts":"2026-10-07T20:50:25.487-04:00","source":{"id":"0","name":"eventBus"}}
{"__type":"$$EventMessageNode","id":"fc9091cf-4757-46be-9b62-ac79fb43c1a5","ts":"2026-10-07T20:50:25.490-04:00","eventName":"n8n.node.finished","message":"n8n.node.finished","payload":{"workflowId":"PaLPAf3VhFN11mWP","workflowName":"chimueloBot","executionId":"3661","nodeType":"n8n-nodes-base.if","nodeName":"If2","nodeId":"79a91f8d-afeb-4ddc-b6f8-3c9bb45fc216"}}
{"__type":"$$EventMessageConfirm","confirm":"fc9091cf-4757-46be-9b62-ac79fb43c1a5","ts":"2026-10-07T20:50:25.490-04:00","source":{"id":"0","name":"eventBus"}}
{"__type":"$$EventMessageWorkflow","id":"d778a5ed-a2ca-49de-bbff-80da40f467fd","ts":"2026-10-07T20:50:25.490-04:00","eventName":"n8n.workflow.success","message":"n8n.workflow.success","payload":{"executionId":"3661","success":true,"isManual":false,"mode":"webhook","workflowId":"PaLPAf3VhFN11mWP","workflowName":"chimueloBot","projectId":"4cXhCbdLbVUJK3Dd","projectName":"Ramiro De Rogatis <ramirojavierderogatis@hotmail.com>"}}
{"__type":"$$EventMessageConfirm","confirm":"d778a5ed-a2ca-49de-bbff-80da40f467fd","ts":"2026-10-07T20:50:25.490-04:00","source":{"id":"0","name":"eventBus"}}
{"__type":"$$EventMessageAudit","id":"3b0aafe3-6029-47a8-bd1e-e05c372ac8a8","ts":"2026-10-07T20:51:22.879-04:00","eventName":"n8n.audit.workflow.executed","message":"n8n.audit.workflow.executed","payload":{"workflowId":"PaLPAf3VhFN11mWP","workflowName":"chimueloBot","executionId":"3662","projectId":"4cXhCbdLbVUJK3Dd","projectName":"Ramiro De Rogatis <ramirojavierderogatis@hotmail.com>","source":"webhook"}}
{"__type":"$$EventMessageConfirm","confirm":"3b0aafe3-6029-47a8-bd1e-e05c372ac8a8","ts":"2026-10-07T20:51:22.879-04:00","source":{"id":"0","name":"eventBus"}}
{"__type":"$$EventMessageWorkflow","id":"c7e6ecd4-7012-497a-94ee-a612f4d5ace3","ts":"2026-10-07T20:51:22.879-04:00","eventName":"n8n.workflow.started","message":"n8n.workflow.started","payload":{"executionId":"3662","workflowId":"PaLPAf3VhFN11mWP","isManual":false,"mode":"webhook","workflowName":"chimueloBot","projectId":"4cXhCbdLbVUJK3Dd","projectName":"Ramiro De Rogatis <ramirojavierderogatis@hotmail.com>"}}
{"__type":"$$EventMessageConfirm","confirm":"c7e6ecd4-7012-497a-94ee-a612f4d5ace3","ts":"2026-10-07T20:51:22.879-04:00","source":{"id":"0","name":"eventBus"}}
{"__type":"$$EventMessageNode","id":"eeb9b103-3f2c-4383-b236-ef0f5e27a8e8","ts":"2026-10-07T20:51:22.881-04:00","eventName":"n8n.node.started","message":"n8n.node.started","payload":{"workflowId":"PaLPAf3VhFN11mWP","workflowName":"chimueloBot","executionId":"3662","nodeType":"n8n-nodes-base.webhook","nodeName":"Webhook","nodeId":"835eee2e-f5a8-41ae-8da8-c411adda2ef3"}}
{"__type":"$$EventMessageConfirm","confirm":"eeb9b103-3f2c-4383-b236-ef0f5e27a8e8","ts":"2026-10-07T20:51:22.881-04:00","source":{"id":"0","name":"eventBus"}}
{"__type":"$$EventMessageNode","id":"236a9b68-59ad-467d-a81d-ddd48a4d78c6","ts":"2026-10-07T20:51:22.881-04:00","eventName":"n8n.node.finished","message":"n8n.node.finished","payload":{"workflowId":"PaLPAf3VhFN11mWP","workflowName":"chimueloBot","executionId":"3662","nodeType":"n8n-nodes-base.webhook","nodeName":"Webhook","nodeId":"835eee2e-f5a8-41ae-8da8-c411adda2ef3"}}
{"__type":"$$EventMessageConfirm","confirm":"236a9b68-59ad-467d-a81d-ddd48a4d78c6","ts":"2026-10-07T20:51:22.881-04:00","source":{"id":"0","name":"eventBus"}}
{"__type":"$$EventMessageNode","id":"961d0f75-c9d3-4794-97f3-368e6dbffead","ts":"2026-10-07T20:51:22.881-04:00","eventName":"n8n.node.started","message":"n8n.node.started","payload":{"workflowId":"PaLPAf3VhFN11mWP","workflowName":"chimueloBot","executionId":"3662","nodeType":"n8n-nodes-base.if","nodeName":"If3","nodeId":"95b56f56-a35e-4d78-8c42-25353df18ded"}}
{"__type":"$$EventMessageConfirm","confirm":"961d0f75-c9d3-4794-97f3-368e6dbffead","ts":"2026-10-07T20:51:22.881-04:00","source":{"id":"0","name":"eventBus"}}
{"__type":"$$EventMessageNode","id":"57cc2c51-cd2a-46d5-ae8f-bccd9ff7b72a","ts":"2026-10-07T20:51:22.889-04:00","eventName":"n8n.node.finished","message":"n8n.node.finished","payload":{"workflowId":"PaLPAf3VhFN11mWP","workflowName":"chimueloBot","executionId":"3662","nodeType":"n8n-nodes-base.if","nodeName":"If3","nodeId":"95b56f56-a35e-4d78-8c42-25353df18ded"}}
{"__type":"$$EventMessageConfirm","confirm":"57cc2c51-cd2a-46d5-ae8f-bccd9ff7b72a","ts":"2026-10-07T20:51:22.889-04:00","source":{"id":"0","name":"eventBus"}}
{"__type":"$$EventMessageNode","id":"ae8595f6-4bba-44f9-978d-97d7b41494c8","ts":"2026-10-07T20:51:22.889-04:00","eventName":"n8n.node.started","message":"n8n.node.started","payload":{"workflowId":"PaLPAf3VhFN11mWP","workflowName":"chimueloBot","executionId":"3662","nodeType":"n8n-nodes-base.if","nodeName":"If","nodeId":"fce468f6-e692-43e8-a90c-29d403eaad22"}}
{"__type":"$$EventMessageConfirm","confirm":"ae8595f6-4bba-44f9-978d-97d7b41494c8","ts":"2026-10-07T20:51:22.889-04:00","source":{"id":"0","name":"eventBus"}}
{"__type":"$$EventMessageNode","id":"bd9b82ae-6d41-4911-8e70-7dd6dd1c006c","ts":"2026-10-07T20:51:22.891-04:00","eventName":"n8n.node.finished","message":"n8n.node.finished","payload":{"workflowId":"PaLPAf3VhFN11mWP","workflowName":"chimueloBot","executionId":"3662","nodeType":"n8n-nodes-base.if","nodeName":"If","nodeId":"fce468f6-e692-43e8-a90c-29d403eaad22"}}
{"__type":"$$EventMessageConfirm","confirm":"bd9b82ae-6d41-4911-8e70-7dd6dd1c006c","ts":"2026-10-07T20:51:22.891-04:00","source":{"id":"0","name":"eventBus"}}
{"__type":"$$EventMessageNode","id":"f6bf7bea-80d3-4948-a3fa-519016d4e033","ts":"2026-10-07T20:51:22.891-04:00","eventName":"n8n.node.started","message":"n8n.node.started","payload":{"workflowId":"PaLPAf3VhFN11mWP","workflowName":"chimueloBot","executionId":"3662","nodeType":"n8n-nodes-base.if","nodeName":"If1","nodeId":"e019ba3d-6fff-4262-8bed-dfee6e3133d7"}}
{"__type":"$$EventMessageConfirm","confirm":"f6bf7bea-80d3-4948-a3fa-519016d4e033","ts":"2026-10-07T20:51:22.891-04:00","source":{"id":"0","name":"eventBus"}}
{"__type":"$$EventMessageNode","id":"aaad3f99-4d44-4e89-ab89-f469f620f9c0","ts":"2026-10-07T20:51:22.893-04:00","eventName":"n8n.node.finished","message":"n8n.node.finished","payload":{"workflowId":"PaLPAf3VhFN11mWP","workflowName":"chimueloBot","executionId":"3662","nodeType":"n8n-nodes-base.if","nodeName":"If1","nodeId":"e019ba3d-6fff-4262-8bed-dfee6e3133d7"}}
{"__type":"$$EventMessageConfirm","confirm":"aaad3f99-4d44-4e89-ab89-f469f620f9c0","ts":"2026-10-07T20:51:22.893-04:00","source":{"id":"0","name":"eventBus"}}
{"__type":"$$EventMessageNode","id":"21bd6424-c2d2-431c-a45c-7bdb5aa2c197","ts":"2026-10-07T20:51:22.893-04:00","eventName":"n8n.node.started","message":"n8n.node.started","payload":{"workflowId":"PaLPAf3VhFN11mWP","workflowName":"chimueloBot","executionId":"3662","nodeType":"n8n-nodes-base.if","nodeName":"If2","nodeId":"79a91f8d-afeb-4ddc-b6f8-3c9bb45fc216"}}
{"__type":"$$EventMessageConfirm","confirm":"21bd6424-c2d2-431c-a45c-7bdb5aa2c197","ts":"2026-10-07T20:51:22.893-04:00","source":{"id":"0","name":"eventBus"}}
{"__type":"$$EventMessageNode","id":"6d307e3c-7fc5-4ca0-85aa-ada5c153adca","ts":"2026-10-07T20:51:22.898-04:00","eventName":"n8n.node.finished","message":"n8n.node.finished","payload":{"workflowId":"PaLPAf3VhFN11mWP","workflowName":"chimueloBot","executionId":"3662","nodeType":"n8n-nodes-base.if","nodeName":"If2","nodeId":"79a91f8d-afeb-4ddc-b6f8-3c9bb45fc216"}}
{"__type":"$$EventMessageConfirm","confirm":"6d307e3c-7fc5-4ca0-85aa-ada5c153adca","ts":"2026-10-07T20:51:22.898-04:00","source":{"id":"0","name":"eventBus"}}
{"__type":"$$EventMessageWorkflow","id":"3806ffb6-8da1-45bc-a7b8-f304bfc0a778","ts":"2026-10-07T20:51:22.898-04:00","eventName":"n8n.workflow.success","message":"n8n.workflow.success","payload":{"executionId":"3662","success":true,"isManual":false,"mode":"webhook","workflowId":"PaLPAf3VhFN11mWP","workflowName":"chimueloBot","projectId":"4cXhCbdLbVUJK3Dd","projectName":"Ramiro De Rogatis <ramirojavierderogatis@hotmail.com>"}}
{"__type":"$$EventMessageConfirm","confirm":"3806ffb6-8da1-45bc-a7b8-f304bfc0a778","ts":"2026-10-07T20:51:22.898-04:00","source":{"id":"0","name":"eventBus"}}
{"__type":"$$EventMessageAudit","id":"25eb3eac-6191-4b89-ab62-2f36887b0709","ts":"2026-10-07T20:51:23.530-04:00","eventName":"n8n.audit.workflow.executed","message":"n8n.audit.workflow.executed","payload":{"workflowId":"PaLPAf3VhFN11mWP","workflowName":"chimueloBot","executionId":"3663","projectId":"4cXhCbdLbVUJK3Dd","projectName":"Ramiro De Rogatis <ramirojavierderogatis@hotmail.com>","source":"webhook"}}
{"__type":"$$EventMessageConfirm","confirm":"25eb3eac-6191-4b89-ab62-2f36887b0709","ts":"2026-10-07T20:51:23.530-04:00","source":{"id":"0","name":"eventBus"}}
{"__type":"$$EventMessageWorkflow","id":"34c4dd54-2213-4eb6-87bd-454c325a149a","ts":"2026-10-07T20:51:23.530-04:00","eventName":"n8n.workflow.started","message":"n8n.workflow.started","payload":{"executionId":"3663","workflowId":"PaLPAf3VhFN11mWP","isManual":false,"mode":"webhook","workflowName":"chimueloBot","projectId":"4cXhCbdLbVUJK3Dd","projectName":"Ramiro De Rogatis <ramirojavierderogatis@hotmail.com>"}}
{"__type":"$$EventMessageConfirm","confirm":"34c4dd54-2213-4eb6-87bd-454c325a149a","ts":"2026-10-07T20:51:23.530-04:00","source":{"id":"0","name":"eventBus"}}
{"__type":"$$EventMessageNode","id":"764e6bed-4369-4cf9-8af9-669a832358f4","ts":"2026-10-07T20:51:23.531-04:00","eventName":"n8n.node.started","message":"n8n.node.started","payload":{"workflowId":"PaLPAf3VhFN11mWP","workflowName":"chimueloBot","executionId":"3663","nodeType":"n8n-nodes-base.webhook","nodeName":"Webhook","nodeId":"835eee2e-f5a8-41ae-8da8-c411adda2ef3"}}
{"__type":"$$EventMessageConfirm","confirm":"764e6bed-4369-4cf9-8af9-669a832358f4","ts":"2026-10-07T20:51:23.531-04:00","source":{"id":"0","name":"eventBus"}}
{"__type":"$$EventMessageNode","id":"1f929155-71d6-4113-8c39-82517ae09f0d","ts":"2026-10-07T20:51:23.532-04:00","eventName":"n8n.node.finished","message":"n8n.node.finished","payload":{"workflowId":"PaLPAf3VhFN11mWP","workflowName":"chimueloBot","executionId":"3663","nodeType":"n8n-nodes-base.webhook","nodeName":"Webhook","nodeId":"835eee2e-f5a8-41ae-8da8-c411adda2ef3"}}
{"__type":"$$EventMessageConfirm","confirm":"1f929155-71d6-4113-8c39-82517ae09f0d","ts":"2026-10-07T20:51:23.532-04:00","source":{"id":"0","name":"eventBus"}}
{"__type":"$$EventMessageNode","id":"4979524f-a316-4136-b796-359c1ff0c9cd","ts":"2026-10-07T20:51:23.532-04:00","eventName":"n8n.node.started","message":"n8n.node.started","payload":{"workflowId":"PaLPAf3VhFN11mWP","workflowName":"chimueloBot","executionId":"3663","nodeType":"n8n-nodes-base.if","nodeName":"If3","nodeId":"95b56f56-a35e-4d78-8c42-25353df18ded"}}
{"__type":"$$EventMessageConfirm","confirm":"4979524f-a316-4136-b796-359c1ff0c9cd","ts":"2026-10-07T20:51:23.532-04:00","source":{"id":"0","name":"eventBus"}}
{"__type":"$$EventMessageNode","id":"cff4a70e-b9e1-45e5-b73e-3361af867e7f","ts":"2026-10-07T20:51:23.539-04:00","eventName":"n8n.node.finished","message":"n8n.node.finished","payload":{"workflowId":"PaLPAf3VhFN11mWP","workflowName":"chimueloBot","executionId":"3663","nodeType":"n8n-nodes-base.if","nodeName":"If3","nodeId":"95b56f56-a35e-4d78-8c42-25353df18ded"}}
{"__type":"$$EventMessageConfirm","confirm":"cff4a70e-b9e1-45e5-b73e-3361af867e7f","ts":"2026-10-07T20:51:23.539-04:00","source":{"id":"0","name":"eventBus"}}
{"__type":"$$EventMessageNode","id":"640bf6bf-2a06-44f7-8cc8-2e92fb6a7035","ts":"2026-10-07T20:51:23.540-04:00","eventName":"n8n.node.started","message":"n8n.node.started","payload":{"workflowId":"PaLPAf3VhFN11mWP","workflowName":"chimueloBot","executionId":"3663","nodeType":"n8n-nodes-base.if","nodeName":"If","nodeId":"fce468f6-e692-43e8-a90c-29d403eaad22"}}
{"__type":"$$EventMessageConfirm","confirm":"640bf6bf-2a06-44f7-8cc8-2e92fb6a7035","ts":"2026-10-07T20:51:23.540-04:00","source":{"id":"0","name":"eventBus"}}
{"__type":"$$EventMessageNode","id":"c33db332-dbed-471a-8130-3d5903bd7e97","ts":"2026-10-07T20:51:23.542-04:00","eventName":"n8n.node.finished","message":"n8n.node.finished","payload":{"workflowId":"PaLPAf3VhFN11mWP","workflowName":"chimueloBot","executionId":"3663","nodeType":"n8n-nodes-base.if","nodeName":"If","nodeId":"fce468f6-e692-43e8-a90c-29d403eaad22"}}
{"__type":"$$EventMessageConfirm","confirm":"c33db332-dbed-471a-8130-3d5903bd7e97","ts":"2026-10-07T20:51:23.542-04:00","source":{"id":"0","name":"eventBus"}}
{"__type":"$$EventMessageNode","id":"3cb67b2c-49d4-4ecb-8e83-eee3feb426f9","ts":"2026-10-07T20:51:23.542-04:00","eventName":"n8n.node.started","message":"n8n.node.started","payload":{"workflowId":"PaLPAf3VhFN11mWP","workflowName":"chimueloBot","executionId":"3663","nodeType":"n8n-nodes-base.if","nodeName":"If1","nodeId":"e019ba3d-6fff-4262-8bed-dfee6e3133d7"}}
{"__type":"$$EventMessageConfirm","confirm":"3cb67b2c-49d4-4ecb-8e83-eee3feb426f9","ts":"2026-10-07T20:51:23.542-04:00","source":{"id":"0","name":"eventBus"}}
{"__type":"$$EventMessageNode","id":"286a9386-4b1e-4fc8-aff1-20af5ac320d5","ts":"2026-10-07T20:51:23.544-04:00","eventName":"n8n.node.finished","message":"n8n.node.finished","payload":{"workflowId":"PaLPAf3VhFN11mWP","workflowName":"chimueloBot","executionId":"3663","nodeType":"n8n-nodes-base.if","nodeName":"If1","nodeId":"e019ba3d-6fff-4262-8bed-dfee6e3133d7"}}
{"__type":"$$EventMessageConfirm","confirm":"286a9386-4b1e-4fc8-aff1-20af5ac320d5","ts":"2026-10-07T20:51:23.544-04:00","source":{"id":"0","name":"eventBus"}}
{"__type":"$$EventMessageNode","id":"d0a6b67d-8bb6-45c8-a5cc-181591bdd26f","ts":"2026-10-07T20:51:23.544-04:00","eventName":"n8n.node.started","message":"n8n.node.started","payload":{"workflowId":"PaLPAf3VhFN11mWP","workflowName":"chimueloBot","executionId":"3663","nodeType":"n8n-nodes-base.if","nodeName":"If2","nodeId":"79a91f8d-afeb-4ddc-b6f8-3c9bb45fc216"}}
{"__type":"$$EventMessageConfirm","confirm":"d0a6b67d-8bb6-45c8-a5cc-181591bdd26f","ts":"2026-10-07T20:51:23.545-04:00","source":{"id":"0","name":"eventBus"}}
{"__type":"$$EventMessageNode","id":"ef172ff5-cc35-4e2c-83bf-e7bc74ff401e","ts":"2026-10-07T20:51:23.564-04:00","eventName":"n8n.node.finished","message":"n8n.node.finished","payload":{"workflowId":"PaLPAf3VhFN11mWP","workflowName":"chimueloBot","executionId":"3663","nodeType":"n8n-nodes-base.if","nodeName":"If2","nodeId":"79a91f8d-afeb-4ddc-b6f8-3c9bb45fc216"}}
{"__type":"$$EventMessageConfirm","confirm":"ef172ff5-cc35-4e2c-83bf-e7bc74ff401e","ts":"2026-10-07T20:51:23.564-04:00","source":{"id":"0","name":"eventBus"}}
{"__type":"$$EventMessageWorkflow","id":"bcdad796-1794-4cb7-bf41-be82560bf8ea","ts":"2026-10-07T20:51:23.565-04:00","eventName":"n8n.workflow.success","message":"n8n.workflow.success","payload":{"executionId":"3663","success":true,"isManual":false,"mode":"webhook","workflowId":"PaLPAf3VhFN11mWP","workflowName":"chimueloBot","projectId":"4cXhCbdLbVUJK3Dd","projectName":"Ramiro De Rogatis <ramirojavierderogatis@hotmail.com>"}}
{"__type":"$$EventMessageConfirm","confirm":"bcdad796-1794-4cb7-bf41-be82560bf8ea","ts":"2026-10-07T20:51:23.565-04:00","source":{"id":"0","name":"eventBus"}}
{"__type":"$$EventMessageAudit","id":"0d510f88-ab21-41d6-8a00-510528cdf76e","ts":"2026-10-07T20:51:24.169-04:00","eventName":"n8n.audit.workflow.executed","message":"n8n.audit.workflow.executed","payload":{"workflowId":"PaLPAf3VhFN11mWP","workflowName":"chimueloBot","executionId":"3664","projectId":"4cXhCbdLbVUJK3Dd","projectName":"Ramiro De Rogatis <ramirojavierderogatis@hotmail.com>","source":"webhook"}}
{"__type":"$$EventMessageConfirm","confirm":"0d510f88-ab21-41d6-8a00-510528cdf76e","ts":"2026-10-07T20:51:24.169-04:00","source":{"id":"0","name":"eventBus"}}
{"__type":"$$EventMessageWorkflow","id":"f7ca1a43-ff23-4f45-98c0-d6f7f666f81a","ts":"2026-10-07T20:51:24.169-04:00","eventName":"n8n.workflow.started","message":"n8n.workflow.started","payload":{"executionId":"3664","workflowId":"PaLPAf3VhFN11mWP","isManual":false,"mode":"webhook","workflowName":"chimueloBot","projectId":"4cXhCbdLbVUJK3Dd","projectName":"Ramiro De Rogatis <ramirojavierderogatis@hotmail.com>"}}
{"__type":"$$EventMessageConfirm","confirm":"f7ca1a43-ff23-4f45-98c0-d6f7f666f81a","ts":"2026-10-07T20:51:24.170-04:00","source":{"id":"0","name":"eventBus"}}
{"__type":"$$EventMessageNode","id":"9071b30b-4e31-49de-a41e-f64e350a811a","ts":"2026-10-07T20:51:24.171-04:00","eventName":"n8n.node.started","message":"n8n.node.started","payload":{"workflowId":"PaLPAf3VhFN11mWP","workflowName":"chimueloBot","executionId":"3664","nodeType":"n8n-nodes-base.webhook","nodeName":"Webhook","nodeId":"835eee2e-f5a8-41ae-8da8-c411adda2ef3"}}
{"__type":"$$EventMessageConfirm","confirm":"9071b30b-4e31-49de-a41e-f64e350a811a","ts":"2026-10-07T20:51:24.171-04:00","source":{"id":"0","name":"eventBus"}}
{"__type":"$$EventMessageNode","id":"b45ea0e0-4766-46db-82a4-342883e42af5","ts":"2026-10-07T20:51:24.171-04:00","eventName":"n8n.node.finished","message":"n8n.node.finished","payload":{"workflowId":"PaLPAf3VhFN11mWP","workflowName":"chimueloBot","executionId":"3664","nodeType":"n8n-nodes-base.webhook","nodeName":"Webhook","nodeId":"835eee2e-f5a8-41ae-8da8-c411adda2ef3"}}
{"__type":"$$EventMessageConfirm","confirm":"b45ea0e0-4766-46db-82a4-342883e42af5","ts":"2026-10-07T20:51:24.171-04:00","source":{"id":"0","name":"eventBus"}}
{"__type":"$$EventMessageNode","id":"25d3b1f9-355e-4220-991b-764f90ac99c6","ts":"2026-10-07T20:51:24.171-04:00","eventName":"n8n.node.started","message":"n8n.node.started","payload":{"workflowId":"PaLPAf3VhFN11mWP","workflowName":"chimueloBot","executionId":"3664","nodeType":"n8n-nodes-base.if","nodeName":"If3","nodeId":"95b56f56-a35e-4d78-8c42-25353df18ded"}}
{"__type":"$$EventMessageConfirm","confirm":"25d3b1f9-355e-4220-991b-764f90ac99c6","ts":"2026-10-07T20:51:24.172-04:00","source":{"id":"0","name":"eventBus"}}
{"__type":"$$EventMessageNode","id":"893e7e6f-37d1-4b5e-a160-e6d76802a136","ts":"2026-10-07T20:51:24.179-04:00","eventName":"n8n.node.finished","message":"n8n.node.finished","payload":{"workflowId":"PaLPAf3VhFN11mWP","workflowName":"chimueloBot","executionId":"3664","nodeType":"n8n-nodes-base.if","nodeName":"If3","nodeId":"95b56f56-a35e-4d78-8c42-25353df18ded"}}
{"__type":"$$EventMessageConfirm","confirm":"893e7e6f-37d1-4b5e-a160-e6d76802a136","ts":"2026-10-07T20:51:24.179-04:00","source":{"id":"0","name":"eventBus"}}
{"__type":"$$EventMessageNode","id":"0f9b183c-049c-4d20-9c79-cde4932ce10d","ts":"2026-10-07T20:51:24.179-04:00","eventName":"n8n.node.started","message":"n8n.node.started","payload":{"workflowId":"PaLPAf3VhFN11mWP","workflowName":"chimueloBot","executionId":"3664","nodeType":"n8n-nodes-base.if","nodeName":"If","nodeId":"fce468f6-e692-43e8-a90c-29d403eaad22"}}
{"__type":"$$EventMessageConfirm","confirm":"0f9b183c-049c-4d20-9c79-cde4932ce10d","ts":"2026-10-07T20:51:24.179-04:00","source":{"id":"0","name":"eventBus"}}
{"__type":"$$EventMessageNode","id":"396fc3d0-0bc0-4804-96d3-d36a68e816ff","ts":"2026-10-07T20:51:24.181-04:00","eventName":"n8n.node.finished","message":"n8n.node.finished","payload":{"workflowId":"PaLPAf3VhFN11mWP","workflowName":"chimueloBot","executionId":"3664","nodeType":"n8n-nodes-base.if","nodeName":"If","nodeId":"fce468f6-e692-43e8-a90c-29d403eaad22"}}
{"__type":"$$EventMessageConfirm","confirm":"396fc3d0-0bc0-4804-96d3-d36a68e816ff","ts":"2026-10-07T20:51:24.181-04:00","source":{"id":"0","name":"eventBus"}}
{"__type":"$$EventMessageNode","id":"be88ed9f-9036-40a0-9c29-c3ce8f56c1c6","ts":"2026-10-07T20:51:24.182-04:00","eventName":"n8n.node.started","message":"n8n.node.started","payload":{"workflowId":"PaLPAf3VhFN11mWP","workflowName":"chimueloBot","executionId":"3664","nodeType":"n8n-nodes-base.if","nodeName":"If1","nodeId":"e019ba3d-6fff-4262-8bed-dfee6e3133d7"}}
{"__type":"$$EventMessageConfirm","confirm":"be88ed9f-9036-40a0-9c29-c3ce8f56c1c6","ts":"2026-10-07T20:51:24.182-04:00","source":{"id":"0","name":"eventBus"}}
{"__type":"$$EventMessageNode","id":"6e729cb9-0912-477c-9b58-d361a14ab575","ts":"2026-10-07T20:51:24.184-04:00","eventName":"n8n.node.finished","message":"n8n.node.finished","payload":{"workflowId":"PaLPAf3VhFN11mWP","workflowName":"chimueloBot","executionId":"3664","nodeType":"n8n-nodes-base.if","nodeName":"If1","nodeId":"e019ba3d-6fff-4262-8bed-dfee6e3133d7"}}
{"__type":"$$EventMessageConfirm","confirm":"6e729cb9-0912-477c-9b58-d361a14ab575","ts":"2026-10-07T20:51:24.184-04:00","source":{"id":"0","name":"eventBus"}}
{"__type":"$$EventMessageNode","id":"e05170dd-ebb5-4d63-b25c-4cd445ae4474","ts":"2026-10-07T20:51:24.184-04:00","eventName":"n8n.node.started","message":"n8n.node.started","payload":{"workflowId":"PaLPAf3VhFN11mWP","workflowName":"chimueloBot","executionId":"3664","nodeType":"n8n-nodes-base.if","nodeName":"If2","nodeId":"79a91f8d-afeb-4ddc-b6f8-3c9bb45fc216"}}
{"__type":"$$EventMessageConfirm","confirm":"e05170dd-ebb5-4d63-b25c-4cd445ae4474","ts":"2026-10-07T20:51:24.184-04:00","source":{"id":"0","name":"eventBus"}}
{"__type":"$$EventMessageNode","id":"0b1db557-ab1d-4989-8cad-4339f9885cda","ts":"2026-10-07T20:51:24.187-04:00","eventName":"n8n.node.finished","message":"n8n.node.finished","payload":{"workflowId":"PaLPAf3VhFN11mWP","workflowName":"chimueloBot","executionId":"3664","nodeType":"n8n-nodes-base.if","nodeName":"If2","nodeId":"79a91f8d-afeb-4ddc-b6f8-3c9bb45fc216"}}
{"__type":"$$EventMessageConfirm","confirm":"0b1db557-ab1d-4989-8cad-4339f9885cda","ts":"2026-10-07T20:51:24.187-04:00","source":{"id":"0","name":"eventBus"}}
{"__type":"$$EventMessageWorkflow","id":"4d406ae5-1531-4da6-b5ee-0c6119f0ee8a","ts":"2026-10-07T20:51:24.187-04:00","eventName":"n8n.workflow.success","message":"n8n.workflow.success","payload":{"executionId":"3664","success":true,"isManual":false,"mode":"webhook","workflowId":"PaLPAf3VhFN11mWP","workflowName":"chimueloBot","projectId":"4cXhCbdLbVUJK3Dd","projectName":"Ramiro De Rogatis <ramirojavierderogatis@hotmail.com>"}}
{"__type":"$$EventMessageConfirm","confirm":"4d406ae5-1531-4da6-b5ee-0c6119f0ee8a","ts":"2026-10-07T20:51:24.187-04:00","source":{"id":"0","name":"eventBus"}}
{"__type":"$$EventMessageAudit","id":"3199fd20-ba92-4060-83cb-9f4526d8002d","ts":"2026-10-07T20:51:24.849-04:00","eventName":"n8n.audit.workflow.executed","message":"n8n.audit.workflow.executed","payload":{"workflowId":"PaLPAf3VhFN11mWP","workflowName":"chimueloBot","executionId":"3665","projectId":"4cXhCbdLbVUJK3Dd","projectName":"Ramiro De Rogatis <ramirojavierderogatis@hotmail.com>","source":"webhook"}}
{"__type":"$$EventMessageConfirm","confirm":"3199fd20-ba92-4060-83cb-9f4526d8002d","ts":"2026-10-07T20:51:24.849-04:00","source":{"id":"0","name":"eventBus"}}
{"__type":"$$EventMessageWorkflow","id":"14ce0a28-d016-48b6-a47c-59397c04d69d","ts":"2026-10-07T20:51:24.849-04:00","eventName":"n8n.workflow.started","message":"n8n.workflow.started","payload":{"executionId":"3665","workflowId":"PaLPAf3VhFN11mWP","isManual":false,"mode":"webhook","workflowName":"chimueloBot","projectId":"4cXhCbdLbVUJK3Dd","projectName":"Ramiro De Rogatis <ramirojavierderogatis@hotmail.com>"}}
{"__type":"$$EventMessageConfirm","confirm":"14ce0a28-d016-48b6-a47c-59397c04d69d","ts":"2026-10-07T20:51:24.849-04:00","source":{"id":"0","name":"eventBus"}}
{"__type":"$$EventMessageNode","id":"831fdd92-3eb3-4210-8ca5-a21fc0e7f8de","ts":"2026-10-07T20:51:24.851-04:00","eventName":"n8n.node.started","message":"n8n.node.started","payload":{"workflowId":"PaLPAf3VhFN11mWP","workflowName":"chimueloBot","executionId":"3665","nodeType":"n8n-nodes-base.webhook","nodeName":"Webhook","nodeId":"835eee2e-f5a8-41ae-8da8-c411adda2ef3"}}
{"__type":"$$EventMessageConfirm","confirm":"831fdd92-3eb3-4210-8ca5-a21fc0e7f8de","ts":"2026-10-07T20:51:24.851-04:00","source":{"id":"0","name":"eventBus"}}
{"__type":"$$EventMessageNode","id":"a21d1230-4a39-4c37-a8e3-6eb7bd2b7a75","ts":"2026-10-07T20:51:24.851-04:00","eventName":"n8n.node.finished","message":"n8n.node.finished","payload":{"workflowId":"PaLPAf3VhFN11mWP","workflowName":"chimueloBot","executionId":"3665","nodeType":"n8n-nodes-base.webhook","nodeName":"Webhook","nodeId":"835eee2e-f5a8-41ae-8da8-c411adda2ef3"}}
{"__type":"$$EventMessageConfirm","confirm":"a21d1230-4a39-4c37-a8e3-6eb7bd2b7a75","ts":"2026-10-07T20:51:24.851-04:00","source":{"id":"0","name":"eventBus"}}
{"__type":"$$EventMessageNode","id":"27f205b7-9353-4df7-9f5e-8864b922817e","ts":"2026-10-07T20:51:24.851-04:00","eventName":"n8n.node.started","message":"n8n.node.started","payload":{"workflowId":"PaLPAf3VhFN11mWP","workflowName":"chimueloBot","executionId":"3665","nodeType":"n8n-nodes-base.if","nodeName":"If3","nodeId":"95b56f56-a35e-4d78-8c42-25353df18ded"}}
{"__type":"$$EventMessageConfirm","confirm":"27f205b7-9353-4df7-9f5e-8864b922817e","ts":"2026-10-07T20:51:24.851-04:00","source":{"id":"0","name":"eventBus"}}
{"__type":"$$EventMessageNode","id":"cf135827-4837-4d52-be2c-b55ea4b1e399","ts":"2026-10-07T20:51:24.860-04:00","eventName":"n8n.node.finished","message":"n8n.node.finished","payload":{"workflowId":"PaLPAf3VhFN11mWP","workflowName":"chimueloBot","executionId":"3665","nodeType":"n8n-nodes-base.if","nodeName":"If3","nodeId":"95b56f56-a35e-4d78-8c42-25353df18ded"}}
{"__type":"$$EventMessageConfirm","confirm":"cf135827-4837-4d52-be2c-b55ea4b1e399","ts":"2026-10-07T20:51:24.860-04:00","source":{"id":"0","name":"eventBus"}}
{"__type":"$$EventMessageNode","id":"e91702cb-3b5a-48ae-92f8-2fc3b1c6a2aa","ts":"2026-10-07T20:51:24.861-04:00","eventName":"n8n.node.started","message":"n8n.node.started","payload":{"workflowId":"PaLPAf3VhFN11mWP","workflowName":"chimueloBot","executionId":"3665","nodeType":"n8n-nodes-base.if","nodeName":"If","nodeId":"fce468f6-e692-43e8-a90c-29d403eaad22"}}
{"__type":"$$EventMessageConfirm","confirm":"e91702cb-3b5a-48ae-92f8-2fc3b1c6a2aa","ts":"2026-10-07T20:51:24.861-04:00","source":{"id":"0","name":"eventBus"}}
{"__type":"$$EventMessageNode","id":"5ba5149f-4ccb-4396-a131-56c07572bde0","ts":"2026-10-07T20:51:24.864-04:00","eventName":"n8n.node.finished","message":"n8n.node.finished","payload":{"workflowId":"PaLPAf3VhFN11mWP","workflowName":"chimueloBot","executionId":"3665","nodeType":"n8n-nodes-base.if","nodeName":"If","nodeId":"fce468f6-e692-43e8-a90c-29d403eaad22"}}
{"__type":"$$EventMessageConfirm","confirm":"5ba5149f-4ccb-4396-a131-56c07572bde0","ts":"2026-10-07T20:51:24.864-04:00","source":{"id":"0","name":"eventBus"}}
{"__type":"$$EventMessageNode","id":"4941c3c9-3d6b-4025-912b-709e1b64c691","ts":"2026-10-07T20:51:24.864-04:00","eventName":"n8n.node.started","message":"n8n.node.started","payload":{"workflowId":"PaLPAf3VhFN11mWP","workflowName":"chimueloBot","executionId":"3665","nodeType":"n8n-nodes-base.if","nodeName":"If1","nodeId":"e019ba3d-6fff-4262-8bed-dfee6e3133d7"}}
{"__type":"$$EventMessageConfirm","confirm":"4941c3c9-3d6b-4025-912b-709e1b64c691","ts":"2026-10-07T20:51:24.864-04:00","source":{"id":"0","name":"eventBus"}}
{"__type":"$$EventMessageNode","id":"4d9f99d5-0d54-4ea9-9044-6a4b39484b3b","ts":"2026-10-07T20:51:24.868-04:00","eventName":"n8n.node.finished","message":"n8n.node.finished","payload":{"workflowId":"PaLPAf3VhFN11mWP","workflowName":"chimueloBot","executionId":"3665","nodeType":"n8n-nodes-base.if","nodeName":"If1","nodeId":"e019ba3d-6fff-4262-8bed-dfee6e3133d7"}}
{"__type":"$$EventMessageConfirm","confirm":"4d9f99d5-0d54-4ea9-9044-6a4b39484b3b","ts":"2026-10-07T20:51:24.868-04:00","source":{"id":"0","name":"eventBus"}}
{"__type":"$$EventMessageNode","id":"6a2ca8b5-82ed-4b63-a95a-5f6e342a99f3","ts":"2026-10-07T20:51:24.868-04:00","eventName":"n8n.node.started","message":"n8n.node.started","payload":{"workflowId":"PaLPAf3VhFN11mWP","workflowName":"chimueloBot","executionId":"3665","nodeType":"n8n-nodes-base.if","nodeName":"If2","nodeId":"79a91f8d-afeb-4ddc-b6f8-3c9bb45fc216"}}
{"__type":"$$EventMessageConfirm","confirm":"6a2ca8b5-82ed-4b63-a95a-5f6e342a99f3","ts":"2026-10-07T20:51:24.868-04:00","source":{"id":"0","name":"eventBus"}}
{"__type":"$$EventMessageNode","id":"a72720a7-c747-4f8f-a801-754a4ff36f0a","ts":"2026-10-07T20:51:24.872-04:00","eventName":"n8n.node.finished","message":"n8n.node.finished","payload":{"workflowId":"PaLPAf3VhFN11mWP","workflowName":"chimueloBot","executionId":"3665","nodeType":"n8n-nodes-base.if","nodeName":"If2","nodeId":"79a91f8d-afeb-4ddc-b6f8-3c9bb45fc216"}}
{"__type":"$$EventMessageConfirm","confirm":"a72720a7-c747-4f8f-a801-754a4ff36f0a","ts":"2026-10-07T20:51:24.873-04:00","source":{"id":"0","name":"eventBus"}}
{"__type":"$$EventMessageWorkflow","id":"1eb08b0e-09dd-4c89-9453-1aa8f4c17aff","ts":"2026-10-07T20:51:24.873-04:00","eventName":"n8n.workflow.success","message":"n8n.workflow.success","payload":{"executionId":"3665","success":true,"isManual":false,"mode":"webhook","workflowId":"PaLPAf3VhFN11mWP","workflowName":"chimueloBot","projectId":"4cXhCbdLbVUJK3Dd","projectName":"Ramiro De Rogatis <ramirojavierderogatis@hotmail.com>"}}
{"__type":"$$EventMessageConfirm","confirm":"1eb08b0e-09dd-4c89-9453-1aa8f4c17aff","ts":"2026-10-07T20:51:24.873-04:00","source":{"id":"0","name":"eventBus"}}
{"__type":"$$EventMessageAudit","id":"7528e5a7-7939-46fa-b62c-9363841c2e77","ts":"2026-10-07T20:51:25.502-04:00","eventName":"n8n.audit.workflow.executed","message":"n8n.audit.workflow.executed","payload":{"workflowId":"PaLPAf3VhFN11mWP","workflowName":"chimueloBot","executionId":"3666","projectId":"4cXhCbdLbVUJK3Dd","projectName":"Ramiro De Rogatis <ramirojavierderogatis@hotmail.com>","source":"webhook"}}
{"__type":"$$EventMessageConfirm","confirm":"7528e5a7-7939-46fa-b62c-9363841c2e77","ts":"2026-10-07T20:51:25.502-04:00","source":{"id":"0","name":"eventBus"}}
{"__type":"$$EventMessageWorkflow","id":"c3147a79-52ae-4324-82e4-a3d30a8aa720","ts":"2026-10-07T20:51:25.502-04:00","eventName":"n8n.workflow.started","message":"n8n.workflow.started","payload":{"executionId":"3666","workflowId":"PaLPAf3VhFN11mWP","isManual":false,"mode":"webhook","workflowName":"chimueloBot","projectId":"4cXhCbdLbVUJK3Dd","projectName":"Ramiro De Rogatis <ramirojavierderogatis@hotmail.com>"}}
{"__type":"$$EventMessageConfirm","confirm":"c3147a79-52ae-4324-82e4-a3d30a8aa720","ts":"2026-10-07T20:51:25.502-04:00","source":{"id":"0","name":"eventBus"}}
{"__type":"$$EventMessageNode","id":"964fdb9a-14fe-468c-978c-384248c84331","ts":"2026-10-07T20:51:25.503-04:00","eventName":"n8n.node.started","message":"n8n.node.started","payload":{"workflowId":"PaLPAf3VhFN11mWP","workflowName":"chimueloBot","executionId":"3666","nodeType":"n8n-nodes-base.webhook","nodeName":"Webhook","nodeId":"835eee2e-f5a8-41ae-8da8-c411adda2ef3"}}
{"__type":"$$EventMessageConfirm","confirm":"964fdb9a-14fe-468c-978c-384248c84331","ts":"2026-10-07T20:51:25.503-04:00","source":{"id":"0","name":"eventBus"}}
{"__type":"$$EventMessageNode","id":"30e43419-6cf5-4444-806f-b86d59dcf7ac","ts":"2026-10-07T20:51:25.503-04:00","eventName":"n8n.node.finished","message":"n8n.node.finished","payload":{"workflowId":"PaLPAf3VhFN11mWP","workflowName":"chimueloBot","executionId":"3666","nodeType":"n8n-nodes-base.webhook","nodeName":"Webhook","nodeId":"835eee2e-f5a8-41ae-8da8-c411adda2ef3"}}
{"__type":"$$EventMessageConfirm","confirm":"30e43419-6cf5-4444-806f-b86d59dcf7ac","ts":"2026-10-07T20:51:25.503-04:00","source":{"id":"0","name":"eventBus"}}
{"__type":"$$EventMessageNode","id":"be9a9b22-e9cc-448e-bfe3-d4eaae57b6eb","ts":"2026-10-07T20:51:25.504-04:00","eventName":"n8n.node.started","message":"n8n.node.started","payload":{"workflowId":"PaLPAf3VhFN11mWP","workflowName":"chimueloBot","executionId":"3666","nodeType":"n8n-nodes-base.if","nodeName":"If3","nodeId":"95b56f56-a35e-4d78-8c42-25353df18ded"}}
{"__type":"$$EventMessageConfirm","confirm":"be9a9b22-e9cc-448e-bfe3-d4eaae57b6eb","ts":"2026-10-07T20:51:25.504-04:00","source":{"id":"0","name":"eventBus"}}
{"__type":"$$EventMessageNode","id":"3b762340-daa7-4760-b819-274d561fc337","ts":"2026-10-07T20:51:25.511-04:00","eventName":"n8n.node.finished","message":"n8n.node.finished","payload":{"workflowId":"PaLPAf3VhFN11mWP","workflowName":"chimueloBot","executionId":"3666","nodeType":"n8n-nodes-base.if","nodeName":"If3","nodeId":"95b56f56-a35e-4d78-8c42-25353df18ded"}}
{"__type":"$$EventMessageConfirm","confirm":"3b762340-daa7-4760-b819-274d561fc337","ts":"2026-10-07T20:51:25.512-04:00","source":{"id":"0","name":"eventBus"}}
{"__type":"$$EventMessageNode","id":"0b9ce68c-8902-49ae-974e-c3f25b222f87","ts":"2026-10-07T20:51:25.512-04:00","eventName":"n8n.node.started","message":"n8n.node.started","payload":{"workflowId":"PaLPAf3VhFN11mWP","workflowName":"chimueloBot","executionId":"3666","nodeType":"n8n-nodes-base.if","nodeName":"If","nodeId":"fce468f6-e692-43e8-a90c-29d403eaad22"}}
{"__type":"$$EventMessageConfirm","confirm":"0b9ce68c-8902-49ae-974e-c3f25b222f87","ts":"2026-10-07T20:51:25.512-04:00","source":{"id":"0","name":"eventBus"}}
{"__type":"$$EventMessageNode","id":"8e68ef04-1776-4b98-bd63-a9193d2fc220","ts":"2026-10-07T20:51:25.514-04:00","eventName":"n8n.node.finished","message":"n8n.node.finished","payload":{"workflowId":"PaLPAf3VhFN11mWP","workflowName":"chimueloBot","executionId":"3666","nodeType":"n8n-nodes-base.if","nodeName":"If","nodeId":"fce468f6-e692-43e8-a90c-29d403eaad22"}}
{"__type":"$$EventMessageConfirm","confirm":"8e68ef04-1776-4b98-bd63-a9193d2fc220","ts":"2026-10-07T20:51:25.514-04:00","source":{"id":"0","name":"eventBus"}}
{"__type":"$$EventMessageNode","id":"0bc73f0e-330b-4d53-9311-540985a5a046","ts":"2026-10-07T20:51:25.514-04:00","eventName":"n8n.node.started","message":"n8n.node.started","payload":{"workflowId":"PaLPAf3VhFN11mWP","workflowName":"chimueloBot","executionId":"3666","nodeType":"n8n-nodes-base.if","nodeName":"If1","nodeId":"e019ba3d-6fff-4262-8bed-dfee6e3133d7"}}
{"__type":"$$EventMessageConfirm","confirm":"0bc73f0e-330b-4d53-9311-540985a5a046","ts":"2026-10-07T20:51:25.515-04:00","source":{"id":"0","name":"eventBus"}}
{"__type":"$$EventMessageNode","id":"70c3a3c9-3675-45f5-8cc6-017e59518fcb","ts":"2026-10-07T20:51:25.516-04:00","eventName":"n8n.node.finished","message":"n8n.node.finished","payload":{"workflowId":"PaLPAf3VhFN11mWP","workflowName":"chimueloBot","executionId":"3666","nodeType":"n8n-nodes-base.if","nodeName":"If1","nodeId":"e019ba3d-6fff-4262-8bed-dfee6e3133d7"}}
{"__type":"$$EventMessageConfirm","confirm":"70c3a3c9-3675-45f5-8cc6-017e59518fcb","ts":"2026-10-07T20:51:25.517-04:00","source":{"id":"0","name":"eventBus"}}
{"__type":"$$EventMessageNode","id":"c89509fe-63bf-42f4-aa07-81acd8dfeb9d","ts":"2026-10-07T20:51:25.517-04:00","eventName":"n8n.node.started","message":"n8n.node.started","payload":{"workflowId":"PaLPAf3VhFN11mWP","workflowName":"chimueloBot","executionId":"3666","nodeType":"n8n-nodes-base.if","nodeName":"If2","nodeId":"79a91f8d-afeb-4ddc-b6f8-3c9bb45fc216"}}
{"__type":"$$EventMessageConfirm","confirm":"c89509fe-63bf-42f4-aa07-81acd8dfeb9d","ts":"2026-10-07T20:51:25.517-04:00","source":{"id":"0","name":"eventBus"}}
{"__type":"$$EventMessageNode","id":"fa411845-87f3-4ea4-90d6-7f9354c693e5","ts":"2026-10-07T20:51:25.520-04:00","eventName":"n8n.node.finished","message":"n8n.node.finished","payload":{"workflowId":"PaLPAf3VhFN11mWP","workflowName":"chimueloBot","executionId":"3666","nodeType":"n8n-nodes-base.if","nodeName":"If2","nodeId":"79a91f8d-afeb-4ddc-b6f8-3c9bb45fc216"}}
{"__type":"$$EventMessageConfirm","confirm":"fa411845-87f3-4ea4-90d6-7f9354c693e5","ts":"2026-10-07T20:51:25.520-04:00","source":{"id":"0","name":"eventBus"}}
{"__type":"$$EventMessageWorkflow","id":"ffa2d383-b08c-426c-bb36-1aa2a547ce07","ts":"2026-10-07T20:51:25.520-04:00","eventName":"n8n.workflow.success","message":"n8n.workflow.success","payload":{"executionId":"3666","success":true,"isManual":false,"mode":"webhook","workflowId":"PaLPAf3VhFN11mWP","workflowName":"chimueloBot","projectId":"4cXhCbdLbVUJK3Dd","projectName":"Ramiro De Rogatis <ramirojavierderogatis@hotmail.com>"}}
{"__type":"$$EventMessageConfirm","confirm":"ffa2d383-b08c-426c-bb36-1aa2a547ce07","ts":"2026-10-07T20:51:25.520-04:00","source":{"id":"0","name":"eventBus"}}
{"__type":"$$EventMessageAudit","id":"938ea265-b28d-4894-8725-af4d4c00b09e","ts":"2026-10-07T20:51:26.123-04:00","eventName":"n8n.audit.workflow.executed","message":"n8n.audit.workflow.executed","payload":{"workflowId":"PaLPAf3VhFN11mWP","workflowName":"chimueloBot","executionId":"3667","projectId":"4cXhCbdLbVUJK3Dd","projectName":"Ramiro De Rogatis <ramirojavierderogatis@hotmail.com>","source":"webhook"}}
{"__type":"$$EventMessageConfirm","confirm":"938ea265-b28d-4894-8725-af4d4c00b09e","ts":"2026-10-07T20:51:26.123-04:00","source":{"id":"0","name":"eventBus"}}
{"__type":"$$EventMessageWorkflow","id":"359af655-8793-4fbf-bff5-42833b8d74c3","ts":"2026-10-07T20:51:26.124-04:00","eventName":"n8n.workflow.started","message":"n8n.workflow.started","payload":{"executionId":"3667","workflowId":"PaLPAf3VhFN11mWP","isManual":false,"mode":"webhook","workflowName":"chimueloBot","projectId":"4cXhCbdLbVUJK3Dd","projectName":"Ramiro De Rogatis <ramirojavierderogatis@hotmail.com>"}}
{"__type":"$$EventMessageConfirm","confirm":"359af655-8793-4fbf-bff5-42833b8d74c3","ts":"2026-10-07T20:51:26.124-04:00","source":{"id":"0","name":"eventBus"}}
{"__type":"$$EventMessageNode","id":"ea9fcc54-0078-464c-a3e2-9363e244a8bf","ts":"2026-10-07T20:51:26.124-04:00","eventName":"n8n.node.started","message":"n8n.node.started","payload":{"workflowId":"PaLPAf3VhFN11mWP","workflowName":"chimueloBot","executionId":"3667","nodeType":"n8n-nodes-base.webhook","nodeName":"Webhook","nodeId":"835eee2e-f5a8-41ae-8da8-c411adda2ef3"}}
{"__type":"$$EventMessageConfirm","confirm":"ea9fcc54-0078-464c-a3e2-9363e244a8bf","ts":"2026-10-07T20:51:26.124-04:00","source":{"id":"0","name":"eventBus"}}
{"__type":"$$EventMessageNode","id":"07c309bf-4a07-45d7-a0a6-3179bb6ee353","ts":"2026-10-07T20:51:26.125-04:00","eventName":"n8n.node.finished","message":"n8n.node.finished","payload":{"workflowId":"PaLPAf3VhFN11mWP","workflowName":"chimueloBot","executionId":"3667","nodeType":"n8n-nodes-base.webhook","nodeName":"Webhook","nodeId":"835eee2e-f5a8-41ae-8da8-c411adda2ef3"}}
{"__type":"$$EventMessageConfirm","confirm":"07c309bf-4a07-45d7-a0a6-3179bb6ee353","ts":"2026-10-07T20:51:26.125-04:00","source":{"id":"0","name":"eventBus"}}
{"__type":"$$EventMessageNode","id":"dbfe64a3-cc0d-4159-b182-4eb0417bde26","ts":"2026-10-07T20:51:26.125-04:00","eventName":"n8n.node.started","message":"n8n.node.started","payload":{"workflowId":"PaLPAf3VhFN11mWP","workflowName":"chimueloBot","executionId":"3667","nodeType":"n8n-nodes-base.if","nodeName":"If3","nodeId":"95b56f56-a35e-4d78-8c42-25353df18ded"}}
{"__type":"$$EventMessageConfirm","confirm":"dbfe64a3-cc0d-4159-b182-4eb0417bde26","ts":"2026-10-07T20:51:26.125-04:00","source":{"id":"0","name":"eventBus"}}
{"__type":"$$EventMessageNode","id":"4adfa4ea-be5b-497d-b5b1-aaf45286c16d","ts":"2026-10-07T20:51:26.134-04:00","eventName":"n8n.node.finished","message":"n8n.node.finished","payload":{"workflowId":"PaLPAf3VhFN11mWP","workflowName":"chimueloBot","executionId":"3667","nodeType":"n8n-nodes-base.if","nodeName":"If3","nodeId":"95b56f56-a35e-4d78-8c42-25353df18ded"}}
{"__type":"$$EventMessageConfirm","confirm":"4adfa4ea-be5b-497d-b5b1-aaf45286c16d","ts":"2026-10-07T20:51:26.134-04:00","source":{"id":"0","name":"eventBus"}}
{"__type":"$$EventMessageNode","id":"becc2f5f-7b1f-4d66-bf44-b3f3d834931f","ts":"2026-10-07T20:51:26.134-04:00","eventName":"n8n.node.started","message":"n8n.node.started","payload":{"workflowId":"PaLPAf3VhFN11mWP","workflowName":"chimueloBot","executionId":"3667","nodeType":"n8n-nodes-base.if","nodeName":"If","nodeId":"fce468f6-e692-43e8-a90c-29d403eaad22"}}
{"__type":"$$EventMessageConfirm","confirm":"becc2f5f-7b1f-4d66-bf44-b3f3d834931f","ts":"2026-10-07T20:51:26.134-04:00","source":{"id":"0","name":"eventBus"}}
{"__type":"$$EventMessageNode","id":"ba15e60f-4828-45c4-b180-f215442ec2b6","ts":"2026-10-07T20:51:26.137-04:00","eventName":"n8n.node.finished","message":"n8n.node.finished","payload":{"workflowId":"PaLPAf3VhFN11mWP","workflowName":"chimueloBot","executionId":"3667","nodeType":"n8n-nodes-base.if","nodeName":"If","nodeId":"fce468f6-e692-43e8-a90c-29d403eaad22"}}
{"__type":"$$EventMessageConfirm","confirm":"ba15e60f-4828-45c4-b180-f215442ec2b6","ts":"2026-10-07T20:51:26.137-04:00","source":{"id":"0","name":"eventBus"}}
{"__type":"$$EventMessageNode","id":"0834f73d-af59-459f-b014-a0c67e8db12e","ts":"2026-10-07T20:51:26.137-04:00","eventName":"n8n.node.started","message":"n8n.node.started","payload":{"workflowId":"PaLPAf3VhFN11mWP","workflowName":"chimueloBot","executionId":"3667","nodeType":"n8n-nodes-base.if","nodeName":"If1","nodeId":"e019ba3d-6fff-4262-8bed-dfee6e3133d7"}}
{"__type":"$$EventMessageConfirm","confirm":"0834f73d-af59-459f-b014-a0c67e8db12e","ts":"2026-10-07T20:51:26.137-04:00","source":{"id":"0","name":"eventBus"}}
{"__type":"$$EventMessageNode","id":"b4de4ba7-2e10-4fdc-880c-a79f9927a989","ts":"2026-10-07T20:51:26.139-04:00","eventName":"n8n.node.finished","message":"n8n.node.finished","payload":{"workflowId":"PaLPAf3VhFN11mWP","workflowName":"chimueloBot","executionId":"3667","nodeType":"n8n-nodes-base.if","nodeName":"If1","nodeId":"e019ba3d-6fff-4262-8bed-dfee6e3133d7"}}
{"__type":"$$EventMessageConfirm","confirm":"b4de4ba7-2e10-4fdc-880c-a79f9927a989","ts":"2026-10-07T20:51:26.139-04:00","source":{"id":"0","name":"eventBus"}}
{"__type":"$$EventMessageNode","id":"f2115b66-da87-4e52-a59c-e79704782f72","ts":"2026-10-07T20:51:26.139-04:00","eventName":"n8n.node.started","message":"n8n.node.started","payload":{"workflowId":"PaLPAf3VhFN11mWP","workflowName":"chimueloBot","executionId":"3667","nodeType":"n8n-nodes-base.if","nodeName":"If2","nodeId":"79a91f8d-afeb-4ddc-b6f8-3c9bb45fc216"}}
{"__type":"$$EventMessageConfirm","confirm":"f2115b66-da87-4e52-a59c-e79704782f72","ts":"2026-10-07T20:51:26.139-04:00","source":{"id":"0","name":"eventBus"}}
{"__type":"$$EventMessageNode","id":"e56b6d0b-c833-4a3d-9516-254919f67712","ts":"2026-10-07T20:51:26.143-04:00","eventName":"n8n.node.finished","message":"n8n.node.finished","payload":{"workflowId":"PaLPAf3VhFN11mWP","workflowName":"chimueloBot","executionId":"3667","nodeType":"n8n-nodes-base.if","nodeName":"If2","nodeId":"79a91f8d-afeb-4ddc-b6f8-3c9bb45fc216"}}
{"__type":"$$EventMessageConfirm","confirm":"e56b6d0b-c833-4a3d-9516-254919f67712","ts":"2026-10-07T20:51:26.144-04:00","source":{"id":"0","name":"eventBus"}}
{"__type":"$$EventMessageWorkflow","id":"eda7e6dd-d8e7-44d9-941b-a3bdf7ef4260","ts":"2026-10-07T20:51:26.144-04:00","eventName":"n8n.workflow.success","message":"n8n.workflow.success","payload":{"executionId":"3667","success":true,"isManual":false,"mode":"webhook","workflowId":"PaLPAf3VhFN11mWP","workflowName":"chimueloBot","projectId":"4cXhCbdLbVUJK3Dd","projectName":"Ramiro De Rogatis <ramirojavierderogatis@hotmail.com>"}}
{"__type":"$$EventMessageConfirm","confirm":"eda7e6dd-d8e7-44d9-941b-a3bdf7ef4260","ts":"2026-10-07T20:51:26.144-04:00","source":{"id":"0","name":"eventBus"}}
{"__type":"$$EventMessageAudit","id":"543ad069-0adc-4e63-9454-d3ccebca436b","ts":"2026-10-07T20:51:26.793-04:00","eventName":"n8n.audit.workflow.executed","message":"n8n.audit.workflow.executed","payload":{"workflowId":"PaLPAf3VhFN11mWP","workflowName":"chimueloBot","executionId":"3668","projectId":"4cXhCbdLbVUJK3Dd","projectName":"Ramiro De Rogatis <ramirojavierderogatis@hotmail.com>","source":"webhook"}}
{"__type":"$$EventMessageConfirm","confirm":"543ad069-0adc-4e63-9454-d3ccebca436b","ts":"2026-10-07T20:51:26.793-04:00","source":{"id":"0","name":"eventBus"}}
{"__type":"$$EventMessageWorkflow","id":"0ed1058d-a3c3-4630-9d24-0d90822d7102","ts":"2026-10-07T20:51:26.793-04:00","eventName":"n8n.workflow.started","message":"n8n.workflow.started","payload":{"executionId":"3668","workflowId":"PaLPAf3VhFN11mWP","isManual":false,"mode":"webhook","workflowName":"chimueloBot","projectId":"4cXhCbdLbVUJK3Dd","projectName":"Ramiro De Rogatis <ramirojavierderogatis@hotmail.com>"}}
{"__type":"$$EventMessageConfirm","confirm":"0ed1058d-a3c3-4630-9d24-0d90822d7102","ts":"2026-10-07T20:51:26.793-04:00","source":{"id":"0","name":"eventBus"}}
{"__type":"$$EventMessageNode","id":"69c3f459-2806-448b-aefc-03abd1742d56","ts":"2026-10-07T20:51:26.794-04:00","eventName":"n8n.node.started","message":"n8n.node.started","payload":{"workflowId":"PaLPAf3VhFN11mWP","workflowName":"chimueloBot","executionId":"3668","nodeType":"n8n-nodes-base.webhook","nodeName":"Webhook","nodeId":"835eee2e-f5a8-41ae-8da8-c411adda2ef3"}}
{"__type":"$$EventMessageConfirm","confirm":"69c3f459-2806-448b-aefc-03abd1742d56","ts":"2026-10-07T20:51:26.794-04:00","source":{"id":"0","name":"eventBus"}}
{"__type":"$$EventMessageNode","id":"279466f8-e46b-4d21-aae5-bd25e233a713","ts":"2026-10-07T20:51:26.794-04:00","eventName":"n8n.node.finished","message":"n8n.node.finished","payload":{"workflowId":"PaLPAf3VhFN11mWP","workflowName":"chimueloBot","executionId":"3668","nodeType":"n8n-nodes-base.webhook","nodeName":"Webhook","nodeId":"835eee2e-f5a8-41ae-8da8-c411adda2ef3"}}
{"__type":"$$EventMessageConfirm","confirm":"279466f8-e46b-4d21-aae5-bd25e233a713","ts":"2026-10-07T20:51:26.795-04:00","source":{"id":"0","name":"eventBus"}}
{"__type":"$$EventMessageNode","id":"b1a88543-21bb-4fd3-86a5-815516b00be3","ts":"2026-10-07T20:51:26.795-04:00","eventName":"n8n.node.started","message":"n8n.node.started","payload":{"workflowId":"PaLPAf3VhFN11mWP","workflowName":"chimueloBot","executionId":"3668","nodeType":"n8n-nodes-base.if","nodeName":"If3","nodeId":"95b56f56-a35e-4d78-8c42-25353df18ded"}}
{"__type":"$$EventMessageConfirm","confirm":"b1a88543-21bb-4fd3-86a5-815516b00be3","ts":"2026-10-07T20:51:26.795-04:00","source":{"id":"0","name":"eventBus"}}
{"__type":"$$EventMessageNode","id":"4c89cba2-d9dd-4ef1-9b95-1a5d678c11c6","ts":"2026-10-07T20:51:26.802-04:00","eventName":"n8n.node.finished","message":"n8n.node.finished","payload":{"workflowId":"PaLPAf3VhFN11mWP","workflowName":"chimueloBot","executionId":"3668","nodeType":"n8n-nodes-base.if","nodeName":"If3","nodeId":"95b56f56-a35e-4d78-8c42-25353df18ded"}}
{"__type":"$$EventMessageConfirm","confirm":"4c89cba2-d9dd-4ef1-9b95-1a5d678c11c6","ts":"2026-10-07T20:51:26.802-04:00","source":{"id":"0","name":"eventBus"}}
{"__type":"$$EventMessageNode","id":"052f3863-2228-412e-b00b-cb5a7b881aa7","ts":"2026-10-07T20:51:26.802-04:00","eventName":"n8n.node.started","message":"n8n.node.started","payload":{"workflowId":"PaLPAf3VhFN11mWP","workflowName":"chimueloBot","executionId":"3668","nodeType":"n8n-nodes-base.if","nodeName":"If","nodeId":"fce468f6-e692-43e8-a90c-29d403eaad22"}}
{"__type":"$$EventMessageConfirm","confirm":"052f3863-2228-412e-b00b-cb5a7b881aa7","ts":"2026-10-07T20:51:26.802-04:00","source":{"id":"0","name":"eventBus"}}
{"__type":"$$EventMessageNode","id":"06cfdfc8-f7cb-48bb-8535-9cb26c09cfb5","ts":"2026-10-07T20:51:26.804-04:00","eventName":"n8n.node.finished","message":"n8n.node.finished","payload":{"workflowId":"PaLPAf3VhFN11mWP","workflowName":"chimueloBot","executionId":"3668","nodeType":"n8n-nodes-base.if","nodeName":"If","nodeId":"fce468f6-e692-43e8-a90c-29d403eaad22"}}
{"__type":"$$EventMessageConfirm","confirm":"06cfdfc8-f7cb-48bb-8535-9cb26c09cfb5","ts":"2026-10-07T20:51:26.804-04:00","source":{"id":"0","name":"eventBus"}}
{"__type":"$$EventMessageNode","id":"e29b31b3-ea3a-4e4d-bd9e-43bdc48eadc6","ts":"2026-10-07T20:51:26.804-04:00","eventName":"n8n.node.started","message":"n8n.node.started","payload":{"workflowId":"PaLPAf3VhFN11mWP","workflowName":"chimueloBot","executionId":"3668","nodeType":"n8n-nodes-base.if","nodeName":"If1","nodeId":"e019ba3d-6fff-4262-8bed-dfee6e3133d7"}}
{"__type":"$$EventMessageConfirm","confirm":"e29b31b3-ea3a-4e4d-bd9e-43bdc48eadc6","ts":"2026-10-07T20:51:26.804-04:00","source":{"id":"0","name":"eventBus"}}
{"__type":"$$EventMessageNode","id":"5950eccd-ef20-4bed-bc6e-d62b6c2161b8","ts":"2026-10-07T20:51:26.806-04:00","eventName":"n8n.node.finished","message":"n8n.node.finished","payload":{"workflowId":"PaLPAf3VhFN11mWP","workflowName":"chimueloBot","executionId":"3668","nodeType":"n8n-nodes-base.if","nodeName":"If1","nodeId":"e019ba3d-6fff-4262-8bed-dfee6e3133d7"}}
{"__type":"$$EventMessageConfirm","confirm":"5950eccd-ef20-4bed-bc6e-d62b6c2161b8","ts":"2026-10-07T20:51:26.806-04:00","source":{"id":"0","name":"eventBus"}}
{"__type":"$$EventMessageNode","id":"6716761f-10af-4bcb-88f1-a3cb7480745e","ts":"2026-10-07T20:51:26.806-04:00","eventName":"n8n.node.started","message":"n8n.node.started","payload":{"workflowId":"PaLPAf3VhFN11mWP","workflowName":"chimueloBot","executionId":"3668","nodeType":"n8n-nodes-base.if","nodeName":"If2","nodeId":"79a91f8d-afeb-4ddc-b6f8-3c9bb45fc216"}}
{"__type":"$$EventMessageConfirm","confirm":"6716761f-10af-4bcb-88f1-a3cb7480745e","ts":"2026-10-07T20:51:26.806-04:00","source":{"id":"0","name":"eventBus"}}
{"__type":"$$EventMessageNode","id":"b9d66d4e-02ee-4b89-a3b7-f0bacefb96f0","ts":"2026-10-07T20:51:26.810-04:00","eventName":"n8n.node.finished","message":"n8n.node.finished","payload":{"workflowId":"PaLPAf3VhFN11mWP","workflowName":"chimueloBot","executionId":"3668","nodeType":"n8n-nodes-base.if","nodeName":"If2","nodeId":"79a91f8d-afeb-4ddc-b6f8-3c9bb45fc216"}}
{"__type":"$$EventMessageConfirm","confirm":"b9d66d4e-02ee-4b89-a3b7-f0bacefb96f0","ts":"2026-10-07T20:51:26.810-04:00","source":{"id":"0","name":"eventBus"}}
{"__type":"$$EventMessageWorkflow","id":"5c610b07-fa59-41f3-a1ba-f6146076757b","ts":"2026-10-07T20:51:26.810-04:00","eventName":"n8n.workflow.success","message":"n8n.workflow.success","payload":{"executionId":"3668","success":true,"isManual":false,"mode":"webhook","workflowId":"PaLPAf3VhFN11mWP","workflowName":"chimueloBot","projectId":"4cXhCbdLbVUJK3Dd","projectName":"Ramiro De Rogatis <ramirojavierderogatis@hotmail.com>"}}
{"__type":"$$EventMessageConfirm","confirm":"5c610b07-fa59-41f3-a1ba-f6146076757b","ts":"2026-10-07T20:51:26.810-04:00","source":{"id":"0","name":"eventBus"}}
{"__type":"$$EventMessageAudit","id":"b0132831-78f8-44b1-87d5-e4eb40082b3e","ts":"2026-10-07T20:51:27.395-04:00","eventName":"n8n.audit.workflow.executed","message":"n8n.audit.workflow.executed","payload":{"workflowId":"PaLPAf3VhFN11mWP","workflowName":"chimueloBot","executionId":"3669","projectId":"4cXhCbdLbVUJK3Dd","projectName":"Ramiro De Rogatis <ramirojavierderogatis@hotmail.com>","source":"webhook"}}
{"__type":"$$EventMessageConfirm","confirm":"b0132831-78f8-44b1-87d5-e4eb40082b3e","ts":"2026-10-07T20:51:27.395-04:00","source":{"id":"0","name":"eventBus"}}
{"__type":"$$EventMessageWorkflow","id":"7ee77e6c-3177-4e58-9d5e-b02a5f666ca6","ts":"2026-10-07T20:51:27.395-04:00","eventName":"n8n.workflow.started","message":"n8n.workflow.started","payload":{"executionId":"3669","workflowId":"PaLPAf3VhFN11mWP","isManual":false,"mode":"webhook","workflowName":"chimueloBot","projectId":"4cXhCbdLbVUJK3Dd","projectName":"Ramiro De Rogatis <ramirojavierderogatis@hotmail.com>"}}
{"__type":"$$EventMessageConfirm","confirm":"7ee77e6c-3177-4e58-9d5e-b02a5f666ca6","ts":"2026-10-07T20:51:27.395-04:00","source":{"id":"0","name":"eventBus"}}
{"__type":"$$EventMessageNode","id":"9e69c7ce-c17e-41bc-a40c-dfac4a5fc136","ts":"2026-10-07T20:51:27.396-04:00","eventName":"n8n.node.started","message":"n8n.node.started","payload":{"workflowId":"PaLPAf3VhFN11mWP","workflowName":"chimueloBot","executionId":"3669","nodeType":"n8n-nodes-base.webhook","nodeName":"Webhook","nodeId":"835eee2e-f5a8-41ae-8da8-c411adda2ef3"}}
{"__type":"$$EventMessageConfirm","confirm":"9e69c7ce-c17e-41bc-a40c-dfac4a5fc136","ts":"2026-10-07T20:51:27.396-04:00","source":{"id":"0","name":"eventBus"}}
{"__type":"$$EventMessageNode","id":"0aaf1027-1b4c-49e2-84ef-764491d1b367","ts":"2026-10-07T20:51:27.396-04:00","eventName":"n8n.node.finished","message":"n8n.node.finished","payload":{"workflowId":"PaLPAf3VhFN11mWP","workflowName":"chimueloBot","executionId":"3669","nodeType":"n8n-nodes-base.webhook","nodeName":"Webhook","nodeId":"835eee2e-f5a8-41ae-8da8-c411adda2ef3"}}
{"__type":"$$EventMessageConfirm","confirm":"0aaf1027-1b4c-49e2-84ef-764491d1b367","ts":"2026-10-07T20:51:27.396-04:00","source":{"id":"0","name":"eventBus"}}
{"__type":"$$EventMessageNode","id":"2555e095-9ef9-4688-8890-adaabc20a70b","ts":"2026-10-07T20:51:27.397-04:00","eventName":"n8n.node.started","message":"n8n.node.started","payload":{"workflowId":"PaLPAf3VhFN11mWP","workflowName":"chimueloBot","executionId":"3669","nodeType":"n8n-nodes-base.if","nodeName":"If3","nodeId":"95b56f56-a35e-4d78-8c42-25353df18ded"}}
{"__type":"$$EventMessageConfirm","confirm":"2555e095-9ef9-4688-8890-adaabc20a70b","ts":"2026-10-07T20:51:27.397-04:00","source":{"id":"0","name":"eventBus"}}
{"__type":"$$EventMessageNode","id":"e78640b4-e0c1-45f9-9d29-0a3d4b11cadf","ts":"2026-10-07T20:51:27.404-04:00","eventName":"n8n.node.finished","message":"n8n.node.finished","payload":{"workflowId":"PaLPAf3VhFN11mWP","workflowName":"chimueloBot","executionId":"3669","nodeType":"n8n-nodes-base.if","nodeName":"If3","nodeId":"95b56f56-a35e-4d78-8c42-25353df18ded"}}
{"__type":"$$EventMessageConfirm","confirm":"e78640b4-e0c1-45f9-9d29-0a3d4b11cadf","ts":"2026-10-07T20:51:27.404-04:00","source":{"id":"0","name":"eventBus"}}
{"__type":"$$EventMessageNode","id":"605f38b5-3157-4a7b-9635-e1ebd1ddabda","ts":"2026-10-07T20:51:27.404-04:00","eventName":"n8n.node.started","message":"n8n.node.started","payload":{"workflowId":"PaLPAf3VhFN11mWP","workflowName":"chimueloBot","executionId":"3669","nodeType":"n8n-nodes-base.if","nodeName":"If","nodeId":"fce468f6-e692-43e8-a90c-29d403eaad22"}}
{"__type":"$$EventMessageConfirm","confirm":"605f38b5-3157-4a7b-9635-e1ebd1ddabda","ts":"2026-10-07T20:51:27.404-04:00","source":{"id":"0","name":"eventBus"}}
{"__type":"$$EventMessageNode","id":"b7cc4ecc-9f1b-4f5a-81b3-311c41557de6","ts":"2026-10-07T20:51:27.406-04:00","eventName":"n8n.node.finished","message":"n8n.node.finished","payload":{"workflowId":"PaLPAf3VhFN11mWP","workflowName":"chimueloBot","executionId":"3669","nodeType":"n8n-nodes-base.if","nodeName":"If","nodeId":"fce468f6-e692-43e8-a90c-29d403eaad22"}}
{"__type":"$$EventMessageConfirm","confirm":"b7cc4ecc-9f1b-4f5a-81b3-311c41557de6","ts":"2026-10-07T20:51:27.406-04:00","source":{"id":"0","name":"eventBus"}}
{"__type":"$$EventMessageNode","id":"59fe9df5-4a94-4c4d-bbac-2270eb4499fb","ts":"2026-10-07T20:51:27.406-04:00","eventName":"n8n.node.started","message":"n8n.node.started","payload":{"workflowId":"PaLPAf3VhFN11mWP","workflowName":"chimueloBot","executionId":"3669","nodeType":"n8n-nodes-base.if","nodeName":"If1","nodeId":"e019ba3d-6fff-4262-8bed-dfee6e3133d7"}}
{"__type":"$$EventMessageConfirm","confirm":"59fe9df5-4a94-4c4d-bbac-2270eb4499fb","ts":"2026-10-07T20:51:27.406-04:00","source":{"id":"0","name":"eventBus"}}
{"__type":"$$EventMessageNode","id":"f5cc6112-5476-4b7a-8d84-de9146d1f945","ts":"2026-10-07T20:51:27.408-04:00","eventName":"n8n.node.finished","message":"n8n.node.finished","payload":{"workflowId":"PaLPAf3VhFN11mWP","workflowName":"chimueloBot","executionId":"3669","nodeType":"n8n-nodes-base.if","nodeName":"If1","nodeId":"e019ba3d-6fff-4262-8bed-dfee6e3133d7"}}
{"__type":"$$EventMessageConfirm","confirm":"f5cc6112-5476-4b7a-8d84-de9146d1f945","ts":"2026-10-07T20:51:27.408-04:00","source":{"id":"0","name":"eventBus"}}
{"__type":"$$EventMessageNode","id":"24a2d82d-3091-410d-b93f-89bad47d1099","ts":"2026-10-07T20:51:27.408-04:00","eventName":"n8n.node.started","message":"n8n.node.started","payload":{"workflowId":"PaLPAf3VhFN11mWP","workflowName":"chimueloBot","executionId":"3669","nodeType":"n8n-nodes-base.if","nodeName":"If2","nodeId":"79a91f8d-afeb-4ddc-b6f8-3c9bb45fc216"}}
{"__type":"$$EventMessageConfirm","confirm":"24a2d82d-3091-410d-b93f-89bad47d1099","ts":"2026-10-07T20:51:27.408-04:00","source":{"id":"0","name":"eventBus"}}
{"__type":"$$EventMessageNode","id":"44204492-346e-48aa-bf49-fa51ccd9e9e4","ts":"2026-10-07T20:51:27.411-04:00","eventName":"n8n.node.finished","message":"n8n.node.finished","payload":{"workflowId":"PaLPAf3VhFN11mWP","workflowName":"chimueloBot","executionId":"3669","nodeType":"n8n-nodes-base.if","nodeName":"If2","nodeId":"79a91f8d-afeb-4ddc-b6f8-3c9bb45fc216"}}
{"__type":"$$EventMessageConfirm","confirm":"44204492-346e-48aa-bf49-fa51ccd9e9e4","ts":"2026-10-07T20:51:27.411-04:00","source":{"id":"0","name":"eventBus"}}
{"__type":"$$EventMessageWorkflow","id":"496f6130-d0c2-4dc4-a426-cb1bee838da0","ts":"2026-10-07T20:51:27.411-04:00","eventName":"n8n.workflow.success","message":"n8n.workflow.success","payload":{"executionId":"3669","success":true,"isManual":false,"mode":"webhook","workflowId":"PaLPAf3VhFN11mWP","workflowName":"chimueloBot","projectId":"4cXhCbdLbVUJK3Dd","projectName":"Ramiro De Rogatis <ramirojavierderogatis@hotmail.com>"}}
{"__type":"$$EventMessageConfirm","confirm":"496f6130-d0c2-4dc4-a426-cb1bee838da0","ts":"2026-10-07T20:51:27.412-04:00","source":{"id":"0","name":"eventBus"}}
{"__type":"$$EventMessageAudit","id":"4b00fc2c-c91c-4734-b8e5-fb33dc1528d9","ts":"2026-10-07T20:51:28.252-04:00","eventName":"n8n.audit.workflow.executed","message":"n8n.audit.workflow.executed","payload":{"workflowId":"PaLPAf3VhFN11mWP","workflowName":"chimueloBot","executionId":"3670","projectId":"4cXhCbdLbVUJK3Dd","projectName":"Ramiro De Rogatis <ramirojavierderogatis@hotmail.com>","source":"webhook"}}
{"__type":"$$EventMessageConfirm","confirm":"4b00fc2c-c91c-4734-b8e5-fb33dc1528d9","ts":"2026-10-07T20:51:28.252-04:00","source":{"id":"0","name":"eventBus"}}
{"__type":"$$EventMessageWorkflow","id":"56c1ccf5-0016-4734-943c-86732705f628","ts":"2026-10-07T20:51:28.253-04:00","eventName":"n8n.workflow.started","message":"n8n.workflow.started","payload":{"executionId":"3670","workflowId":"PaLPAf3VhFN11mWP","isManual":false,"mode":"webhook","workflowName":"chimueloBot","projectId":"4cXhCbdLbVUJK3Dd","projectName":"Ramiro De Rogatis <ramirojavierderogatis@hotmail.com>"}}
{"__type":"$$EventMessageConfirm","confirm":"56c1ccf5-0016-4734-943c-86732705f628","ts":"2026-10-07T20:51:28.253-04:00","source":{"id":"0","name":"eventBus"}}
{"__type":"$$EventMessageNode","id":"c9d56f72-4bf7-44a4-adb0-e190e0b4119c","ts":"2026-10-07T20:51:28.253-04:00","eventName":"n8n.node.started","message":"n8n.node.started","payload":{"workflowId":"PaLPAf3VhFN11mWP","workflowName":"chimueloBot","executionId":"3670","nodeType":"n8n-nodes-base.webhook","nodeName":"Webhook","nodeId":"835eee2e-f5a8-41ae-8da8-c411adda2ef3"}}
{"__type":"$$EventMessageConfirm","confirm":"c9d56f72-4bf7-44a4-adb0-e190e0b4119c","ts":"2026-10-07T20:51:28.254-04:00","source":{"id":"0","name":"eventBus"}}
{"__type":"$$EventMessageNode","id":"c96c7ecf-09eb-484e-945d-310d6ee90763","ts":"2026-10-07T20:51:28.254-04:00","eventName":"n8n.node.finished","message":"n8n.node.finished","payload":{"workflowId":"PaLPAf3VhFN11mWP","workflowName":"chimueloBot","executionId":"3670","nodeType":"n8n-nodes-base.webhook","nodeName":"Webhook","nodeId":"835eee2e-f5a8-41ae-8da8-c411adda2ef3"}}
{"__type":"$$EventMessageConfirm","confirm":"c96c7ecf-09eb-484e-945d-310d6ee90763","ts":"2026-10-07T20:51:28.254-04:00","source":{"id":"0","name":"eventBus"}}
{"__type":"$$EventMessageNode","id":"ab6265d1-9de2-4c99-8b0e-7f23975bdd23","ts":"2026-10-07T20:51:28.254-04:00","eventName":"n8n.node.started","message":"n8n.node.started","payload":{"workflowId":"PaLPAf3VhFN11mWP","workflowName":"chimueloBot","executionId":"3670","nodeType":"n8n-nodes-base.if","nodeName":"If3","nodeId":"95b56f56-a35e-4d78-8c42-25353df18ded"}}
{"__type":"$$EventMessageConfirm","confirm":"ab6265d1-9de2-4c99-8b0e-7f23975bdd23","ts":"2026-10-07T20:51:28.254-04:00","source":{"id":"0","name":"eventBus"}}
{"__type":"$$EventMessageNode","id":"4a3c6978-a24c-4144-a0b6-6b5b5fd56135","ts":"2026-10-07T20:51:28.261-04:00","eventName":"n8n.node.finished","message":"n8n.node.finished","payload":{"workflowId":"PaLPAf3VhFN11mWP","workflowName":"chimueloBot","executionId":"3670","nodeType":"n8n-nodes-base.if","nodeName":"If3","nodeId":"95b56f56-a35e-4d78-8c42-25353df18ded"}}
{"__type":"$$EventMessageConfirm","confirm":"4a3c6978-a24c-4144-a0b6-6b5b5fd56135","ts":"2026-10-07T20:51:28.261-04:00","source":{"id":"0","name":"eventBus"}}
{"__type":"$$EventMessageNode","id":"4a27b144-2b2a-4f77-99bc-4a9487fed82c","ts":"2026-10-07T20:51:28.261-04:00","eventName":"n8n.node.started","message":"n8n.node.started","payload":{"workflowId":"PaLPAf3VhFN11mWP","workflowName":"chimueloBot","executionId":"3670","nodeType":"n8n-nodes-base.if","nodeName":"If","nodeId":"fce468f6-e692-43e8-a90c-29d403eaad22"}}
{"__type":"$$EventMessageConfirm","confirm":"4a27b144-2b2a-4f77-99bc-4a9487fed82c","ts":"2026-10-07T20:51:28.261-04:00","source":{"id":"0","name":"eventBus"}}
{"__type":"$$EventMessageNode","id":"db47785f-ce8a-4ed0-8343-ece6d8d59640","ts":"2026-10-07T20:51:28.263-04:00","eventName":"n8n.node.finished","message":"n8n.node.finished","payload":{"workflowId":"PaLPAf3VhFN11mWP","workflowName":"chimueloBot","executionId":"3670","nodeType":"n8n-nodes-base.if","nodeName":"If","nodeId":"fce468f6-e692-43e8-a90c-29d403eaad22"}}
{"__type":"$$EventMessageConfirm","confirm":"db47785f-ce8a-4ed0-8343-ece6d8d59640","ts":"2026-10-07T20:51:28.263-04:00","source":{"id":"0","name":"eventBus"}}
{"__type":"$$EventMessageNode","id":"2e4c959e-1f22-4faa-917d-e195c22de94a","ts":"2026-10-07T20:51:28.263-04:00","eventName":"n8n.node.started","message":"n8n.node.started","payload":{"workflowId":"PaLPAf3VhFN11mWP","workflowName":"chimueloBot","executionId":"3670","nodeType":"n8n-nodes-base.if","nodeName":"If1","nodeId":"e019ba3d-6fff-4262-8bed-dfee6e3133d7"}}
{"__type":"$$EventMessageConfirm","confirm":"2e4c959e-1f22-4faa-917d-e195c22de94a","ts":"2026-10-07T20:51:28.263-04:00","source":{"id":"0","name":"eventBus"}}
{"__type":"$$EventMessageNode","id":"1783a39c-d3a1-4bf9-96a2-32468f0ecbc8","ts":"2026-10-07T20:51:28.265-04:00","eventName":"n8n.node.finished","message":"n8n.node.finished","payload":{"workflowId":"PaLPAf3VhFN11mWP","workflowName":"chimueloBot","executionId":"3670","nodeType":"n8n-nodes-base.if","nodeName":"If1","nodeId":"e019ba3d-6fff-4262-8bed-dfee6e3133d7"}}
{"__type":"$$EventMessageConfirm","confirm":"1783a39c-d3a1-4bf9-96a2-32468f0ecbc8","ts":"2026-10-07T20:51:28.265-04:00","source":{"id":"0","name":"eventBus"}}
{"__type":"$$EventMessageNode","id":"e0102982-f8bf-4746-8cba-0d5f4d4422a6","ts":"2026-10-07T20:51:28.265-04:00","eventName":"n8n.node.started","message":"n8n.node.started","payload":{"workflowId":"PaLPAf3VhFN11mWP","workflowName":"chimueloBot","executionId":"3670","nodeType":"n8n-nodes-base.if","nodeName":"If2","nodeId":"79a91f8d-afeb-4ddc-b6f8-3c9bb45fc216"}}
{"__type":"$$EventMessageConfirm","confirm":"e0102982-f8bf-4746-8cba-0d5f4d4422a6","ts":"2026-10-07T20:51:28.265-04:00","source":{"id":"0","name":"eventBus"}}
{"__type":"$$EventMessageNode","id":"fecb3796-5727-4fc2-baf1-565ef1412da0","ts":"2026-10-07T20:51:28.268-04:00","eventName":"n8n.node.finished","message":"n8n.node.finished","payload":{"workflowId":"PaLPAf3VhFN11mWP","workflowName":"chimueloBot","executionId":"3670","nodeType":"n8n-nodes-base.if","nodeName":"If2","nodeId":"79a91f8d-afeb-4ddc-b6f8-3c9bb45fc216"}}
{"__type":"$$EventMessageConfirm","confirm":"fecb3796-5727-4fc2-baf1-565ef1412da0","ts":"2026-10-07T20:51:28.268-04:00","source":{"id":"0","name":"eventBus"}}
{"__type":"$$EventMessageWorkflow","id":"53690d77-bd03-490d-a2a2-635792a08d05","ts":"2026-10-07T20:51:28.269-04:00","eventName":"n8n.workflow.success","message":"n8n.workflow.success","payload":{"executionId":"3670","success":true,"isManual":false,"mode":"webhook","workflowId":"PaLPAf3VhFN11mWP","workflowName":"chimueloBot","projectId":"4cXhCbdLbVUJK3Dd","projectName":"Ramiro De Rogatis <ramirojavierderogatis@hotmail.com>"}}
{"__type":"$$EventMessageConfirm","confirm":"53690d77-bd03-490d-a2a2-635792a08d05","ts":"2026-10-07T20:51:28.269-04:00","source":{"id":"0","name":"eventBus"}}
{"__type":"$$EventMessageAudit","id":"e9173f8b-f7e7-417a-9741-338f1708f3a2","ts":"2026-10-07T20:51:28.892-04:00","eventName":"n8n.audit.workflow.executed","message":"n8n.audit.workflow.executed","payload":{"workflowId":"PaLPAf3VhFN11mWP","workflowName":"chimueloBot","executionId":"3671","projectId":"4cXhCbdLbVUJK3Dd","projectName":"Ramiro De Rogatis <ramirojavierderogatis@hotmail.com>","source":"webhook"}}
{"__type":"$$EventMessageConfirm","confirm":"e9173f8b-f7e7-417a-9741-338f1708f3a2","ts":"2026-10-07T20:51:28.892-04:00","source":{"id":"0","name":"eventBus"}}
{"__type":"$$EventMessageWorkflow","id":"4f3d092b-799e-444b-81ef-905aa0770e5c","ts":"2026-10-07T20:51:28.892-04:00","eventName":"n8n.workflow.started","message":"n8n.workflow.started","payload":{"executionId":"3671","workflowId":"PaLPAf3VhFN11mWP","isManual":false,"mode":"webhook","workflowName":"chimueloBot","projectId":"4cXhCbdLbVUJK3Dd","projectName":"Ramiro De Rogatis <ramirojavierderogatis@hotmail.com>"}}
{"__type":"$$EventMessageConfirm","confirm":"4f3d092b-799e-444b-81ef-905aa0770e5c","ts":"2026-10-07T20:51:28.892-04:00","source":{"id":"0","name":"eventBus"}}
{"__type":"$$EventMessageNode","id":"88128a06-669f-4f42-aa82-8d50b8486d7d","ts":"2026-10-07T20:51:28.893-04:00","eventName":"n8n.node.started","message":"n8n.node.started","payload":{"workflowId":"PaLPAf3VhFN11mWP","workflowName":"chimueloBot","executionId":"3671","nodeType":"n8n-nodes-base.webhook","nodeName":"Webhook","nodeId":"835eee2e-f5a8-41ae-8da8-c411adda2ef3"}}
{"__type":"$$EventMessageConfirm","confirm":"88128a06-669f-4f42-aa82-8d50b8486d7d","ts":"2026-10-07T20:51:28.893-04:00","source":{"id":"0","name":"eventBus"}}
{"__type":"$$EventMessageNode","id":"f3daadd2-c9ac-4471-a1d2-9835f21fe3ac","ts":"2026-10-07T20:51:28.893-04:00","eventName":"n8n.node.finished","message":"n8n.node.finished","payload":{"workflowId":"PaLPAf3VhFN11mWP","workflowName":"chimueloBot","executionId":"3671","nodeType":"n8n-nodes-base.webhook","nodeName":"Webhook","nodeId":"835eee2e-f5a8-41ae-8da8-c411adda2ef3"}}
{"__type":"$$EventMessageConfirm","confirm":"f3daadd2-c9ac-4471-a1d2-9835f21fe3ac","ts":"2026-10-07T20:51:28.893-04:00","source":{"id":"0","name":"eventBus"}}
{"__type":"$$EventMessageNode","id":"e088b5ce-fe07-42a3-956d-1168cc75111f","ts":"2026-10-07T20:51:28.893-04:00","eventName":"n8n.node.started","message":"n8n.node.started","payload":{"workflowId":"PaLPAf3VhFN11mWP","workflowName":"chimueloBot","executionId":"3671","nodeType":"n8n-nodes-base.if","nodeName":"If3","nodeId":"95b56f56-a35e-4d78-8c42-25353df18ded"}}
{"__type":"$$EventMessageConfirm","confirm":"e088b5ce-fe07-42a3-956d-1168cc75111f","ts":"2026-10-07T20:51:28.893-04:00","source":{"id":"0","name":"eventBus"}}
{"__type":"$$EventMessageNode","id":"bceedb27-a38e-4fd0-89e3-3032bb2fb624","ts":"2026-10-07T20:51:28.900-04:00","eventName":"n8n.node.finished","message":"n8n.node.finished","payload":{"workflowId":"PaLPAf3VhFN11mWP","workflowName":"chimueloBot","executionId":"3671","nodeType":"n8n-nodes-base.if","nodeName":"If3","nodeId":"95b56f56-a35e-4d78-8c42-25353df18ded"}}
{"__type":"$$EventMessageConfirm","confirm":"bceedb27-a38e-4fd0-89e3-3032bb2fb624","ts":"2026-10-07T20:51:28.901-04:00","source":{"id":"0","name":"eventBus"}}
{"__type":"$$EventMessageNode","id":"1ca57b34-2435-4479-be8c-fc0c58198db3","ts":"2026-10-07T20:51:28.901-04:00","eventName":"n8n.node.started","message":"n8n.node.started","payload":{"workflowId":"PaLPAf3VhFN11mWP","workflowName":"chimueloBot","executionId":"3671","nodeType":"n8n-nodes-base.if","nodeName":"If","nodeId":"fce468f6-e692-43e8-a90c-29d403eaad22"}}
{"__type":"$$EventMessageConfirm","confirm":"1ca57b34-2435-4479-be8c-fc0c58198db3","ts":"2026-10-07T20:51:28.901-04:00","source":{"id":"0","name":"eventBus"}}
{"__type":"$$EventMessageNode","id":"4518c999-52c5-4859-a3e5-84cf64140a8a","ts":"2026-10-07T20:51:28.903-04:00","eventName":"n8n.node.finished","message":"n8n.node.finished","payload":{"workflowId":"PaLPAf3VhFN11mWP","workflowName":"chimueloBot","executionId":"3671","nodeType":"n8n-nodes-base.if","nodeName":"If","nodeId":"fce468f6-e692-43e8-a90c-29d403eaad22"}}
{"__type":"$$EventMessageConfirm","confirm":"4518c999-52c5-4859-a3e5-84cf64140a8a","ts":"2026-10-07T20:51:28.903-04:00","source":{"id":"0","name":"eventBus"}}
{"__type":"$$EventMessageNode","id":"63d92340-1e8f-4b58-8fe1-027b593f37a6","ts":"2026-10-07T20:51:28.903-04:00","eventName":"n8n.node.started","message":"n8n.node.started","payload":{"workflowId":"PaLPAf3VhFN11mWP","workflowName":"chimueloBot","executionId":"3671","nodeType":"n8n-nodes-base.if","nodeName":"If1","nodeId":"e019ba3d-6fff-4262-8bed-dfee6e3133d7"}}
{"__type":"$$EventMessageConfirm","confirm":"63d92340-1e8f-4b58-8fe1-027b593f37a6","ts":"2026-10-07T20:51:28.903-04:00","source":{"id":"0","name":"eventBus"}}
{"__type":"$$EventMessageNode","id":"e3134e6b-80ac-47ac-9c72-04f7b35f87fe","ts":"2026-10-07T20:51:28.906-04:00","eventName":"n8n.node.finished","message":"n8n.node.finished","payload":{"workflowId":"PaLPAf3VhFN11mWP","workflowName":"chimueloBot","executionId":"3671","nodeType":"n8n-nodes-base.if","nodeName":"If1","nodeId":"e019ba3d-6fff-4262-8bed-dfee6e3133d7"}}
{"__type":"$$EventMessageConfirm","confirm":"e3134e6b-80ac-47ac-9c72-04f7b35f87fe","ts":"2026-10-07T20:51:28.906-04:00","source":{"id":"0","name":"eventBus"}}
{"__type":"$$EventMessageNode","id":"e31c2b83-4bda-40f7-8302-3b1f21f2c9c4","ts":"2026-10-07T20:51:28.906-04:00","eventName":"n8n.node.started","message":"n8n.node.started","payload":{"workflowId":"PaLPAf3VhFN11mWP","workflowName":"chimueloBot","executionId":"3671","nodeType":"n8n-nodes-base.if","nodeName":"If2","nodeId":"79a91f8d-afeb-4ddc-b6f8-3c9bb45fc216"}}
{"__type":"$$EventMessageConfirm","confirm":"e31c2b83-4bda-40f7-8302-3b1f21f2c9c4","ts":"2026-10-07T20:51:28.906-04:00","source":{"id":"0","name":"eventBus"}}
{"__type":"$$EventMessageNode","id":"9d9c1dca-823e-4b96-9612-8694e1936a30","ts":"2026-10-07T20:51:28.910-04:00","eventName":"n8n.node.finished","message":"n8n.node.finished","payload":{"workflowId":"PaLPAf3VhFN11mWP","workflowName":"chimueloBot","executionId":"3671","nodeType":"n8n-nodes-base.if","nodeName":"If2","nodeId":"79a91f8d-afeb-4ddc-b6f8-3c9bb45fc216"}}
{"__type":"$$EventMessageConfirm","confirm":"9d9c1dca-823e-4b96-9612-8694e1936a30","ts":"2026-10-07T20:51:28.910-04:00","source":{"id":"0","name":"eventBus"}}
{"__type":"$$EventMessageWorkflow","id":"1de495c8-08e8-49c7-ac8e-d3295d85b906","ts":"2026-10-07T20:51:28.910-04:00","eventName":"n8n.workflow.success","message":"n8n.workflow.success","payload":{"executionId":"3671","success":true,"isManual":false,"mode":"webhook","workflowId":"PaLPAf3VhFN11mWP","workflowName":"chimueloBot","projectId":"4cXhCbdLbVUJK3Dd","projectName":"Ramiro De Rogatis <ramirojavierderogatis@hotmail.com>"}}
{"__type":"$$EventMessageConfirm","confirm":"1de495c8-08e8-49c7-ac8e-d3295d85b906","ts":"2026-10-07T20:51:28.910-04:00","source":{"id":"0","name":"eventBus"}}
{"__type":"$$EventMessageAudit","id":"6a65635e-8f0a-4448-bb12-16a281fef0b5","ts":"2026-10-07T20:51:29.533-04:00","eventName":"n8n.audit.workflow.executed","message":"n8n.audit.workflow.executed","payload":{"workflowId":"PaLPAf3VhFN11mWP","workflowName":"chimueloBot","executionId":"3672","projectId":"4cXhCbdLbVUJK3Dd","projectName":"Ramiro De Rogatis <ramirojavierderogatis@hotmail.com>","source":"webhook"}}
{"__type":"$$EventMessageConfirm","confirm":"6a65635e-8f0a-4448-bb12-16a281fef0b5","ts":"2026-10-07T20:51:29.533-04:00","source":{"id":"0","name":"eventBus"}}
{"__type":"$$EventMessageWorkflow","id":"29c7077c-2538-4701-b2b4-a574aeca38e5","ts":"2026-10-07T20:51:29.533-04:00","eventName":"n8n.workflow.started","message":"n8n.workflow.started","payload":{"executionId":"3672","workflowId":"PaLPAf3VhFN11mWP","isManual":false,"mode":"webhook","workflowName":"chimueloBot","projectId":"4cXhCbdLbVUJK3Dd","projectName":"Ramiro De Rogatis <ramirojavierderogatis@hotmail.com>"}}
{"__type":"$$EventMessageConfirm","confirm":"29c7077c-2538-4701-b2b4-a574aeca38e5","ts":"2026-10-07T20:51:29.533-04:00","source":{"id":"0","name":"eventBus"}}
{"__type":"$$EventMessageNode","id":"2526b1cf-f822-4981-b4ca-95e9237aa994","ts":"2026-10-07T20:51:29.534-04:00","eventName":"n8n.node.started","message":"n8n.node.started","payload":{"workflowId":"PaLPAf3VhFN11mWP","workflowName":"chimueloBot","executionId":"3672","nodeType":"n8n-nodes-base.webhook","nodeName":"Webhook","nodeId":"835eee2e-f5a8-41ae-8da8-c411adda2ef3"}}
{"__type":"$$EventMessageConfirm","confirm":"2526b1cf-f822-4981-b4ca-95e9237aa994","ts":"2026-10-07T20:51:29.534-04:00","source":{"id":"0","name":"eventBus"}}
{"__type":"$$EventMessageNode","id":"e6a33eb6-325e-499e-9135-1d538bb8154d","ts":"2026-10-07T20:51:29.534-04:00","eventName":"n8n.node.finished","message":"n8n.node.finished","payload":{"workflowId":"PaLPAf3VhFN11mWP","workflowName":"chimueloBot","executionId":"3672","nodeType":"n8n-nodes-base.webhook","nodeName":"Webhook","nodeId":"835eee2e-f5a8-41ae-8da8-c411adda2ef3"}}
{"__type":"$$EventMessageConfirm","confirm":"e6a33eb6-325e-499e-9135-1d538bb8154d","ts":"2026-10-07T20:51:29.535-04:00","source":{"id":"0","name":"eventBus"}}
{"__type":"$$EventMessageNode","id":"c0795987-de54-4c9c-9eb4-ba276965b3ef","ts":"2026-10-07T20:51:29.535-04:00","eventName":"n8n.node.started","message":"n8n.node.started","payload":{"workflowId":"PaLPAf3VhFN11mWP","workflowName":"chimueloBot","executionId":"3672","nodeType":"n8n-nodes-base.if","nodeName":"If3","nodeId":"95b56f56-a35e-4d78-8c42-25353df18ded"}}
{"__type":"$$EventMessageConfirm","confirm":"c0795987-de54-4c9c-9eb4-ba276965b3ef","ts":"2026-10-07T20:51:29.535-04:00","source":{"id":"0","name":"eventBus"}}
{"__type":"$$EventMessageNode","id":"48bdfd07-b06c-44d1-ba25-650349a76ce1","ts":"2026-10-07T20:51:29.544-04:00","eventName":"n8n.node.finished","message":"n8n.node.finished","payload":{"workflowId":"PaLPAf3VhFN11mWP","workflowName":"chimueloBot","executionId":"3672","nodeType":"n8n-nodes-base.if","nodeName":"If3","nodeId":"95b56f56-a35e-4d78-8c42-25353df18ded"}}
{"__type":"$$EventMessageConfirm","confirm":"48bdfd07-b06c-44d1-ba25-650349a76ce1","ts":"2026-10-07T20:51:29.544-04:00","source":{"id":"0","name":"eventBus"}}
{"__type":"$$EventMessageNode","id":"6a048e9c-8ec1-486c-8d13-ebf4e9e37bac","ts":"2026-10-07T20:51:29.544-04:00","eventName":"n8n.node.started","message":"n8n.node.started","payload":{"workflowId":"PaLPAf3VhFN11mWP","workflowName":"chimueloBot","executionId":"3672","nodeType":"n8n-nodes-base.if","nodeName":"If","nodeId":"fce468f6-e692-43e8-a90c-29d403eaad22"}}
{"__type":"$$EventMessageConfirm","confirm":"6a048e9c-8ec1-486c-8d13-ebf4e9e37bac","ts":"2026-10-07T20:51:29.544-04:00","source":{"id":"0","name":"eventBus"}}
{"__type":"$$EventMessageNode","id":"8c8327a1-e39e-4b63-80d5-00b93580237c","ts":"2026-10-07T20:51:29.547-04:00","eventName":"n8n.node.finished","message":"n8n.node.finished","payload":{"workflowId":"PaLPAf3VhFN11mWP","workflowName":"chimueloBot","executionId":"3672","nodeType":"n8n-nodes-base.if","nodeName":"If","nodeId":"fce468f6-e692-43e8-a90c-29d403eaad22"}}
{"__type":"$$EventMessageConfirm","confirm":"8c8327a1-e39e-4b63-80d5-00b93580237c","ts":"2026-10-07T20:51:29.547-04:00","source":{"id":"0","name":"eventBus"}}
{"__type":"$$EventMessageNode","id":"bd71d1ce-5c33-4ada-ba89-b205b8b45dc7","ts":"2026-10-07T20:51:29.548-04:00","eventName":"n8n.node.started","message":"n8n.node.started","payload":{"workflowId":"PaLPAf3VhFN11mWP","workflowName":"chimueloBot","executionId":"3672","nodeType":"n8n-nodes-base.if","nodeName":"If1","nodeId":"e019ba3d-6fff-4262-8bed-dfee6e3133d7"}}
{"__type":"$$EventMessageConfirm","confirm":"bd71d1ce-5c33-4ada-ba89-b205b8b45dc7","ts":"2026-10-07T20:51:29.548-04:00","source":{"id":"0","name":"eventBus"}}
{"__type":"$$EventMessageNode","id":"6fba704a-83e7-4187-b882-82e43204ca05","ts":"2026-10-07T20:51:29.550-04:00","eventName":"n8n.node.finished","message":"n8n.node.finished","payload":{"workflowId":"PaLPAf3VhFN11mWP","workflowName":"chimueloBot","executionId":"3672","nodeType":"n8n-nodes-base.if","nodeName":"If1","nodeId":"e019ba3d-6fff-4262-8bed-dfee6e3133d7"}}
{"__type":"$$EventMessageConfirm","confirm":"6fba704a-83e7-4187-b882-82e43204ca05","ts":"2026-10-07T20:51:29.550-04:00","source":{"id":"0","name":"eventBus"}}
{"__type":"$$EventMessageNode","id":"e7f12354-90be-47b4-aca3-bd87c9ff90c6","ts":"2026-10-07T20:51:29.551-04:00","eventName":"n8n.node.started","message":"n8n.node.started","payload":{"workflowId":"PaLPAf3VhFN11mWP","workflowName":"chimueloBot","executionId":"3672","nodeType":"n8n-nodes-base.if","nodeName":"If2","nodeId":"79a91f8d-afeb-4ddc-b6f8-3c9bb45fc216"}}
{"__type":"$$EventMessageConfirm","confirm":"e7f12354-90be-47b4-aca3-bd87c9ff90c6","ts":"2026-10-07T20:51:29.551-04:00","source":{"id":"0","name":"eventBus"}}
{"__type":"$$EventMessageNode","id":"aac17128-4f4e-4a01-8f19-f2be04dc1e29","ts":"2026-10-07T20:51:29.555-04:00","eventName":"n8n.node.finished","message":"n8n.node.finished","payload":{"workflowId":"PaLPAf3VhFN11mWP","workflowName":"chimueloBot","executionId":"3672","nodeType":"n8n-nodes-base.if","nodeName":"If2","nodeId":"79a91f8d-afeb-4ddc-b6f8-3c9bb45fc216"}}
{"__type":"$$EventMessageConfirm","confirm":"aac17128-4f4e-4a01-8f19-f2be04dc1e29","ts":"2026-10-07T20:51:29.555-04:00","source":{"id":"0","name":"eventBus"}}
{"__type":"$$EventMessageWorkflow","id":"62f496e5-a83b-48a4-8de6-766f5f219866","ts":"2026-10-07T20:51:29.555-04:00","eventName":"n8n.workflow.success","message":"n8n.workflow.success","payload":{"executionId":"3672","success":true,"isManual":false,"mode":"webhook","workflowId":"PaLPAf3VhFN11mWP","workflowName":"chimueloBot","projectId":"4cXhCbdLbVUJK3Dd","projectName":"Ramiro De Rogatis <ramirojavierderogatis@hotmail.com>"}}
{"__type":"$$EventMessageConfirm","confirm":"62f496e5-a83b-48a4-8de6-766f5f219866","ts":"2026-10-07T20:51:29.555-04:00","source":{"id":"0","name":"eventBus"}}
{"__type":"$$EventMessageAudit","id":"ba8056c6-206a-4216-bcf0-5e5ea453dc28","ts":"2026-10-07T20:51:30.178-04:00","eventName":"n8n.audit.workflow.executed","message":"n8n.audit.workflow.executed","payload":{"workflowId":"PaLPAf3VhFN11mWP","workflowName":"chimueloBot","executionId":"3673","projectId":"4cXhCbdLbVUJK3Dd","projectName":"Ramiro De Rogatis <ramirojavierderogatis@hotmail.com>","source":"webhook"}}
{"__type":"$$EventMessageConfirm","confirm":"ba8056c6-206a-4216-bcf0-5e5ea453dc28","ts":"2026-10-07T20:51:30.178-04:00","source":{"id":"0","name":"eventBus"}}
{"__type":"$$EventMessageWorkflow","id":"5d6cd70b-3617-4d08-940d-7c9fb63e43f2","ts":"2026-10-07T20:51:30.178-04:00","eventName":"n8n.workflow.started","message":"n8n.workflow.started","payload":{"executionId":"3673","workflowId":"PaLPAf3VhFN11mWP","isManual":false,"mode":"webhook","workflowName":"chimueloBot","projectId":"4cXhCbdLbVUJK3Dd","projectName":"Ramiro De Rogatis <ramirojavierderogatis@hotmail.com>"}}
{"__type":"$$EventMessageConfirm","confirm":"5d6cd70b-3617-4d08-940d-7c9fb63e43f2","ts":"2026-10-07T20:51:30.178-04:00","source":{"id":"0","name":"eventBus"}}
{"__type":"$$EventMessageNode","id":"7abf6a33-03df-4ca3-8750-101709cfddb1","ts":"2026-10-07T20:51:30.179-04:00","eventName":"n8n.node.started","message":"n8n.node.started","payload":{"workflowId":"PaLPAf3VhFN11mWP","workflowName":"chimueloBot","executionId":"3673","nodeType":"n8n-nodes-base.webhook","nodeName":"Webhook","nodeId":"835eee2e-f5a8-41ae-8da8-c411adda2ef3"}}
{"__type":"$$EventMessageConfirm","confirm":"7abf6a33-03df-4ca3-8750-101709cfddb1","ts":"2026-10-07T20:51:30.179-04:00","source":{"id":"0","name":"eventBus"}}
{"__type":"$$EventMessageNode","id":"20a9e738-8445-46fa-b252-b05318191f49","ts":"2026-10-07T20:51:30.179-04:00","eventName":"n8n.node.finished","message":"n8n.node.finished","payload":{"workflowId":"PaLPAf3VhFN11mWP","workflowName":"chimueloBot","executionId":"3673","nodeType":"n8n-nodes-base.webhook","nodeName":"Webhook","nodeId":"835eee2e-f5a8-41ae-8da8-c411adda2ef3"}}
{"__type":"$$EventMessageConfirm","confirm":"20a9e738-8445-46fa-b252-b05318191f49","ts":"2026-10-07T20:51:30.179-04:00","source":{"id":"0","name":"eventBus"}}
{"__type":"$$EventMessageNode","id":"b28718ca-bc78-40fe-8242-0c879a19363a","ts":"2026-10-07T20:51:30.179-04:00","eventName":"n8n.node.started","message":"n8n.node.started","payload":{"workflowId":"PaLPAf3VhFN11mWP","workflowName":"chimueloBot","executionId":"3673","nodeType":"n8n-nodes-base.if","nodeName":"If3","nodeId":"95b56f56-a35e-4d78-8c42-25353df18ded"}}
{"__type":"$$EventMessageConfirm","confirm":"b28718ca-bc78-40fe-8242-0c879a19363a","ts":"2026-10-07T20:51:30.179-04:00","source":{"id":"0","name":"eventBus"}}
{"__type":"$$EventMessageNode","id":"a778154d-96f7-4e37-9704-0a8edc6a3453","ts":"2026-10-07T20:51:30.186-04:00","eventName":"n8n.node.finished","message":"n8n.node.finished","payload":{"workflowId":"PaLPAf3VhFN11mWP","workflowName":"chimueloBot","executionId":"3673","nodeType":"n8n-nodes-base.if","nodeName":"If3","nodeId":"95b56f56-a35e-4d78-8c42-25353df18ded"}}
{"__type":"$$EventMessageConfirm","confirm":"a778154d-96f7-4e37-9704-0a8edc6a3453","ts":"2026-10-07T20:51:30.186-04:00","source":{"id":"0","name":"eventBus"}}
{"__type":"$$EventMessageNode","id":"1ed33f4f-eb94-41e0-b1d7-7985973d5939","ts":"2026-10-07T20:51:30.186-04:00","eventName":"n8n.node.started","message":"n8n.node.started","payload":{"workflowId":"PaLPAf3VhFN11mWP","workflowName":"chimueloBot","executionId":"3673","nodeType":"n8n-nodes-base.if","nodeName":"If","nodeId":"fce468f6-e692-43e8-a90c-29d403eaad22"}}
{"__type":"$$EventMessageConfirm","confirm":"1ed33f4f-eb94-41e0-b1d7-7985973d5939","ts":"2026-10-07T20:51:30.186-04:00","source":{"id":"0","name":"eventBus"}}
{"__type":"$$EventMessageNode","id":"e2c20730-c8c7-4fe5-b730-1b7fa86d30ae","ts":"2026-10-07T20:51:30.189-04:00","eventName":"n8n.node.finished","message":"n8n.node.finished","payload":{"workflowId":"PaLPAf3VhFN11mWP","workflowName":"chimueloBot","executionId":"3673","nodeType":"n8n-nodes-base.if","nodeName":"If","nodeId":"fce468f6-e692-43e8-a90c-29d403eaad22"}}
{"__type":"$$EventMessageConfirm","confirm":"e2c20730-c8c7-4fe5-b730-1b7fa86d30ae","ts":"2026-10-07T20:51:30.189-04:00","source":{"id":"0","name":"eventBus"}}
{"__type":"$$EventMessageNode","id":"1a92c5a7-6b5d-4cd0-8ba1-378f2556bf9a","ts":"2026-10-07T20:51:30.189-04:00","eventName":"n8n.node.started","message":"n8n.node.started","payload":{"workflowId":"PaLPAf3VhFN11mWP","workflowName":"chimueloBot","executionId":"3673","nodeType":"n8n-nodes-base.if","nodeName":"If1","nodeId":"e019ba3d-6fff-4262-8bed-dfee6e3133d7"}}
{"__type":"$$EventMessageConfirm","confirm":"1a92c5a7-6b5d-4cd0-8ba1-378f2556bf9a","ts":"2026-10-07T20:51:30.189-04:00","source":{"id":"0","name":"eventBus"}}
{"__type":"$$EventMessageNode","id":"3b9fbd35-ceda-4310-83d8-527bfac9370a","ts":"2026-10-07T20:51:30.192-04:00","eventName":"n8n.node.finished","message":"n8n.node.finished","payload":{"workflowId":"PaLPAf3VhFN11mWP","workflowName":"chimueloBot","executionId":"3673","nodeType":"n8n-nodes-base.if","nodeName":"If1","nodeId":"e019ba3d-6fff-4262-8bed-dfee6e3133d7"}}
{"__type":"$$EventMessageConfirm","confirm":"3b9fbd35-ceda-4310-83d8-527bfac9370a","ts":"2026-10-07T20:51:30.192-04:00","source":{"id":"0","name":"eventBus"}}
{"__type":"$$EventMessageNode","id":"546d4dd6-c5f9-4d26-9d31-0dd7b61f2175","ts":"2026-10-07T20:51:30.192-04:00","eventName":"n8n.node.started","message":"n8n.node.started","payload":{"workflowId":"PaLPAf3VhFN11mWP","workflowName":"chimueloBot","executionId":"3673","nodeType":"n8n-nodes-base.if","nodeName":"If2","nodeId":"79a91f8d-afeb-4ddc-b6f8-3c9bb45fc216"}}
{"__type":"$$EventMessageConfirm","confirm":"546d4dd6-c5f9-4d26-9d31-0dd7b61f2175","ts":"2026-10-07T20:51:30.192-04:00","source":{"id":"0","name":"eventBus"}}
{"__type":"$$EventMessageNode","id":"3526b3ef-cfe3-473a-9ec6-0fcce8bb8a82","ts":"2026-10-07T20:51:30.195-04:00","eventName":"n8n.node.finished","message":"n8n.node.finished","payload":{"workflowId":"PaLPAf3VhFN11mWP","workflowName":"chimueloBot","executionId":"3673","nodeType":"n8n-nodes-base.if","nodeName":"If2","nodeId":"79a91f8d-afeb-4ddc-b6f8-3c9bb45fc216"}}
{"__type":"$$EventMessageConfirm","confirm":"3526b3ef-cfe3-473a-9ec6-0fcce8bb8a82","ts":"2026-10-07T20:51:30.195-04:00","source":{"id":"0","name":"eventBus"}}
{"__type":"$$EventMessageWorkflow","id":"0cbe82a2-3032-4696-8856-9aa36485a8df","ts":"2026-10-07T20:51:30.196-04:00","eventName":"n8n.workflow.success","message":"n8n.workflow.success","payload":{"executionId":"3673","success":true,"isManual":false,"mode":"webhook","workflowId":"PaLPAf3VhFN11mWP","workflowName":"chimueloBot","projectId":"4cXhCbdLbVUJK3Dd","projectName":"Ramiro De Rogatis <ramirojavierderogatis@hotmail.com>"}}
{"__type":"$$EventMessageConfirm","confirm":"0cbe82a2-3032-4696-8856-9aa36485a8df","ts":"2026-10-07T20:51:30.196-04:00","source":{"id":"0","name":"eventBus"}}
{"__type":"$$EventMessageAudit","id":"d4769327-5f7f-468e-97c3-7825b6e125da","ts":"2026-10-07T20:51:30.828-04:00","eventName":"n8n.audit.workflow.executed","message":"n8n.audit.workflow.executed","payload":{"workflowId":"PaLPAf3VhFN11mWP","workflowName":"chimueloBot","executionId":"3674","projectId":"4cXhCbdLbVUJK3Dd","projectName":"Ramiro De Rogatis <ramirojavierderogatis@hotmail.com>","source":"webhook"}}
{"__type":"$$EventMessageConfirm","confirm":"d4769327-5f7f-468e-97c3-7825b6e125da","ts":"2026-10-07T20:51:30.829-04:00","source":{"id":"0","name":"eventBus"}}
{"__type":"$$EventMessageWorkflow","id":"60e4ac89-410b-4fc5-b98a-9d66e9cdb609","ts":"2026-10-07T20:51:30.829-04:00","eventName":"n8n.workflow.started","message":"n8n.workflow.started","payload":{"executionId":"3674","workflowId":"PaLPAf3VhFN11mWP","isManual":false,"mode":"webhook","workflowName":"chimueloBot","projectId":"4cXhCbdLbVUJK3Dd","projectName":"Ramiro De Rogatis <ramirojavierderogatis@hotmail.com>"}}
{"__type":"$$EventMessageConfirm","confirm":"60e4ac89-410b-4fc5-b98a-9d66e9cdb609","ts":"2026-10-07T20:51:30.829-04:00","source":{"id":"0","name":"eventBus"}}
{"__type":"$$EventMessageNode","id":"4adf8f81-22a0-4f45-ad6c-cbd7e1754d06","ts":"2026-10-07T20:51:30.830-04:00","eventName":"n8n.node.started","message":"n8n.node.started","payload":{"workflowId":"PaLPAf3VhFN11mWP","workflowName":"chimueloBot","executionId":"3674","nodeType":"n8n-nodes-base.webhook","nodeName":"Webhook","nodeId":"835eee2e-f5a8-41ae-8da8-c411adda2ef3"}}
{"__type":"$$EventMessageConfirm","confirm":"4adf8f81-22a0-4f45-ad6c-cbd7e1754d06","ts":"2026-10-07T20:51:30.830-04:00","source":{"id":"0","name":"eventBus"}}
{"__type":"$$EventMessageNode","id":"d51c53c1-03e5-4be9-ab0f-47867b131574","ts":"2026-10-07T20:51:30.830-04:00","eventName":"n8n.node.finished","message":"n8n.node.finished","payload":{"workflowId":"PaLPAf3VhFN11mWP","workflowName":"chimueloBot","executionId":"3674","nodeType":"n8n-nodes-base.webhook","nodeName":"Webhook","nodeId":"835eee2e-f5a8-41ae-8da8-c411adda2ef3"}}
{"__type":"$$EventMessageConfirm","confirm":"d51c53c1-03e5-4be9-ab0f-47867b131574","ts":"2026-10-07T20:51:30.830-04:00","source":{"id":"0","name":"eventBus"}}
{"__type":"$$EventMessageNode","id":"040aa292-8de6-47dc-9881-49f7cf049836","ts":"2026-10-07T20:51:30.831-04:00","eventName":"n8n.node.started","message":"n8n.node.started","payload":{"workflowId":"PaLPAf3VhFN11mWP","workflowName":"chimueloBot","executionId":"3674","nodeType":"n8n-nodes-base.if","nodeName":"If3","nodeId":"95b56f56-a35e-4d78-8c42-25353df18ded"}}
{"__type":"$$EventMessageConfirm","confirm":"040aa292-8de6-47dc-9881-49f7cf049836","ts":"2026-10-07T20:51:30.831-04:00","source":{"id":"0","name":"eventBus"}}
{"__type":"$$EventMessageNode","id":"591c69c6-d28a-4233-a121-ace2ab48a463","ts":"2026-10-07T20:51:30.842-04:00","eventName":"n8n.node.finished","message":"n8n.node.finished","payload":{"workflowId":"PaLPAf3VhFN11mWP","workflowName":"chimueloBot","executionId":"3674","nodeType":"n8n-nodes-base.if","nodeName":"If3","nodeId":"95b56f56-a35e-4d78-8c42-25353df18ded"}}
{"__type":"$$EventMessageConfirm","confirm":"591c69c6-d28a-4233-a121-ace2ab48a463","ts":"2026-10-07T20:51:30.842-04:00","source":{"id":"0","name":"eventBus"}}
{"__type":"$$EventMessageNode","id":"ff1d135f-6576-490d-8029-7f1561aa6d9f","ts":"2026-10-07T20:51:30.842-04:00","eventName":"n8n.node.started","message":"n8n.node.started","payload":{"workflowId":"PaLPAf3VhFN11mWP","workflowName":"chimueloBot","executionId":"3674","nodeType":"n8n-nodes-base.if","nodeName":"If","nodeId":"fce468f6-e692-43e8-a90c-29d403eaad22"}}
{"__type":"$$EventMessageConfirm","confirm":"ff1d135f-6576-490d-8029-7f1561aa6d9f","ts":"2026-10-07T20:51:30.842-04:00","source":{"id":"0","name":"eventBus"}}
{"__type":"$$EventMessageNode","id":"fa14d2f3-96a4-46dc-aef7-bba7aac27a7e","ts":"2026-10-07T20:51:30.846-04:00","eventName":"n8n.node.finished","message":"n8n.node.finished","payload":{"workflowId":"PaLPAf3VhFN11mWP","workflowName":"chimueloBot","executionId":"3674","nodeType":"n8n-nodes-base.if","nodeName":"If","nodeId":"fce468f6-e692-43e8-a90c-29d403eaad22"}}
{"__type":"$$EventMessageConfirm","confirm":"fa14d2f3-96a4-46dc-aef7-bba7aac27a7e","ts":"2026-10-07T20:51:30.846-04:00","source":{"id":"0","name":"eventBus"}}
{"__type":"$$EventMessageNode","id":"739c46a5-999a-454f-aa65-8952fd6f4da5","ts":"2026-10-07T20:51:30.846-04:00","eventName":"n8n.node.started","message":"n8n.node.started","payload":{"workflowId":"PaLPAf3VhFN11mWP","workflowName":"chimueloBot","executionId":"3674","nodeType":"n8n-nodes-base.if","nodeName":"If1","nodeId":"e019ba3d-6fff-4262-8bed-dfee6e3133d7"}}
{"__type":"$$EventMessageConfirm","confirm":"739c46a5-999a-454f-aa65-8952fd6f4da5","ts":"2026-10-07T20:51:30.846-04:00","source":{"id":"0","name":"eventBus"}}
{"__type":"$$EventMessageNode","id":"251292cb-b6be-408d-9a85-ee5fad5693dc","ts":"2026-10-07T20:51:30.851-04:00","eventName":"n8n.node.finished","message":"n8n.node.finished","payload":{"workflowId":"PaLPAf3VhFN11mWP","workflowName":"chimueloBot","executionId":"3674","nodeType":"n8n-nodes-base.if","nodeName":"If1","nodeId":"e019ba3d-6fff-4262-8bed-dfee6e3133d7"}}
{"__type":"$$EventMessageConfirm","confirm":"251292cb-b6be-408d-9a85-ee5fad5693dc","ts":"2026-10-07T20:51:30.851-04:00","source":{"id":"0","name":"eventBus"}}
{"__type":"$$EventMessageNode","id":"05031118-f1ef-4adf-af2b-d1f7d73996b8","ts":"2026-10-07T20:51:30.851-04:00","eventName":"n8n.node.started","message":"n8n.node.started","payload":{"workflowId":"PaLPAf3VhFN11mWP","workflowName":"chimueloBot","executionId":"3674","nodeType":"n8n-nodes-base.if","nodeName":"If2","nodeId":"79a91f8d-afeb-4ddc-b6f8-3c9bb45fc216"}}
{"__type":"$$EventMessageConfirm","confirm":"05031118-f1ef-4adf-af2b-d1f7d73996b8","ts":"2026-10-07T20:51:30.851-04:00","source":{"id":"0","name":"eventBus"}}
{"__type":"$$EventMessageNode","id":"1957d8c7-6bf6-4576-a384-47bea90c4a4d","ts":"2026-10-07T20:51:30.856-04:00","eventName":"n8n.node.finished","message":"n8n.node.finished","payload":{"workflowId":"PaLPAf3VhFN11mWP","workflowName":"chimueloBot","executionId":"3674","nodeType":"n8n-nodes-base.if","nodeName":"If2","nodeId":"79a91f8d-afeb-4ddc-b6f8-3c9bb45fc216"}}
{"__type":"$$EventMessageConfirm","confirm":"1957d8c7-6bf6-4576-a384-47bea90c4a4d","ts":"2026-10-07T20:51:30.856-04:00","source":{"id":"0","name":"eventBus"}}
{"__type":"$$EventMessageWorkflow","id":"40389965-8a83-413d-a620-9e74e44ea9a4","ts":"2026-10-07T20:51:30.856-04:00","eventName":"n8n.workflow.success","message":"n8n.workflow.success","payload":{"executionId":"3674","success":true,"isManual":false,"mode":"webhook","workflowId":"PaLPAf3VhFN11mWP","workflowName":"chimueloBot","projectId":"4cXhCbdLbVUJK3Dd","projectName":"Ramiro De Rogatis <ramirojavierderogatis@hotmail.com>"}}
{"__type":"$$EventMessageConfirm","confirm":"40389965-8a83-413d-a620-9e74e44ea9a4","ts":"2026-10-07T20:51:30.856-04:00","source":{"id":"0","name":"eventBus"}}
{"__type":"$$EventMessageAudit","id":"c3b9baad-9973-4dfe-8e69-c9349ab06ed6","ts":"2026-10-07T20:51:31.445-04:00","eventName":"n8n.audit.workflow.executed","message":"n8n.audit.workflow.executed","payload":{"workflowId":"PaLPAf3VhFN11mWP","workflowName":"chimueloBot","executionId":"3675","projectId":"4cXhCbdLbVUJK3Dd","projectName":"Ramiro De Rogatis <ramirojavierderogatis@hotmail.com>","source":"webhook"}}
{"__type":"$$EventMessageConfirm","confirm":"c3b9baad-9973-4dfe-8e69-c9349ab06ed6","ts":"2026-10-07T20:51:31.446-04:00","source":{"id":"0","name":"eventBus"}}
{"__type":"$$EventMessageWorkflow","id":"ba89878e-6162-4ff5-8d89-314ba78eb96d","ts":"2026-10-07T20:51:31.446-04:00","eventName":"n8n.workflow.started","message":"n8n.workflow.started","payload":{"executionId":"3675","workflowId":"PaLPAf3VhFN11mWP","isManual":false,"mode":"webhook","workflowName":"chimueloBot","projectId":"4cXhCbdLbVUJK3Dd","projectName":"Ramiro De Rogatis <ramirojavierderogatis@hotmail.com>"}}
{"__type":"$$EventMessageConfirm","confirm":"ba89878e-6162-4ff5-8d89-314ba78eb96d","ts":"2026-10-07T20:51:31.446-04:00","source":{"id":"0","name":"eventBus"}}
{"__type":"$$EventMessageNode","id":"696d7830-7041-4e3a-b548-1e098e5fa4e0","ts":"2026-10-07T20:51:31.447-04:00","eventName":"n8n.node.started","message":"n8n.node.started","payload":{"workflowId":"PaLPAf3VhFN11mWP","workflowName":"chimueloBot","executionId":"3675","nodeType":"n8n-nodes-base.webhook","nodeName":"Webhook","nodeId":"835eee2e-f5a8-41ae-8da8-c411adda2ef3"}}
{"__type":"$$EventMessageConfirm","confirm":"696d7830-7041-4e3a-b548-1e098e5fa4e0","ts":"2026-10-07T20:51:31.447-04:00","source":{"id":"0","name":"eventBus"}}
{"__type":"$$EventMessageNode","id":"9ee52c1f-0ebf-4a76-a756-3cd8c58a57d3","ts":"2026-10-07T20:51:31.447-04:00","eventName":"n8n.node.finished","message":"n8n.node.finished","payload":{"workflowId":"PaLPAf3VhFN11mWP","workflowName":"chimueloBot","executionId":"3675","nodeType":"n8n-nodes-base.webhook","nodeName":"Webhook","nodeId":"835eee2e-f5a8-41ae-8da8-c411adda2ef3"}}
{"__type":"$$EventMessageConfirm","confirm":"9ee52c1f-0ebf-4a76-a756-3cd8c58a57d3","ts":"2026-10-07T20:51:31.447-04:00","source":{"id":"0","name":"eventBus"}}
{"__type":"$$EventMessageNode","id":"15422bfc-f9ba-45ec-8a9f-3c614abdcbfe","ts":"2026-10-07T20:51:31.447-04:00","eventName":"n8n.node.started","message":"n8n.node.started","payload":{"workflowId":"PaLPAf3VhFN11mWP","workflowName":"chimueloBot","executionId":"3675","nodeType":"n8n-nodes-base.if","nodeName":"If3","nodeId":"95b56f56-a35e-4d78-8c42-25353df18ded"}}
{"__type":"$$EventMessageConfirm","confirm":"15422bfc-f9ba-45ec-8a9f-3c614abdcbfe","ts":"2026-10-07T20:51:31.447-04:00","source":{"id":"0","name":"eventBus"}}
{"__type":"$$EventMessageNode","id":"0f326fd4-ae86-4c89-a187-23f936ffa912","ts":"2026-10-07T20:51:31.454-04:00","eventName":"n8n.node.finished","message":"n8n.node.finished","payload":{"workflowId":"PaLPAf3VhFN11mWP","workflowName":"chimueloBot","executionId":"3675","nodeType":"n8n-nodes-base.if","nodeName":"If3","nodeId":"95b56f56-a35e-4d78-8c42-25353df18ded"}}
{"__type":"$$EventMessageConfirm","confirm":"0f326fd4-ae86-4c89-a187-23f936ffa912","ts":"2026-10-07T20:51:31.454-04:00","source":{"id":"0","name":"eventBus"}}
{"__type":"$$EventMessageNode","id":"c488ea62-d938-40ef-8de4-a01a3990b036","ts":"2026-10-07T20:51:31.454-04:00","eventName":"n8n.node.started","message":"n8n.node.started","payload":{"workflowId":"PaLPAf3VhFN11mWP","workflowName":"chimueloBot","executionId":"3675","nodeType":"n8n-nodes-base.if","nodeName":"If","nodeId":"fce468f6-e692-43e8-a90c-29d403eaad22"}}
{"__type":"$$EventMessageConfirm","confirm":"c488ea62-d938-40ef-8de4-a01a3990b036","ts":"2026-10-07T20:51:31.454-04:00","source":{"id":"0","name":"eventBus"}}
{"__type":"$$EventMessageNode","id":"ae607383-90be-454a-90b1-81ffee1fb174","ts":"2026-10-07T20:51:31.456-04:00","eventName":"n8n.node.finished","message":"n8n.node.finished","payload":{"workflowId":"PaLPAf3VhFN11mWP","workflowName":"chimueloBot","executionId":"3675","nodeType":"n8n-nodes-base.if","nodeName":"If","nodeId":"fce468f6-e692-43e8-a90c-29d403eaad22"}}
{"__type":"$$EventMessageConfirm","confirm":"ae607383-90be-454a-90b1-81ffee1fb174","ts":"2026-10-07T20:51:31.456-04:00","source":{"id":"0","name":"eventBus"}}
{"__type":"$$EventMessageNode","id":"824f5cc3-5f18-4b66-a4a8-c2f506d60815","ts":"2026-10-07T20:51:31.456-04:00","eventName":"n8n.node.started","message":"n8n.node.started","payload":{"workflowId":"PaLPAf3VhFN11mWP","workflowName":"chimueloBot","executionId":"3675","nodeType":"n8n-nodes-base.if","nodeName":"If1","nodeId":"e019ba3d-6fff-4262-8bed-dfee6e3133d7"}}
{"__type":"$$EventMessageConfirm","confirm":"824f5cc3-5f18-4b66-a4a8-c2f506d60815","ts":"2026-10-07T20:51:31.456-04:00","source":{"id":"0","name":"eventBus"}}
{"__type":"$$EventMessageNode","id":"ea0b34ed-e8f1-4ebd-befd-70067d394e7d","ts":"2026-10-07T20:51:31.458-04:00","eventName":"n8n.node.finished","message":"n8n.node.finished","payload":{"workflowId":"PaLPAf3VhFN11mWP","workflowName":"chimueloBot","executionId":"3675","nodeType":"n8n-nodes-base.if","nodeName":"If1","nodeId":"e019ba3d-6fff-4262-8bed-dfee6e3133d7"}}
{"__type":"$$EventMessageConfirm","confirm":"ea0b34ed-e8f1-4ebd-befd-70067d394e7d","ts":"2026-10-07T20:51:31.458-04:00","source":{"id":"0","name":"eventBus"}}
{"__type":"$$EventMessageNode","id":"1d30087e-9873-46da-ba48-4b5a047ce209","ts":"2026-10-07T20:51:31.458-04:00","eventName":"n8n.node.started","message":"n8n.node.started","payload":{"workflowId":"PaLPAf3VhFN11mWP","workflowName":"chimueloBot","executionId":"3675","nodeType":"n8n-nodes-base.if","nodeName":"If2","nodeId":"79a91f8d-afeb-4ddc-b6f8-3c9bb45fc216"}}
{"__type":"$$EventMessageConfirm","confirm":"1d30087e-9873-46da-ba48-4b5a047ce209","ts":"2026-10-07T20:51:31.459-04:00","source":{"id":"0","name":"eventBus"}}
{"__type":"$$EventMessageNode","id":"54622772-f9e4-4c25-9083-f630d2081362","ts":"2026-10-07T20:51:31.462-04:00","eventName":"n8n.node.finished","message":"n8n.node.finished","payload":{"workflowId":"PaLPAf3VhFN11mWP","workflowName":"chimueloBot","executionId":"3675","nodeType":"n8n-nodes-base.if","nodeName":"If2","nodeId":"79a91f8d-afeb-4ddc-b6f8-3c9bb45fc216"}}
{"__type":"$$EventMessageConfirm","confirm":"54622772-f9e4-4c25-9083-f630d2081362","ts":"2026-10-07T20:51:31.462-04:00","source":{"id":"0","name":"eventBus"}}
{"__type":"$$EventMessageWorkflow","id":"1bde9b37-e7bf-47a4-b132-6ecdabf98131","ts":"2026-10-07T20:51:31.462-04:00","eventName":"n8n.workflow.success","message":"n8n.workflow.success","payload":{"executionId":"3675","success":true,"isManual":false,"mode":"webhook","workflowId":"PaLPAf3VhFN11mWP","workflowName":"chimueloBot","projectId":"4cXhCbdLbVUJK3Dd","projectName":"Ramiro De Rogatis <ramirojavierderogatis@hotmail.com>"}}
{"__type":"$$EventMessageConfirm","confirm":"1bde9b37-e7bf-47a4-b132-6ecdabf98131","ts":"2026-10-07T20:51:31.462-04:00","source":{"id":"0","name":"eventBus"}}
{"__type":"$$EventMessageAudit","id":"5155bcff-462a-45cc-a849-b8ef8486b81f","ts":"2026-10-07T20:51:32.078-04:00","eventName":"n8n.audit.workflow.executed","message":"n8n.audit.workflow.executed","payload":{"workflowId":"PaLPAf3VhFN11mWP","workflowName":"chimueloBot","executionId":"3676","projectId":"4cXhCbdLbVUJK3Dd","projectName":"Ramiro De Rogatis <ramirojavierderogatis@hotmail.com>","source":"webhook"}}
{"__type":"$$EventMessageConfirm","confirm":"5155bcff-462a-45cc-a849-b8ef8486b81f","ts":"2026-10-07T20:51:32.079-04:00","source":{"id":"0","name":"eventBus"}}
{"__type":"$$EventMessageWorkflow","id":"ac999454-f647-470c-9a80-4a166f675b7b","ts":"2026-10-07T20:51:32.079-04:00","eventName":"n8n.workflow.started","message":"n8n.workflow.started","payload":{"executionId":"3676","workflowId":"PaLPAf3VhFN11mWP","isManual":false,"mode":"webhook","workflowName":"chimueloBot","projectId":"4cXhCbdLbVUJK3Dd","projectName":"Ramiro De Rogatis <ramirojavierderogatis@hotmail.com>"}}
{"__type":"$$EventMessageConfirm","confirm":"ac999454-f647-470c-9a80-4a166f675b7b","ts":"2026-10-07T20:51:32.079-04:00","source":{"id":"0","name":"eventBus"}}
{"__type":"$$EventMessageNode","id":"b5b8e9cb-87ce-458c-bd43-ec7284084588","ts":"2026-10-07T20:51:32.080-04:00","eventName":"n8n.node.started","message":"n8n.node.started","payload":{"workflowId":"PaLPAf3VhFN11mWP","workflowName":"chimueloBot","executionId":"3676","nodeType":"n8n-nodes-base.webhook","nodeName":"Webhook","nodeId":"835eee2e-f5a8-41ae-8da8-c411adda2ef3"}}
{"__type":"$$EventMessageConfirm","confirm":"b5b8e9cb-87ce-458c-bd43-ec7284084588","ts":"2026-10-07T20:51:32.080-04:00","source":{"id":"0","name":"eventBus"}}
{"__type":"$$EventMessageNode","id":"17da79e8-0f83-4990-89fc-c30311111ed7","ts":"2026-10-07T20:51:32.080-04:00","eventName":"n8n.node.finished","message":"n8n.node.finished","payload":{"workflowId":"PaLPAf3VhFN11mWP","workflowName":"chimueloBot","executionId":"3676","nodeType":"n8n-nodes-base.webhook","nodeName":"Webhook","nodeId":"835eee2e-f5a8-41ae-8da8-c411adda2ef3"}}
{"__type":"$$EventMessageConfirm","confirm":"17da79e8-0f83-4990-89fc-c30311111ed7","ts":"2026-10-07T20:51:32.080-04:00","source":{"id":"0","name":"eventBus"}}
{"__type":"$$EventMessageNode","id":"dd93e49f-8c5e-43b6-a971-4fe9fc65be96","ts":"2026-10-07T20:51:32.080-04:00","eventName":"n8n.node.started","message":"n8n.node.started","payload":{"workflowId":"PaLPAf3VhFN11mWP","workflowName":"chimueloBot","executionId":"3676","nodeType":"n8n-nodes-base.if","nodeName":"If3","nodeId":"95b56f56-a35e-4d78-8c42-25353df18ded"}}
{"__type":"$$EventMessageConfirm","confirm":"dd93e49f-8c5e-43b6-a971-4fe9fc65be96","ts":"2026-10-07T20:51:32.081-04:00","source":{"id":"0","name":"eventBus"}}
{"__type":"$$EventMessageNode","id":"8688bc9d-7a9f-40bb-b9fc-b985ca5ee8a6","ts":"2026-10-07T20:51:32.087-04:00","eventName":"n8n.node.finished","message":"n8n.node.finished","payload":{"workflowId":"PaLPAf3VhFN11mWP","workflowName":"chimueloBot","executionId":"3676","nodeType":"n8n-nodes-base.if","nodeName":"If3","nodeId":"95b56f56-a35e-4d78-8c42-25353df18ded"}}
{"__type":"$$EventMessageConfirm","confirm":"8688bc9d-7a9f-40bb-b9fc-b985ca5ee8a6","ts":"2026-10-07T20:51:32.087-04:00","source":{"id":"0","name":"eventBus"}}
{"__type":"$$EventMessageNode","id":"e3087dac-01d4-4acd-ab7c-49ed74d64011","ts":"2026-10-07T20:51:32.087-04:00","eventName":"n8n.node.started","message":"n8n.node.started","payload":{"workflowId":"PaLPAf3VhFN11mWP","workflowName":"chimueloBot","executionId":"3676","nodeType":"n8n-nodes-base.if","nodeName":"If","nodeId":"fce468f6-e692-43e8-a90c-29d403eaad22"}}
{"__type":"$$EventMessageConfirm","confirm":"e3087dac-01d4-4acd-ab7c-49ed74d64011","ts":"2026-10-07T20:51:32.087-04:00","source":{"id":"0","name":"eventBus"}}
{"__type":"$$EventMessageNode","id":"14aeebd8-f2d3-4b81-9265-ee6b5970c863","ts":"2026-10-07T20:51:32.089-04:00","eventName":"n8n.node.finished","message":"n8n.node.finished","payload":{"workflowId":"PaLPAf3VhFN11mWP","workflowName":"chimueloBot","executionId":"3676","nodeType":"n8n-nodes-base.if","nodeName":"If","nodeId":"fce468f6-e692-43e8-a90c-29d403eaad22"}}
{"__type":"$$EventMessageConfirm","confirm":"14aeebd8-f2d3-4b81-9265-ee6b5970c863","ts":"2026-10-07T20:51:32.089-04:00","source":{"id":"0","name":"eventBus"}}
{"__type":"$$EventMessageNode","id":"3a0e8a6d-943e-40a6-afb7-3ef3aeb3ec64","ts":"2026-10-07T20:51:32.089-04:00","eventName":"n8n.node.started","message":"n8n.node.started","payload":{"workflowId":"PaLPAf3VhFN11mWP","workflowName":"chimueloBot","executionId":"3676","nodeType":"n8n-nodes-base.if","nodeName":"If1","nodeId":"e019ba3d-6fff-4262-8bed-dfee6e3133d7"}}
{"__type":"$$EventMessageConfirm","confirm":"3a0e8a6d-943e-40a6-afb7-3ef3aeb3ec64","ts":"2026-10-07T20:51:32.089-04:00","source":{"id":"0","name":"eventBus"}}
{"__type":"$$EventMessageNode","id":"aff457b9-c801-483a-b2f4-6555ffc5a8a8","ts":"2026-10-07T20:51:32.093-04:00","eventName":"n8n.node.finished","message":"n8n.node.finished","payload":{"workflowId":"PaLPAf3VhFN11mWP","workflowName":"chimueloBot","executionId":"3676","nodeType":"n8n-nodes-base.if","nodeName":"If1","nodeId":"e019ba3d-6fff-4262-8bed-dfee6e3133d7"}}
{"__type":"$$EventMessageConfirm","confirm":"aff457b9-c801-483a-b2f4-6555ffc5a8a8","ts":"2026-10-07T20:51:32.093-04:00","source":{"id":"0","name":"eventBus"}}
{"__type":"$$EventMessageNode","id":"75e22575-05eb-4569-bddb-d6122536848f","ts":"2026-10-07T20:51:32.093-04:00","eventName":"n8n.node.started","message":"n8n.node.started","payload":{"workflowId":"PaLPAf3VhFN11mWP","workflowName":"chimueloBot","executionId":"3676","nodeType":"n8n-nodes-base.if","nodeName":"If2","nodeId":"79a91f8d-afeb-4ddc-b6f8-3c9bb45fc216"}}
{"__type":"$$EventMessageConfirm","confirm":"75e22575-05eb-4569-bddb-d6122536848f","ts":"2026-10-07T20:51:32.093-04:00","source":{"id":"0","name":"eventBus"}}
{"__type":"$$EventMessageNode","id":"99f3328b-7c6c-48bd-bc76-8dac63856ffc","ts":"2026-10-07T20:51:32.096-04:00","eventName":"n8n.node.finished","message":"n8n.node.finished","payload":{"workflowId":"PaLPAf3VhFN11mWP","workflowName":"chimueloBot","executionId":"3676","nodeType":"n8n-nodes-base.if","nodeName":"If2","nodeId":"79a91f8d-afeb-4ddc-b6f8-3c9bb45fc216"}}
{"__type":"$$EventMessageConfirm","confirm":"99f3328b-7c6c-48bd-bc76-8dac63856ffc","ts":"2026-10-07T20:51:32.096-04:00","source":{"id":"0","name":"eventBus"}}
{"__type":"$$EventMessageWorkflow","id":"d87340da-4c84-4af2-8c51-12d0d2d3a258","ts":"2026-10-07T20:51:32.097-04:00","eventName":"n8n.workflow.success","message":"n8n.workflow.success","payload":{"executionId":"3676","success":true,"isManual":false,"mode":"webhook","workflowId":"PaLPAf3VhFN11mWP","workflowName":"chimueloBot","projectId":"4cXhCbdLbVUJK3Dd","projectName":"Ramiro De Rogatis <ramirojavierderogatis@hotmail.com>"}}
{"__type":"$$EventMessageConfirm","confirm":"d87340da-4c84-4af2-8c51-12d0d2d3a258","ts":"2026-10-07T20:51:32.097-04:00","source":{"id":"0","name":"eventBus"}}
{"__type":"$$EventMessageAudit","id":"11ab07b3-f495-40c6-a91b-d11dee2a2052","ts":"2026-10-07T20:51:32.747-04:00","eventName":"n8n.audit.workflow.executed","message":"n8n.audit.workflow.executed","payload":{"workflowId":"PaLPAf3VhFN11mWP","workflowName":"chimueloBot","executionId":"3677","projectId":"4cXhCbdLbVUJK3Dd","projectName":"Ramiro De Rogatis <ramirojavierderogatis@hotmail.com>","source":"webhook"}}
{"__type":"$$EventMessageConfirm","confirm":"11ab07b3-f495-40c6-a91b-d11dee2a2052","ts":"2026-10-07T20:51:32.747-04:00","source":{"id":"0","name":"eventBus"}}
{"__type":"$$EventMessageWorkflow","id":"e9f9827b-5bee-422b-ae46-1714276c2a80","ts":"2026-10-07T20:51:32.748-04:00","eventName":"n8n.workflow.started","message":"n8n.workflow.started","payload":{"executionId":"3677","workflowId":"PaLPAf3VhFN11mWP","isManual":false,"mode":"webhook","workflowName":"chimueloBot","projectId":"4cXhCbdLbVUJK3Dd","projectName":"Ramiro De Rogatis <ramirojavierderogatis@hotmail.com>"}}
{"__type":"$$EventMessageConfirm","confirm":"e9f9827b-5bee-422b-ae46-1714276c2a80","ts":"2026-10-07T20:51:32.748-04:00","source":{"id":"0","name":"eventBus"}}
{"__type":"$$EventMessageNode","id":"a2e8c7db-1014-48a9-b497-43fa9638caf6","ts":"2026-10-07T20:51:32.748-04:00","eventName":"n8n.node.started","message":"n8n.node.started","payload":{"workflowId":"PaLPAf3VhFN11mWP","workflowName":"chimueloBot","executionId":"3677","nodeType":"n8n-nodes-base.webhook","nodeName":"Webhook","nodeId":"835eee2e-f5a8-41ae-8da8-c411adda2ef3"}}
{"__type":"$$EventMessageConfirm","confirm":"a2e8c7db-1014-48a9-b497-43fa9638caf6","ts":"2026-10-07T20:51:32.748-04:00","source":{"id":"0","name":"eventBus"}}
{"__type":"$$EventMessageNode","id":"5a71960d-0444-4950-b6d7-372f923d2e25","ts":"2026-10-07T20:51:32.749-04:00","eventName":"n8n.node.finished","message":"n8n.node.finished","payload":{"workflowId":"PaLPAf3VhFN11mWP","workflowName":"chimueloBot","executionId":"3677","nodeType":"n8n-nodes-base.webhook","nodeName":"Webhook","nodeId":"835eee2e-f5a8-41ae-8da8-c411adda2ef3"}}
{"__type":"$$EventMessageConfirm","confirm":"5a71960d-0444-4950-b6d7-372f923d2e25","ts":"2026-10-07T20:51:32.749-04:00","source":{"id":"0","name":"eventBus"}}
{"__type":"$$EventMessageNode","id":"f111b5ca-6663-4b3b-9e93-edf4a7ebaafe","ts":"2026-10-07T20:51:32.749-04:00","eventName":"n8n.node.started","message":"n8n.node.started","payload":{"workflowId":"PaLPAf3VhFN11mWP","workflowName":"chimueloBot","executionId":"3677","nodeType":"n8n-nodes-base.if","nodeName":"If3","nodeId":"95b56f56-a35e-4d78-8c42-25353df18ded"}}
{"__type":"$$EventMessageConfirm","confirm":"f111b5ca-6663-4b3b-9e93-edf4a7ebaafe","ts":"2026-10-07T20:51:32.749-04:00","source":{"id":"0","name":"eventBus"}}
{"__type":"$$EventMessageNode","id":"cd1d4075-7fdd-4e54-adde-9c890fa38db9","ts":"2026-10-07T20:51:32.757-04:00","eventName":"n8n.node.finished","message":"n8n.node.finished","payload":{"workflowId":"PaLPAf3VhFN11mWP","workflowName":"chimueloBot","executionId":"3677","nodeType":"n8n-nodes-base.if","nodeName":"If3","nodeId":"95b56f56-a35e-4d78-8c42-25353df18ded"}}
{"__type":"$$EventMessageConfirm","confirm":"cd1d4075-7fdd-4e54-adde-9c890fa38db9","ts":"2026-10-07T20:51:32.757-04:00","source":{"id":"0","name":"eventBus"}}
{"__type":"$$EventMessageNode","id":"dfb621a1-4951-4f0e-90c2-4a7ad4d67007","ts":"2026-10-07T20:51:32.757-04:00","eventName":"n8n.node.started","message":"n8n.node.started","payload":{"workflowId":"PaLPAf3VhFN11mWP","workflowName":"chimueloBot","executionId":"3677","nodeType":"n8n-nodes-base.if","nodeName":"If","nodeId":"fce468f6-e692-43e8-a90c-29d403eaad22"}}
{"__type":"$$EventMessageConfirm","confirm":"dfb621a1-4951-4f0e-90c2-4a7ad4d67007","ts":"2026-10-07T20:51:32.757-04:00","source":{"id":"0","name":"eventBus"}}
{"__type":"$$EventMessageNode","id":"69fda0bd-0c98-4420-9280-64ecf8a90beb","ts":"2026-10-07T20:51:32.760-04:00","eventName":"n8n.node.finished","message":"n8n.node.finished","payload":{"workflowId":"PaLPAf3VhFN11mWP","workflowName":"chimueloBot","executionId":"3677","nodeType":"n8n-nodes-base.if","nodeName":"If","nodeId":"fce468f6-e692-43e8-a90c-29d403eaad22"}}
{"__type":"$$EventMessageConfirm","confirm":"69fda0bd-0c98-4420-9280-64ecf8a90beb","ts":"2026-10-07T20:51:32.760-04:00","source":{"id":"0","name":"eventBus"}}
{"__type":"$$EventMessageNode","id":"d77bfc5b-d03d-4d20-ba47-511e8ba9a9bd","ts":"2026-10-07T20:51:32.761-04:00","eventName":"n8n.node.started","message":"n8n.node.started","payload":{"workflowId":"PaLPAf3VhFN11mWP","workflowName":"chimueloBot","executionId":"3677","nodeType":"n8n-nodes-base.if","nodeName":"If1","nodeId":"e019ba3d-6fff-4262-8bed-dfee6e3133d7"}}
{"__type":"$$EventMessageConfirm","confirm":"d77bfc5b-d03d-4d20-ba47-511e8ba9a9bd","ts":"2026-10-07T20:51:32.761-04:00","source":{"id":"0","name":"eventBus"}}
{"__type":"$$EventMessageNode","id":"09281b13-1e55-4414-a0c8-df101a978bf1","ts":"2026-10-07T20:51:32.762-04:00","eventName":"n8n.node.finished","message":"n8n.node.finished","payload":{"workflowId":"PaLPAf3VhFN11mWP","workflowName":"chimueloBot","executionId":"3677","nodeType":"n8n-nodes-base.if","nodeName":"If1","nodeId":"e019ba3d-6fff-4262-8bed-dfee6e3133d7"}}
{"__type":"$$EventMessageConfirm","confirm":"09281b13-1e55-4414-a0c8-df101a978bf1","ts":"2026-10-07T20:51:32.763-04:00","source":{"id":"0","name":"eventBus"}}
{"__type":"$$EventMessageNode","id":"3a777e24-959c-423f-a98e-d64074049b0d","ts":"2026-10-07T20:51:32.763-04:00","eventName":"n8n.node.started","message":"n8n.node.started","payload":{"workflowId":"PaLPAf3VhFN11mWP","workflowName":"chimueloBot","executionId":"3677","nodeType":"n8n-nodes-base.if","nodeName":"If2","nodeId":"79a91f8d-afeb-4ddc-b6f8-3c9bb45fc216"}}
{"__type":"$$EventMessageConfirm","confirm":"3a777e24-959c-423f-a98e-d64074049b0d","ts":"2026-10-07T20:51:32.763-04:00","source":{"id":"0","name":"eventBus"}}
{"__type":"$$EventMessageNode","id":"dd560866-4560-40c6-b241-27eb56f2b4f3","ts":"2026-10-07T20:51:32.766-04:00","eventName":"n8n.node.finished","message":"n8n.node.finished","payload":{"workflowId":"PaLPAf3VhFN11mWP","workflowName":"chimueloBot","executionId":"3677","nodeType":"n8n-nodes-base.if","nodeName":"If2","nodeId":"79a91f8d-afeb-4ddc-b6f8-3c9bb45fc216"}}
{"__type":"$$EventMessageConfirm","confirm":"dd560866-4560-40c6-b241-27eb56f2b4f3","ts":"2026-10-07T20:51:32.766-04:00","source":{"id":"0","name":"eventBus"}}
{"__type":"$$EventMessageWorkflow","id":"8228ffe3-4b9b-4bd4-bb01-f6f763cde7ab","ts":"2026-10-07T20:51:32.766-04:00","eventName":"n8n.workflow.success","message":"n8n.workflow.success","payload":{"executionId":"3677","success":true,"isManual":false,"mode":"webhook","workflowId":"PaLPAf3VhFN11mWP","workflowName":"chimueloBot","projectId":"4cXhCbdLbVUJK3Dd","projectName":"Ramiro De Rogatis <ramirojavierderogatis@hotmail.com>"}}
{"__type":"$$EventMessageConfirm","confirm":"8228ffe3-4b9b-4bd4-bb01-f6f763cde7ab","ts":"2026-10-07T20:51:32.766-04:00","source":{"id":"0","name":"eventBus"}}
{"__type":"$$EventMessageAudit","id":"2437f41c-b19c-4236-aae8-088eeacb4a4c","ts":"2026-10-07T20:51:33.677-04:00","eventName":"n8n.audit.workflow.executed","message":"n8n.audit.workflow.executed","payload":{"workflowId":"PaLPAf3VhFN11mWP","workflowName":"chimueloBot","executionId":"3678","projectId":"4cXhCbdLbVUJK3Dd","projectName":"Ramiro De Rogatis <ramirojavierderogatis@hotmail.com>","source":"webhook"}}
{"__type":"$$EventMessageConfirm","confirm":"2437f41c-b19c-4236-aae8-088eeacb4a4c","ts":"2026-10-07T20:51:33.677-04:00","source":{"id":"0","name":"eventBus"}}
{"__type":"$$EventMessageWorkflow","id":"dc2734a1-aac6-4755-8ce4-5d8892288e1c","ts":"2026-10-07T20:51:33.677-04:00","eventName":"n8n.workflow.started","message":"n8n.workflow.started","payload":{"executionId":"3678","workflowId":"PaLPAf3VhFN11mWP","isManual":false,"mode":"webhook","workflowName":"chimueloBot","projectId":"4cXhCbdLbVUJK3Dd","projectName":"Ramiro De Rogatis <ramirojavierderogatis@hotmail.com>"}}
{"__type":"$$EventMessageConfirm","confirm":"dc2734a1-aac6-4755-8ce4-5d8892288e1c","ts":"2026-10-07T20:51:33.677-04:00","source":{"id":"0","name":"eventBus"}}
{"__type":"$$EventMessageNode","id":"4ad9d4ec-c522-44b6-8c32-064c102843a8","ts":"2026-10-07T20:51:33.678-04:00","eventName":"n8n.node.started","message":"n8n.node.started","payload":{"workflowId":"PaLPAf3VhFN11mWP","workflowName":"chimueloBot","executionId":"3678","nodeType":"n8n-nodes-base.webhook","nodeName":"Webhook","nodeId":"835eee2e-f5a8-41ae-8da8-c411adda2ef3"}}
{"__type":"$$EventMessageConfirm","confirm":"4ad9d4ec-c522-44b6-8c32-064c102843a8","ts":"2026-10-07T20:51:33.678-04:00","source":{"id":"0","name":"eventBus"}}
{"__type":"$$EventMessageNode","id":"99cbb2f2-5a45-42f2-b51c-75c10656b2b4","ts":"2026-10-07T20:51:33.678-04:00","eventName":"n8n.node.finished","message":"n8n.node.finished","payload":{"workflowId":"PaLPAf3VhFN11mWP","workflowName":"chimueloBot","executionId":"3678","nodeType":"n8n-nodes-base.webhook","nodeName":"Webhook","nodeId":"835eee2e-f5a8-41ae-8da8-c411adda2ef3"}}
{"__type":"$$EventMessageConfirm","confirm":"99cbb2f2-5a45-42f2-b51c-75c10656b2b4","ts":"2026-10-07T20:51:33.678-04:00","source":{"id":"0","name":"eventBus"}}
{"__type":"$$EventMessageNode","id":"fc6ff0de-94ee-4ef4-a57b-6dec842140f6","ts":"2026-10-07T20:51:33.679-04:00","eventName":"n8n.node.started","message":"n8n.node.started","payload":{"workflowId":"PaLPAf3VhFN11mWP","workflowName":"chimueloBot","executionId":"3678","nodeType":"n8n-nodes-base.if","nodeName":"If3","nodeId":"95b56f56-a35e-4d78-8c42-25353df18ded"}}
{"__type":"$$EventMessageConfirm","confirm":"fc6ff0de-94ee-4ef4-a57b-6dec842140f6","ts":"2026-10-07T20:51:33.679-04:00","source":{"id":"0","name":"eventBus"}}
{"__type":"$$EventMessageNode","id":"b13dbb85-a2fb-4ba9-8262-4c82f8a55b47","ts":"2026-10-07T20:51:33.688-04:00","eventName":"n8n.node.finished","message":"n8n.node.finished","payload":{"workflowId":"PaLPAf3VhFN11mWP","workflowName":"chimueloBot","executionId":"3678","nodeType":"n8n-nodes-base.if","nodeName":"If3","nodeId":"95b56f56-a35e-4d78-8c42-25353df18ded"}}
{"__type":"$$EventMessageConfirm","confirm":"b13dbb85-a2fb-4ba9-8262-4c82f8a55b47","ts":"2026-10-07T20:51:33.688-04:00","source":{"id":"0","name":"eventBus"}}
{"__type":"$$EventMessageNode","id":"fc09eec3-6e1f-438b-9cd6-b60f3e86972f","ts":"2026-10-07T20:51:33.688-04:00","eventName":"n8n.node.started","message":"n8n.node.started","payload":{"workflowId":"PaLPAf3VhFN11mWP","workflowName":"chimueloBot","executionId":"3678","nodeType":"n8n-nodes-base.if","nodeName":"If","nodeId":"fce468f6-e692-43e8-a90c-29d403eaad22"}}
{"__type":"$$EventMessageConfirm","confirm":"fc09eec3-6e1f-438b-9cd6-b60f3e86972f","ts":"2026-10-07T20:51:33.688-04:00","source":{"id":"0","name":"eventBus"}}
{"__type":"$$EventMessageNode","id":"a3180599-d09e-4dc9-959e-1a57a5624370","ts":"2026-10-07T20:51:33.690-04:00","eventName":"n8n.node.finished","message":"n8n.node.finished","payload":{"workflowId":"PaLPAf3VhFN11mWP","workflowName":"chimueloBot","executionId":"3678","nodeType":"n8n-nodes-base.if","nodeName":"If","nodeId":"fce468f6-e692-43e8-a90c-29d403eaad22"}}
{"__type":"$$EventMessageConfirm","confirm":"a3180599-d09e-4dc9-959e-1a57a5624370","ts":"2026-10-07T20:51:33.690-04:00","source":{"id":"0","name":"eventBus"}}
{"__type":"$$EventMessageNode","id":"5a55f1a8-0325-4554-8796-93025e4bb2de","ts":"2026-10-07T20:51:33.690-04:00","eventName":"n8n.node.started","message":"n8n.node.started","payload":{"workflowId":"PaLPAf3VhFN11mWP","workflowName":"chimueloBot","executionId":"3678","nodeType":"n8n-nodes-base.if","nodeName":"If1","nodeId":"e019ba3d-6fff-4262-8bed-dfee6e3133d7"}}
{"__type":"$$EventMessageConfirm","confirm":"5a55f1a8-0325-4554-8796-93025e4bb2de","ts":"2026-10-07T20:51:33.691-04:00","source":{"id":"0","name":"eventBus"}}
{"__type":"$$EventMessageNode","id":"0525df07-e014-4504-bd7a-abf4204e0a05","ts":"2026-10-07T20:51:33.693-04:00","eventName":"n8n.node.finished","message":"n8n.node.finished","payload":{"workflowId":"PaLPAf3VhFN11mWP","workflowName":"chimueloBot","executionId":"3678","nodeType":"n8n-nodes-base.if","nodeName":"If1","nodeId":"e019ba3d-6fff-4262-8bed-dfee6e3133d7"}}
{"__type":"$$EventMessageConfirm","confirm":"0525df07-e014-4504-bd7a-abf4204e0a05","ts":"2026-10-07T20:51:33.693-04:00","source":{"id":"0","name":"eventBus"}}
{"__type":"$$EventMessageNode","id":"c337dbe3-2b8a-4f61-8de9-97faf8e1881e","ts":"2026-10-07T20:51:33.693-04:00","eventName":"n8n.node.started","message":"n8n.node.started","payload":{"workflowId":"PaLPAf3VhFN11mWP","workflowName":"chimueloBot","executionId":"3678","nodeType":"n8n-nodes-base.if","nodeName":"If2","nodeId":"79a91f8d-afeb-4ddc-b6f8-3c9bb45fc216"}}
{"__type":"$$EventMessageConfirm","confirm":"c337dbe3-2b8a-4f61-8de9-97faf8e1881e","ts":"2026-10-07T20:51:33.693-04:00","source":{"id":"0","name":"eventBus"}}
{"__type":"$$EventMessageNode","id":"6a526ab1-6323-4233-b868-b907798cfc7d","ts":"2026-10-07T20:51:33.696-04:00","eventName":"n8n.node.finished","message":"n8n.node.finished","payload":{"workflowId":"PaLPAf3VhFN11mWP","workflowName":"chimueloBot","executionId":"3678","nodeType":"n8n-nodes-base.if","nodeName":"If2","nodeId":"79a91f8d-afeb-4ddc-b6f8-3c9bb45fc216"}}
{"__type":"$$EventMessageConfirm","confirm":"6a526ab1-6323-4233-b868-b907798cfc7d","ts":"2026-10-07T20:51:33.696-04:00","source":{"id":"0","name":"eventBus"}}
{"__type":"$$EventMessageWorkflow","id":"b95d8069-6f56-41af-935a-8bdad00662af","ts":"2026-10-07T20:51:33.697-04:00","eventName":"n8n.workflow.success","message":"n8n.workflow.success","payload":{"executionId":"3678","success":true,"isManual":false,"mode":"webhook","workflowId":"PaLPAf3VhFN11mWP","workflowName":"chimueloBot","projectId":"4cXhCbdLbVUJK3Dd","projectName":"Ramiro De Rogatis <ramirojavierderogatis@hotmail.com>"}}
{"__type":"$$EventMessageConfirm","confirm":"b95d8069-6f56-41af-935a-8bdad00662af","ts":"2026-10-07T20:51:33.697-04:00","source":{"id":"0","name":"eventBus"}}
{"__type":"$$EventMessageAudit","id":"d79fb675-98f7-434e-be53-edff1221a778","ts":"2026-10-07T20:51:34.463-04:00","eventName":"n8n.audit.workflow.executed","message":"n8n.audit.workflow.executed","payload":{"workflowId":"PaLPAf3VhFN11mWP","workflowName":"chimueloBot","executionId":"3679","projectId":"4cXhCbdLbVUJK3Dd","projectName":"Ramiro De Rogatis <ramirojavierderogatis@hotmail.com>","source":"webhook"}}
{"__type":"$$EventMessageConfirm","confirm":"d79fb675-98f7-434e-be53-edff1221a778","ts":"2026-10-07T20:51:34.463-04:00","source":{"id":"0","name":"eventBus"}}
{"__type":"$$EventMessageWorkflow","id":"ce6a542e-7bec-4b8f-a2ab-fa02bf14b46b","ts":"2026-10-07T20:51:34.463-04:00","eventName":"n8n.workflow.started","message":"n8n.workflow.started","payload":{"executionId":"3679","workflowId":"PaLPAf3VhFN11mWP","isManual":false,"mode":"webhook","workflowName":"chimueloBot","projectId":"4cXhCbdLbVUJK3Dd","projectName":"Ramiro De Rogatis <ramirojavierderogatis@hotmail.com>"}}
{"__type":"$$EventMessageConfirm","confirm":"ce6a542e-7bec-4b8f-a2ab-fa02bf14b46b","ts":"2026-10-07T20:51:34.463-04:00","source":{"id":"0","name":"eventBus"}}
{"__type":"$$EventMessageNode","id":"627d81de-629a-464d-80c2-5b67ee547c7e","ts":"2026-10-07T20:51:34.464-04:00","eventName":"n8n.node.started","message":"n8n.node.started","payload":{"workflowId":"PaLPAf3VhFN11mWP","workflowName":"chimueloBot","executionId":"3679","nodeType":"n8n-nodes-base.webhook","nodeName":"Webhook","nodeId":"835eee2e-f5a8-41ae-8da8-c411adda2ef3"}}
{"__type":"$$EventMessageConfirm","confirm":"627d81de-629a-464d-80c2-5b67ee547c7e","ts":"2026-10-07T20:51:34.464-04:00","source":{"id":"0","name":"eventBus"}}
{"__type":"$$EventMessageNode","id":"9cdab2f6-6bfc-4094-aae2-90151a67e480","ts":"2026-10-07T20:51:34.464-04:00","eventName":"n8n.node.finished","message":"n8n.node.finished","payload":{"workflowId":"PaLPAf3VhFN11mWP","workflowName":"chimueloBot","executionId":"3679","nodeType":"n8n-nodes-base.webhook","nodeName":"Webhook","nodeId":"835eee2e-f5a8-41ae-8da8-c411adda2ef3"}}
{"__type":"$$EventMessageConfirm","confirm":"9cdab2f6-6bfc-4094-aae2-90151a67e480","ts":"2026-10-07T20:51:34.464-04:00","source":{"id":"0","name":"eventBus"}}
{"__type":"$$EventMessageNode","id":"bbeded9a-0769-4b08-a6a0-af7e9369c625","ts":"2026-10-07T20:51:34.464-04:00","eventName":"n8n.node.started","message":"n8n.node.started","payload":{"workflowId":"PaLPAf3VhFN11mWP","workflowName":"chimueloBot","executionId":"3679","nodeType":"n8n-nodes-base.if","nodeName":"If3","nodeId":"95b56f56-a35e-4d78-8c42-25353df18ded"}}
{"__type":"$$EventMessageConfirm","confirm":"bbeded9a-0769-4b08-a6a0-af7e9369c625","ts":"2026-10-07T20:51:34.464-04:00","source":{"id":"0","name":"eventBus"}}
{"__type":"$$EventMessageNode","id":"a5b76d6e-d774-4317-a52f-03d6647f0df9","ts":"2026-10-07T20:51:34.471-04:00","eventName":"n8n.node.finished","message":"n8n.node.finished","payload":{"workflowId":"PaLPAf3VhFN11mWP","workflowName":"chimueloBot","executionId":"3679","nodeType":"n8n-nodes-base.if","nodeName":"If3","nodeId":"95b56f56-a35e-4d78-8c42-25353df18ded"}}
{"__type":"$$EventMessageConfirm","confirm":"a5b76d6e-d774-4317-a52f-03d6647f0df9","ts":"2026-10-07T20:51:34.471-04:00","source":{"id":"0","name":"eventBus"}}
{"__type":"$$EventMessageNode","id":"ee9b115a-c15b-4d14-bd92-52b3062c0c5d","ts":"2026-10-07T20:51:34.472-04:00","eventName":"n8n.node.started","message":"n8n.node.started","payload":{"workflowId":"PaLPAf3VhFN11mWP","workflowName":"chimueloBot","executionId":"3679","nodeType":"n8n-nodes-base.if","nodeName":"If","nodeId":"fce468f6-e692-43e8-a90c-29d403eaad22"}}
{"__type":"$$EventMessageConfirm","confirm":"ee9b115a-c15b-4d14-bd92-52b3062c0c5d","ts":"2026-10-07T20:51:34.472-04:00","source":{"id":"0","name":"eventBus"}}
{"__type":"$$EventMessageNode","id":"694ffa27-cbb8-493c-93a3-5b756296c335","ts":"2026-10-07T20:51:34.473-04:00","eventName":"n8n.node.finished","message":"n8n.node.finished","payload":{"workflowId":"PaLPAf3VhFN11mWP","workflowName":"chimueloBot","executionId":"3679","nodeType":"n8n-nodes-base.if","nodeName":"If","nodeId":"fce468f6-e692-43e8-a90c-29d403eaad22"}}
{"__type":"$$EventMessageConfirm","confirm":"694ffa27-cbb8-493c-93a3-5b756296c335","ts":"2026-10-07T20:51:34.474-04:00","source":{"id":"0","name":"eventBus"}}
{"__type":"$$EventMessageNode","id":"bfad8030-0fa0-4ae0-9260-c7f793808fe8","ts":"2026-10-07T20:51:34.474-04:00","eventName":"n8n.node.started","message":"n8n.node.started","payload":{"workflowId":"PaLPAf3VhFN11mWP","workflowName":"chimueloBot","executionId":"3679","nodeType":"n8n-nodes-base.if","nodeName":"If1","nodeId":"e019ba3d-6fff-4262-8bed-dfee6e3133d7"}}
{"__type":"$$EventMessageConfirm","confirm":"bfad8030-0fa0-4ae0-9260-c7f793808fe8","ts":"2026-10-07T20:51:34.474-04:00","source":{"id":"0","name":"eventBus"}}
{"__type":"$$EventMessageNode","id":"09514e31-27cc-4bc1-82c7-b462ea094cc0","ts":"2026-10-07T20:51:34.476-04:00","eventName":"n8n.node.finished","message":"n8n.node.finished","payload":{"workflowId":"PaLPAf3VhFN11mWP","workflowName":"chimueloBot","executionId":"3679","nodeType":"n8n-nodes-base.if","nodeName":"If1","nodeId":"e019ba3d-6fff-4262-8bed-dfee6e3133d7"}}
{"__type":"$$EventMessageConfirm","confirm":"09514e31-27cc-4bc1-82c7-b462ea094cc0","ts":"2026-10-07T20:51:34.476-04:00","source":{"id":"0","name":"eventBus"}}
{"__type":"$$EventMessageNode","id":"daa67d0f-54bf-4e6f-9735-e774f6f99069","ts":"2026-10-07T20:51:34.476-04:00","eventName":"n8n.node.started","message":"n8n.node.started","payload":{"workflowId":"PaLPAf3VhFN11mWP","workflowName":"chimueloBot","executionId":"3679","nodeType":"n8n-nodes-base.if","nodeName":"If2","nodeId":"79a91f8d-afeb-4ddc-b6f8-3c9bb45fc216"}}
{"__type":"$$EventMessageConfirm","confirm":"daa67d0f-54bf-4e6f-9735-e774f6f99069","ts":"2026-10-07T20:51:34.476-04:00","source":{"id":"0","name":"eventBus"}}
{"__type":"$$EventMessageNode","id":"890da7eb-52fc-40b3-bf6d-4fa4bcc119f5","ts":"2026-10-07T20:51:34.479-04:00","eventName":"n8n.node.finished","message":"n8n.node.finished","payload":{"workflowId":"PaLPAf3VhFN11mWP","workflowName":"chimueloBot","executionId":"3679","nodeType":"n8n-nodes-base.if","nodeName":"If2","nodeId":"79a91f8d-afeb-4ddc-b6f8-3c9bb45fc216"}}
{"__type":"$$EventMessageConfirm","confirm":"890da7eb-52fc-40b3-bf6d-4fa4bcc119f5","ts":"2026-10-07T20:51:34.479-04:00","source":{"id":"0","name":"eventBus"}}
{"__type":"$$EventMessageWorkflow","id":"b0d04475-2722-4b57-b111-0f97f78ca102","ts":"2026-10-07T20:51:34.480-04:00","eventName":"n8n.workflow.success","message":"n8n.workflow.success","payload":{"executionId":"3679","success":true,"isManual":false,"mode":"webhook","workflowId":"PaLPAf3VhFN11mWP","workflowName":"chimueloBot","projectId":"4cXhCbdLbVUJK3Dd","projectName":"Ramiro De Rogatis <ramirojavierderogatis@hotmail.com>"}}
{"__type":"$$EventMessageConfirm","confirm":"b0d04475-2722-4b57-b111-0f97f78ca102","ts":"2026-10-07T20:51:34.480-04:00","source":{"id":"0","name":"eventBus"}}
{"__type":"$$EventMessageAudit","id":"609c7dc2-a5ec-4cab-867a-5568c55682ce","ts":"2026-10-07T20:51:35.079-04:00","eventName":"n8n.audit.workflow.executed","message":"n8n.audit.workflow.executed","payload":{"workflowId":"PaLPAf3VhFN11mWP","workflowName":"chimueloBot","executionId":"3680","projectId":"4cXhCbdLbVUJK3Dd","projectName":"Ramiro De Rogatis <ramirojavierderogatis@hotmail.com>","source":"webhook"}}
{"__type":"$$EventMessageConfirm","confirm":"609c7dc2-a5ec-4cab-867a-5568c55682ce","ts":"2026-10-07T20:51:35.079-04:00","source":{"id":"0","name":"eventBus"}}
{"__type":"$$EventMessageWorkflow","id":"17e67c07-dac2-4cb5-bf46-83a706ec1648","ts":"2026-10-07T20:51:35.079-04:00","eventName":"n8n.workflow.started","message":"n8n.workflow.started","payload":{"executionId":"3680","workflowId":"PaLPAf3VhFN11mWP","isManual":false,"mode":"webhook","workflowName":"chimueloBot","projectId":"4cXhCbdLbVUJK3Dd","projectName":"Ramiro De Rogatis <ramirojavierderogatis@hotmail.com>"}}
{"__type":"$$EventMessageConfirm","confirm":"17e67c07-dac2-4cb5-bf46-83a706ec1648","ts":"2026-10-07T20:51:35.079-04:00","source":{"id":"0","name":"eventBus"}}
{"__type":"$$EventMessageNode","id":"ec750ed0-007e-4bb3-882e-7246b9ac4681","ts":"2026-10-07T20:51:35.080-04:00","eventName":"n8n.node.started","message":"n8n.node.started","payload":{"workflowId":"PaLPAf3VhFN11mWP","workflowName":"chimueloBot","executionId":"3680","nodeType":"n8n-nodes-base.webhook","nodeName":"Webhook","nodeId":"835eee2e-f5a8-41ae-8da8-c411adda2ef3"}}
{"__type":"$$EventMessageConfirm","confirm":"ec750ed0-007e-4bb3-882e-7246b9ac4681","ts":"2026-10-07T20:51:35.080-04:00","source":{"id":"0","name":"eventBus"}}
{"__type":"$$EventMessageNode","id":"187e6743-977f-4ad9-89c4-ef179cd4d901","ts":"2026-10-07T20:51:35.080-04:00","eventName":"n8n.node.finished","message":"n8n.node.finished","payload":{"workflowId":"PaLPAf3VhFN11mWP","workflowName":"chimueloBot","executionId":"3680","nodeType":"n8n-nodes-base.webhook","nodeName":"Webhook","nodeId":"835eee2e-f5a8-41ae-8da8-c411adda2ef3"}}
{"__type":"$$EventMessageConfirm","confirm":"187e6743-977f-4ad9-89c4-ef179cd4d901","ts":"2026-10-07T20:51:35.080-04:00","source":{"id":"0","name":"eventBus"}}
{"__type":"$$EventMessageNode","id":"91bf9a28-3089-40f9-b7b2-2c5c7f55531f","ts":"2026-10-07T20:51:35.080-04:00","eventName":"n8n.node.started","message":"n8n.node.started","payload":{"workflowId":"PaLPAf3VhFN11mWP","workflowName":"chimueloBot","executionId":"3680","nodeType":"n8n-nodes-base.if","nodeName":"If3","nodeId":"95b56f56-a35e-4d78-8c42-25353df18ded"}}
{"__type":"$$EventMessageConfirm","confirm":"91bf9a28-3089-40f9-b7b2-2c5c7f55531f","ts":"2026-10-07T20:51:35.080-04:00","source":{"id":"0","name":"eventBus"}}
{"__type":"$$EventMessageNode","id":"78103964-09e0-440f-b6a6-f4ff0cab925f","ts":"2026-10-07T20:51:35.086-04:00","eventName":"n8n.node.finished","message":"n8n.node.finished","payload":{"workflowId":"PaLPAf3VhFN11mWP","workflowName":"chimueloBot","executionId":"3680","nodeType":"n8n-nodes-base.if","nodeName":"If3","nodeId":"95b56f56-a35e-4d78-8c42-25353df18ded"}}
{"__type":"$$EventMessageConfirm","confirm":"78103964-09e0-440f-b6a6-f4ff0cab925f","ts":"2026-10-07T20:51:35.086-04:00","source":{"id":"0","name":"eventBus"}}
{"__type":"$$EventMessageNode","id":"fe157601-9133-460d-af74-84059eee6555","ts":"2026-10-07T20:51:35.087-04:00","eventName":"n8n.node.started","message":"n8n.node.started","payload":{"workflowId":"PaLPAf3VhFN11mWP","workflowName":"chimueloBot","executionId":"3680","nodeType":"n8n-nodes-base.if","nodeName":"If","nodeId":"fce468f6-e692-43e8-a90c-29d403eaad22"}}
{"__type":"$$EventMessageConfirm","confirm":"fe157601-9133-460d-af74-84059eee6555","ts":"2026-10-07T20:51:35.087-04:00","source":{"id":"0","name":"eventBus"}}
{"__type":"$$EventMessageNode","id":"b9071ab4-1797-43e7-9b6b-64773dbb3eb3","ts":"2026-10-07T20:51:35.088-04:00","eventName":"n8n.node.finished","message":"n8n.node.finished","payload":{"workflowId":"PaLPAf3VhFN11mWP","workflowName":"chimueloBot","executionId":"3680","nodeType":"n8n-nodes-base.if","nodeName":"If","nodeId":"fce468f6-e692-43e8-a90c-29d403eaad22"}}
{"__type":"$$EventMessageConfirm","confirm":"b9071ab4-1797-43e7-9b6b-64773dbb3eb3","ts":"2026-10-07T20:51:35.088-04:00","source":{"id":"0","name":"eventBus"}}
{"__type":"$$EventMessageNode","id":"434fec05-8675-40ec-9430-3a17a44d5782","ts":"2026-10-07T20:51:35.088-04:00","eventName":"n8n.node.started","message":"n8n.node.started","payload":{"workflowId":"PaLPAf3VhFN11mWP","workflowName":"chimueloBot","executionId":"3680","nodeType":"n8n-nodes-base.if","nodeName":"If1","nodeId":"e019ba3d-6fff-4262-8bed-dfee6e3133d7"}}
{"__type":"$$EventMessageConfirm","confirm":"434fec05-8675-40ec-9430-3a17a44d5782","ts":"2026-10-07T20:51:35.088-04:00","source":{"id":"0","name":"eventBus"}}
{"__type":"$$EventMessageNode","id":"d9853c2d-fc81-4433-a3f4-4923c7bb69ef","ts":"2026-10-07T20:51:35.090-04:00","eventName":"n8n.node.finished","message":"n8n.node.finished","payload":{"workflowId":"PaLPAf3VhFN11mWP","workflowName":"chimueloBot","executionId":"3680","nodeType":"n8n-nodes-base.if","nodeName":"If1","nodeId":"e019ba3d-6fff-4262-8bed-dfee6e3133d7"}}
{"__type":"$$EventMessageConfirm","confirm":"d9853c2d-fc81-4433-a3f4-4923c7bb69ef","ts":"2026-10-07T20:51:35.090-04:00","source":{"id":"0","name":"eventBus"}}
{"__type":"$$EventMessageNode","id":"00a4e1be-0120-4565-bc6f-86effd5bb091","ts":"2026-10-07T20:51:35.091-04:00","eventName":"n8n.node.started","message":"n8n.node.started","payload":{"workflowId":"PaLPAf3VhFN11mWP","workflowName":"chimueloBot","executionId":"3680","nodeType":"n8n-nodes-base.if","nodeName":"If2","nodeId":"79a91f8d-afeb-4ddc-b6f8-3c9bb45fc216"}}
{"__type":"$$EventMessageConfirm","confirm":"00a4e1be-0120-4565-bc6f-86effd5bb091","ts":"2026-10-07T20:51:35.091-04:00","source":{"id":"0","name":"eventBus"}}
{"__type":"$$EventMessageNode","id":"2174e608-ee08-4621-961f-9a2773efbf56","ts":"2026-10-07T20:51:35.094-04:00","eventName":"n8n.node.finished","message":"n8n.node.finished","payload":{"workflowId":"PaLPAf3VhFN11mWP","workflowName":"chimueloBot","executionId":"3680","nodeType":"n8n-nodes-base.if","nodeName":"If2","nodeId":"79a91f8d-afeb-4ddc-b6f8-3c9bb45fc216"}}
{"__type":"$$EventMessageConfirm","confirm":"2174e608-ee08-4621-961f-9a2773efbf56","ts":"2026-10-07T20:51:35.094-04:00","source":{"id":"0","name":"eventBus"}}
{"__type":"$$EventMessageWorkflow","id":"3550c87a-7172-4882-ae3e-4cb9185ff610","ts":"2026-10-07T20:51:35.094-04:00","eventName":"n8n.workflow.success","message":"n8n.workflow.success","payload":{"executionId":"3680","success":true,"isManual":false,"mode":"webhook","workflowId":"PaLPAf3VhFN11mWP","workflowName":"chimueloBot","projectId":"4cXhCbdLbVUJK3Dd","projectName":"Ramiro De Rogatis <ramirojavierderogatis@hotmail.com>"}}
{"__type":"$$EventMessageConfirm","confirm":"3550c87a-7172-4882-ae3e-4cb9185ff610","ts":"2026-10-07T20:51:35.094-04:00","source":{"id":"0","name":"eventBus"}}
{"__type":"$$EventMessageAudit","id":"e1afc058-2efa-46c7-8687-e0f6802a10f9","ts":"2026-10-07T20:51:35.691-04:00","eventName":"n8n.audit.workflow.executed","message":"n8n.audit.workflow.executed","payload":{"workflowId":"PaLPAf3VhFN11mWP","workflowName":"chimueloBot","executionId":"3681","projectId":"4cXhCbdLbVUJK3Dd","projectName":"Ramiro De Rogatis <ramirojavierderogatis@hotmail.com>","source":"webhook"}}
{"__type":"$$EventMessageConfirm","confirm":"e1afc058-2efa-46c7-8687-e0f6802a10f9","ts":"2026-10-07T20:51:35.691-04:00","source":{"id":"0","name":"eventBus"}}
{"__type":"$$EventMessageWorkflow","id":"ebcbbabc-4a35-473a-b10d-6cb32ad11ff1","ts":"2026-10-07T20:51:35.691-04:00","eventName":"n8n.workflow.started","message":"n8n.workflow.started","payload":{"executionId":"3681","workflowId":"PaLPAf3VhFN11mWP","isManual":false,"mode":"webhook","workflowName":"chimueloBot","projectId":"4cXhCbdLbVUJK3Dd","projectName":"Ramiro De Rogatis <ramirojavierderogatis@hotmail.com>"}}
{"__type":"$$EventMessageConfirm","confirm":"ebcbbabc-4a35-473a-b10d-6cb32ad11ff1","ts":"2026-10-07T20:51:35.692-04:00","source":{"id":"0","name":"eventBus"}}
{"__type":"$$EventMessageNode","id":"7d80e2f8-f01f-4fae-b22b-e4ec8ab766ea","ts":"2026-10-07T20:51:35.692-04:00","eventName":"n8n.node.started","message":"n8n.node.started","payload":{"workflowId":"PaLPAf3VhFN11mWP","workflowName":"chimueloBot","executionId":"3681","nodeType":"n8n-nodes-base.webhook","nodeName":"Webhook","nodeId":"835eee2e-f5a8-41ae-8da8-c411adda2ef3"}}
{"__type":"$$EventMessageConfirm","confirm":"7d80e2f8-f01f-4fae-b22b-e4ec8ab766ea","ts":"2026-10-07T20:51:35.692-04:00","source":{"id":"0","name":"eventBus"}}
{"__type":"$$EventMessageNode","id":"3f6dc0d5-7c72-4e3d-87cb-819cbc3fa360","ts":"2026-10-07T20:51:35.692-04:00","eventName":"n8n.node.finished","message":"n8n.node.finished","payload":{"workflowId":"PaLPAf3VhFN11mWP","workflowName":"chimueloBot","executionId":"3681","nodeType":"n8n-nodes-base.webhook","nodeName":"Webhook","nodeId":"835eee2e-f5a8-41ae-8da8-c411adda2ef3"}}
{"__type":"$$EventMessageConfirm","confirm":"3f6dc0d5-7c72-4e3d-87cb-819cbc3fa360","ts":"2026-10-07T20:51:35.693-04:00","source":{"id":"0","name":"eventBus"}}
{"__type":"$$EventMessageNode","id":"062f6297-0cb3-4d0f-941a-6ada9e1315d5","ts":"2026-10-07T20:51:35.693-04:00","eventName":"n8n.node.started","message":"n8n.node.started","payload":{"workflowId":"PaLPAf3VhFN11mWP","workflowName":"chimueloBot","executionId":"3681","nodeType":"n8n-nodes-base.if","nodeName":"If3","nodeId":"95b56f56-a35e-4d78-8c42-25353df18ded"}}
{"__type":"$$EventMessageConfirm","confirm":"062f6297-0cb3-4d0f-941a-6ada9e1315d5","ts":"2026-10-07T20:51:35.693-04:00","source":{"id":"0","name":"eventBus"}}
{"__type":"$$EventMessageNode","id":"46280683-4323-4f64-934f-f8ff93cd5654","ts":"2026-10-07T20:51:35.699-04:00","eventName":"n8n.node.finished","message":"n8n.node.finished","payload":{"workflowId":"PaLPAf3VhFN11mWP","workflowName":"chimueloBot","executionId":"3681","nodeType":"n8n-nodes-base.if","nodeName":"If3","nodeId":"95b56f56-a35e-4d78-8c42-25353df18ded"}}
{"__type":"$$EventMessageConfirm","confirm":"46280683-4323-4f64-934f-f8ff93cd5654","ts":"2026-10-07T20:51:35.699-04:00","source":{"id":"0","name":"eventBus"}}
{"__type":"$$EventMessageNode","id":"71d912cd-7d5d-4a4e-ae7f-de57a33642c2","ts":"2026-10-07T20:51:35.699-04:00","eventName":"n8n.node.started","message":"n8n.node.started","payload":{"workflowId":"PaLPAf3VhFN11mWP","workflowName":"chimueloBot","executionId":"3681","nodeType":"n8n-nodes-base.if","nodeName":"If","nodeId":"fce468f6-e692-43e8-a90c-29d403eaad22"}}
{"__type":"$$EventMessageConfirm","confirm":"71d912cd-7d5d-4a4e-ae7f-de57a33642c2","ts":"2026-10-07T20:51:35.699-04:00","source":{"id":"0","name":"eventBus"}}
{"__type":"$$EventMessageNode","id":"da5ee362-e294-4088-b802-b05ba91e59d5","ts":"2026-10-07T20:51:35.701-04:00","eventName":"n8n.node.finished","message":"n8n.node.finished","payload":{"workflowId":"PaLPAf3VhFN11mWP","workflowName":"chimueloBot","executionId":"3681","nodeType":"n8n-nodes-base.if","nodeName":"If","nodeId":"fce468f6-e692-43e8-a90c-29d403eaad22"}}
{"__type":"$$EventMessageConfirm","confirm":"da5ee362-e294-4088-b802-b05ba91e59d5","ts":"2026-10-07T20:51:35.701-04:00","source":{"id":"0","name":"eventBus"}}
{"__type":"$$EventMessageNode","id":"d70d568c-e461-422b-af63-11186c3a0881","ts":"2026-10-07T20:51:35.701-04:00","eventName":"n8n.node.started","message":"n8n.node.started","payload":{"workflowId":"PaLPAf3VhFN11mWP","workflowName":"chimueloBot","executionId":"3681","nodeType":"n8n-nodes-base.if","nodeName":"If1","nodeId":"e019ba3d-6fff-4262-8bed-dfee6e3133d7"}}
{"__type":"$$EventMessageConfirm","confirm":"d70d568c-e461-422b-af63-11186c3a0881","ts":"2026-10-07T20:51:35.701-04:00","source":{"id":"0","name":"eventBus"}}
{"__type":"$$EventMessageNode","id":"6d299cce-673c-44db-8ac0-0cd83f32fbfb","ts":"2026-10-07T20:51:35.703-04:00","eventName":"n8n.node.finished","message":"n8n.node.finished","payload":{"workflowId":"PaLPAf3VhFN11mWP","workflowName":"chimueloBot","executionId":"3681","nodeType":"n8n-nodes-base.if","nodeName":"If1","nodeId":"e019ba3d-6fff-4262-8bed-dfee6e3133d7"}}
{"__type":"$$EventMessageConfirm","confirm":"6d299cce-673c-44db-8ac0-0cd83f32fbfb","ts":"2026-10-07T20:51:35.703-04:00","source":{"id":"0","name":"eventBus"}}
{"__type":"$$EventMessageNode","id":"8ed352f7-96e5-4986-8658-20f78117f210","ts":"2026-10-07T20:51:35.703-04:00","eventName":"n8n.node.started","message":"n8n.node.started","payload":{"workflowId":"PaLPAf3VhFN11mWP","workflowName":"chimueloBot","executionId":"3681","nodeType":"n8n-nodes-base.if","nodeName":"If2","nodeId":"79a91f8d-afeb-4ddc-b6f8-3c9bb45fc216"}}
{"__type":"$$EventMessageConfirm","confirm":"8ed352f7-96e5-4986-8658-20f78117f210","ts":"2026-10-07T20:51:35.703-04:00","source":{"id":"0","name":"eventBus"}}
{"__type":"$$EventMessageNode","id":"7c4afd60-33c1-4dc5-916d-39137ad1c033","ts":"2026-10-07T20:51:35.706-04:00","eventName":"n8n.node.finished","message":"n8n.node.finished","payload":{"workflowId":"PaLPAf3VhFN11mWP","workflowName":"chimueloBot","executionId":"3681","nodeType":"n8n-nodes-base.if","nodeName":"If2","nodeId":"79a91f8d-afeb-4ddc-b6f8-3c9bb45fc216"}}
{"__type":"$$EventMessageConfirm","confirm":"7c4afd60-33c1-4dc5-916d-39137ad1c033","ts":"2026-10-07T20:51:35.706-04:00","source":{"id":"0","name":"eventBus"}}
{"__type":"$$EventMessageWorkflow","id":"b95a838d-e99b-4c95-9d19-8913c4f570bb","ts":"2026-10-07T20:51:35.706-04:00","eventName":"n8n.workflow.success","message":"n8n.workflow.success","payload":{"executionId":"3681","success":true,"isManual":false,"mode":"webhook","workflowId":"PaLPAf3VhFN11mWP","workflowName":"chimueloBot","projectId":"4cXhCbdLbVUJK3Dd","projectName":"Ramiro De Rogatis <ramirojavierderogatis@hotmail.com>"}}
{"__type":"$$EventMessageConfirm","confirm":"b95a838d-e99b-4c95-9d19-8913c4f570bb","ts":"2026-10-07T20:51:35.706-04:00","source":{"id":"0","name":"eventBus"}}
{"__type":"$$EventMessageAudit","id":"4feeffa0-0b08-44e6-9512-94b4423b1383","ts":"2026-10-07T20:51:36.322-04:00","eventName":"n8n.audit.workflow.executed","message":"n8n.audit.workflow.executed","payload":{"workflowId":"PaLPAf3VhFN11mWP","workflowName":"chimueloBot","executionId":"3682","projectId":"4cXhCbdLbVUJK3Dd","projectName":"Ramiro De Rogatis <ramirojavierderogatis@hotmail.com>","source":"webhook"}}
{"__type":"$$EventMessageConfirm","confirm":"4feeffa0-0b08-44e6-9512-94b4423b1383","ts":"2026-10-07T20:51:36.322-04:00","source":{"id":"0","name":"eventBus"}}
{"__type":"$$EventMessageWorkflow","id":"8d822dda-01a4-4ea0-9ff6-15e39ee2233a","ts":"2026-10-07T20:51:36.322-04:00","eventName":"n8n.workflow.started","message":"n8n.workflow.started","payload":{"executionId":"3682","workflowId":"PaLPAf3VhFN11mWP","isManual":false,"mode":"webhook","workflowName":"chimueloBot","projectId":"4cXhCbdLbVUJK3Dd","projectName":"Ramiro De Rogatis <ramirojavierderogatis@hotmail.com>"}}
{"__type":"$$EventMessageConfirm","confirm":"8d822dda-01a4-4ea0-9ff6-15e39ee2233a","ts":"2026-10-07T20:51:36.322-04:00","source":{"id":"0","name":"eventBus"}}
{"__type":"$$EventMessageNode","id":"aa80bd1c-2809-4128-8087-941d75cc8cce","ts":"2026-10-07T20:51:36.323-04:00","eventName":"n8n.node.started","message":"n8n.node.started","payload":{"workflowId":"PaLPAf3VhFN11mWP","workflowName":"chimueloBot","executionId":"3682","nodeType":"n8n-nodes-base.webhook","nodeName":"Webhook","nodeId":"835eee2e-f5a8-41ae-8da8-c411adda2ef3"}}
{"__type":"$$EventMessageConfirm","confirm":"aa80bd1c-2809-4128-8087-941d75cc8cce","ts":"2026-10-07T20:51:36.323-04:00","source":{"id":"0","name":"eventBus"}}
{"__type":"$$EventMessageNode","id":"964d92fe-08af-4dc5-b46c-38ae6b228bbe","ts":"2026-10-07T20:51:36.323-04:00","eventName":"n8n.node.finished","message":"n8n.node.finished","payload":{"workflowId":"PaLPAf3VhFN11mWP","workflowName":"chimueloBot","executionId":"3682","nodeType":"n8n-nodes-base.webhook","nodeName":"Webhook","nodeId":"835eee2e-f5a8-41ae-8da8-c411adda2ef3"}}
{"__type":"$$EventMessageConfirm","confirm":"964d92fe-08af-4dc5-b46c-38ae6b228bbe","ts":"2026-10-07T20:51:36.323-04:00","source":{"id":"0","name":"eventBus"}}
{"__type":"$$EventMessageNode","id":"04fb6667-3dec-49f6-a40c-45e6c98bb9a2","ts":"2026-10-07T20:51:36.323-04:00","eventName":"n8n.node.started","message":"n8n.node.started","payload":{"workflowId":"PaLPAf3VhFN11mWP","workflowName":"chimueloBot","executionId":"3682","nodeType":"n8n-nodes-base.if","nodeName":"If3","nodeId":"95b56f56-a35e-4d78-8c42-25353df18ded"}}
{"__type":"$$EventMessageConfirm","confirm":"04fb6667-3dec-49f6-a40c-45e6c98bb9a2","ts":"2026-10-07T20:51:36.323-04:00","source":{"id":"0","name":"eventBus"}}
{"__type":"$$EventMessageNode","id":"467e8fce-0111-4948-834d-a156f4f76563","ts":"2026-10-07T20:51:36.329-04:00","eventName":"n8n.node.finished","message":"n8n.node.finished","payload":{"workflowId":"PaLPAf3VhFN11mWP","workflowName":"chimueloBot","executionId":"3682","nodeType":"n8n-nodes-base.if","nodeName":"If3","nodeId":"95b56f56-a35e-4d78-8c42-25353df18ded"}}
{"__type":"$$EventMessageConfirm","confirm":"467e8fce-0111-4948-834d-a156f4f76563","ts":"2026-10-07T20:51:36.329-04:00","source":{"id":"0","name":"eventBus"}}
{"__type":"$$EventMessageNode","id":"57feede6-82fb-4799-ae3c-28a9756eafb7","ts":"2026-10-07T20:51:36.329-04:00","eventName":"n8n.node.started","message":"n8n.node.started","payload":{"workflowId":"PaLPAf3VhFN11mWP","workflowName":"chimueloBot","executionId":"3682","nodeType":"n8n-nodes-base.if","nodeName":"If","nodeId":"fce468f6-e692-43e8-a90c-29d403eaad22"}}
{"__type":"$$EventMessageConfirm","confirm":"57feede6-82fb-4799-ae3c-28a9756eafb7","ts":"2026-10-07T20:51:36.329-04:00","source":{"id":"0","name":"eventBus"}}
{"__type":"$$EventMessageNode","id":"330262e2-eca0-4212-ae19-cc43ecaa3e05","ts":"2026-10-07T20:51:36.331-04:00","eventName":"n8n.node.finished","message":"n8n.node.finished","payload":{"workflowId":"PaLPAf3VhFN11mWP","workflowName":"chimueloBot","executionId":"3682","nodeType":"n8n-nodes-base.if","nodeName":"If","nodeId":"fce468f6-e692-43e8-a90c-29d403eaad22"}}
{"__type":"$$EventMessageConfirm","confirm":"330262e2-eca0-4212-ae19-cc43ecaa3e05","ts":"2026-10-07T20:51:36.331-04:00","source":{"id":"0","name":"eventBus"}}
{"__type":"$$EventMessageNode","id":"97940deb-fae4-4146-a9ab-7239a75cc582","ts":"2026-10-07T20:51:36.331-04:00","eventName":"n8n.node.started","message":"n8n.node.started","payload":{"workflowId":"PaLPAf3VhFN11mWP","workflowName":"chimueloBot","executionId":"3682","nodeType":"n8n-nodes-base.if","nodeName":"If1","nodeId":"e019ba3d-6fff-4262-8bed-dfee6e3133d7"}}
{"__type":"$$EventMessageConfirm","confirm":"97940deb-fae4-4146-a9ab-7239a75cc582","ts":"2026-10-07T20:51:36.331-04:00","source":{"id":"0","name":"eventBus"}}
{"__type":"$$EventMessageNode","id":"690d0d3c-0ca8-49f7-bbf2-f4f09404a35c","ts":"2026-10-07T20:51:36.333-04:00","eventName":"n8n.node.finished","message":"n8n.node.finished","payload":{"workflowId":"PaLPAf3VhFN11mWP","workflowName":"chimueloBot","executionId":"3682","nodeType":"n8n-nodes-base.if","nodeName":"If1","nodeId":"e019ba3d-6fff-4262-8bed-dfee6e3133d7"}}
{"__type":"$$EventMessageConfirm","confirm":"690d0d3c-0ca8-49f7-bbf2-f4f09404a35c","ts":"2026-10-07T20:51:36.333-04:00","source":{"id":"0","name":"eventBus"}}
{"__type":"$$EventMessageNode","id":"87a72ad4-6173-4fe9-8e51-957d2918c186","ts":"2026-10-07T20:51:36.333-04:00","eventName":"n8n.node.started","message":"n8n.node.started","payload":{"workflowId":"PaLPAf3VhFN11mWP","workflowName":"chimueloBot","executionId":"3682","nodeType":"n8n-nodes-base.if","nodeName":"If2","nodeId":"79a91f8d-afeb-4ddc-b6f8-3c9bb45fc216"}}
{"__type":"$$EventMessageConfirm","confirm":"87a72ad4-6173-4fe9-8e51-957d2918c186","ts":"2026-10-07T20:51:36.333-04:00","source":{"id":"0","name":"eventBus"}}
{"__type":"$$EventMessageNode","id":"a779cefa-84a9-4b9c-a6b2-94aafc1c77a1","ts":"2026-10-07T20:51:36.336-04:00","eventName":"n8n.node.finished","message":"n8n.node.finished","payload":{"workflowId":"PaLPAf3VhFN11mWP","workflowName":"chimueloBot","executionId":"3682","nodeType":"n8n-nodes-base.if","nodeName":"If2","nodeId":"79a91f8d-afeb-4ddc-b6f8-3c9bb45fc216"}}
{"__type":"$$EventMessageConfirm","confirm":"a779cefa-84a9-4b9c-a6b2-94aafc1c77a1","ts":"2026-10-07T20:51:36.336-04:00","source":{"id":"0","name":"eventBus"}}
{"__type":"$$EventMessageWorkflow","id":"38fea575-ce1a-44f7-9628-acddfac2f8b4","ts":"2026-10-07T20:51:36.336-04:00","eventName":"n8n.workflow.success","message":"n8n.workflow.success","payload":{"executionId":"3682","success":true,"isManual":false,"mode":"webhook","workflowId":"PaLPAf3VhFN11mWP","workflowName":"chimueloBot","projectId":"4cXhCbdLbVUJK3Dd","projectName":"Ramiro De Rogatis <ramirojavierderogatis@hotmail.com>"}}
{"__type":"$$EventMessageConfirm","confirm":"38fea575-ce1a-44f7-9628-acddfac2f8b4","ts":"2026-10-07T20:51:36.336-04:00","source":{"id":"0","name":"eventBus"}}
{"__type":"$$EventMessageAudit","id":"fc3ac8a1-f5a7-4f8f-a7d9-47bc812cc169","ts":"2026-10-07T20:51:37.046-04:00","eventName":"n8n.audit.workflow.executed","message":"n8n.audit.workflow.executed","payload":{"workflowId":"PaLPAf3VhFN11mWP","workflowName":"chimueloBot","executionId":"3683","projectId":"4cXhCbdLbVUJK3Dd","projectName":"Ramiro De Rogatis <ramirojavierderogatis@hotmail.com>","source":"webhook"}}
{"__type":"$$EventMessageConfirm","confirm":"fc3ac8a1-f5a7-4f8f-a7d9-47bc812cc169","ts":"2026-10-07T20:51:37.046-04:00","source":{"id":"0","name":"eventBus"}}
{"__type":"$$EventMessageWorkflow","id":"cbc1c074-b98f-4c5e-9919-a5fc9f22bccb","ts":"2026-10-07T20:51:37.046-04:00","eventName":"n8n.workflow.started","message":"n8n.workflow.started","payload":{"executionId":"3683","workflowId":"PaLPAf3VhFN11mWP","isManual":false,"mode":"webhook","workflowName":"chimueloBot","projectId":"4cXhCbdLbVUJK3Dd","projectName":"Ramiro De Rogatis <ramirojavierderogatis@hotmail.com>"}}
{"__type":"$$EventMessageConfirm","confirm":"cbc1c074-b98f-4c5e-9919-a5fc9f22bccb","ts":"2026-10-07T20:51:37.046-04:00","source":{"id":"0","name":"eventBus"}}
{"__type":"$$EventMessageNode","id":"72df0eab-ec7a-4674-b456-d002e6792d25","ts":"2026-10-07T20:51:37.047-04:00","eventName":"n8n.node.started","message":"n8n.node.started","payload":{"workflowId":"PaLPAf3VhFN11mWP","workflowName":"chimueloBot","executionId":"3683","nodeType":"n8n-nodes-base.webhook","nodeName":"Webhook","nodeId":"835eee2e-f5a8-41ae-8da8-c411adda2ef3"}}
{"__type":"$$EventMessageConfirm","confirm":"72df0eab-ec7a-4674-b456-d002e6792d25","ts":"2026-10-07T20:51:37.047-04:00","source":{"id":"0","name":"eventBus"}}
{"__type":"$$EventMessageNode","id":"8d380609-d76b-4c95-bba9-debad3bebcae","ts":"2026-10-07T20:51:37.048-04:00","eventName":"n8n.node.finished","message":"n8n.node.finished","payload":{"workflowId":"PaLPAf3VhFN11mWP","workflowName":"chimueloBot","executionId":"3683","nodeType":"n8n-nodes-base.webhook","nodeName":"Webhook","nodeId":"835eee2e-f5a8-41ae-8da8-c411adda2ef3"}}
{"__type":"$$EventMessageConfirm","confirm":"8d380609-d76b-4c95-bba9-debad3bebcae","ts":"2026-10-07T20:51:37.048-04:00","source":{"id":"0","name":"eventBus"}}
{"__type":"$$EventMessageNode","id":"0aaf0635-d348-460c-b4df-6cc1b6e2c582","ts":"2026-10-07T20:51:37.048-04:00","eventName":"n8n.node.started","message":"n8n.node.started","payload":{"workflowId":"PaLPAf3VhFN11mWP","workflowName":"chimueloBot","executionId":"3683","nodeType":"n8n-nodes-base.if","nodeName":"If3","nodeId":"95b56f56-a35e-4d78-8c42-25353df18ded"}}
{"__type":"$$EventMessageConfirm","confirm":"0aaf0635-d348-460c-b4df-6cc1b6e2c582","ts":"2026-10-07T20:51:37.048-04:00","source":{"id":"0","name":"eventBus"}}
{"__type":"$$EventMessageNode","id":"b656d83a-7873-4fce-9b55-f05fd52ee0b7","ts":"2026-10-07T20:51:37.056-04:00","eventName":"n8n.node.finished","message":"n8n.node.finished","payload":{"workflowId":"PaLPAf3VhFN11mWP","workflowName":"chimueloBot","executionId":"3683","nodeType":"n8n-nodes-base.if","nodeName":"If3","nodeId":"95b56f56-a35e-4d78-8c42-25353df18ded"}}
{"__type":"$$EventMessageConfirm","confirm":"b656d83a-7873-4fce-9b55-f05fd52ee0b7","ts":"2026-10-07T20:51:37.056-04:00","source":{"id":"0","name":"eventBus"}}
{"__type":"$$EventMessageNode","id":"4cb17325-4a92-431a-adae-8d4274b41a7c","ts":"2026-10-07T20:51:37.056-04:00","eventName":"n8n.node.started","message":"n8n.node.started","payload":{"workflowId":"PaLPAf3VhFN11mWP","workflowName":"chimueloBot","executionId":"3683","nodeType":"n8n-nodes-base.if","nodeName":"If","nodeId":"fce468f6-e692-43e8-a90c-29d403eaad22"}}
{"__type":"$$EventMessageConfirm","confirm":"4cb17325-4a92-431a-adae-8d4274b41a7c","ts":"2026-10-07T20:51:37.056-04:00","source":{"id":"0","name":"eventBus"}}
{"__type":"$$EventMessageNode","id":"e7309b70-d700-4c98-933f-058594a89177","ts":"2026-10-07T20:51:37.058-04:00","eventName":"n8n.node.finished","message":"n8n.node.finished","payload":{"workflowId":"PaLPAf3VhFN11mWP","workflowName":"chimueloBot","executionId":"3683","nodeType":"n8n-nodes-base.if","nodeName":"If","nodeId":"fce468f6-e692-43e8-a90c-29d403eaad22"}}
{"__type":"$$EventMessageConfirm","confirm":"e7309b70-d700-4c98-933f-058594a89177","ts":"2026-10-07T20:51:37.058-04:00","source":{"id":"0","name":"eventBus"}}
{"__type":"$$EventMessageNode","id":"8e9aa632-302b-43fa-b6a8-e502bb958446","ts":"2026-10-07T20:51:37.058-04:00","eventName":"n8n.node.started","message":"n8n.node.started","payload":{"workflowId":"PaLPAf3VhFN11mWP","workflowName":"chimueloBot","executionId":"3683","nodeType":"n8n-nodes-base.if","nodeName":"If1","nodeId":"e019ba3d-6fff-4262-8bed-dfee6e3133d7"}}
{"__type":"$$EventMessageConfirm","confirm":"8e9aa632-302b-43fa-b6a8-e502bb958446","ts":"2026-10-07T20:51:37.058-04:00","source":{"id":"0","name":"eventBus"}}
{"__type":"$$EventMessageNode","id":"bbe9acb3-06b5-4ab4-a4ea-609eec2ba3ea","ts":"2026-10-07T20:51:37.060-04:00","eventName":"n8n.node.finished","message":"n8n.node.finished","payload":{"workflowId":"PaLPAf3VhFN11mWP","workflowName":"chimueloBot","executionId":"3683","nodeType":"n8n-nodes-base.if","nodeName":"If1","nodeId":"e019ba3d-6fff-4262-8bed-dfee6e3133d7"}}
{"__type":"$$EventMessageConfirm","confirm":"bbe9acb3-06b5-4ab4-a4ea-609eec2ba3ea","ts":"2026-10-07T20:51:37.060-04:00","source":{"id":"0","name":"eventBus"}}
{"__type":"$$EventMessageNode","id":"79627d30-d2aa-4e97-b9f4-4007d7b5e26d","ts":"2026-10-07T20:51:37.060-04:00","eventName":"n8n.node.started","message":"n8n.node.started","payload":{"workflowId":"PaLPAf3VhFN11mWP","workflowName":"chimueloBot","executionId":"3683","nodeType":"n8n-nodes-base.if","nodeName":"If2","nodeId":"79a91f8d-afeb-4ddc-b6f8-3c9bb45fc216"}}
{"__type":"$$EventMessageConfirm","confirm":"79627d30-d2aa-4e97-b9f4-4007d7b5e26d","ts":"2026-10-07T20:51:37.060-04:00","source":{"id":"0","name":"eventBus"}}
{"__type":"$$EventMessageNode","id":"dcf35f14-e8ed-4c1c-8335-9ab179089fcb","ts":"2026-10-07T20:51:37.064-04:00","eventName":"n8n.node.finished","message":"n8n.node.finished","payload":{"workflowId":"PaLPAf3VhFN11mWP","workflowName":"chimueloBot","executionId":"3683","nodeType":"n8n-nodes-base.if","nodeName":"If2","nodeId":"79a91f8d-afeb-4ddc-b6f8-3c9bb45fc216"}}
{"__type":"$$EventMessageConfirm","confirm":"dcf35f14-e8ed-4c1c-8335-9ab179089fcb","ts":"2026-10-07T20:51:37.064-04:00","source":{"id":"0","name":"eventBus"}}
{"__type":"$$EventMessageWorkflow","id":"fd72d1de-6cb2-432a-a539-732d0273e3a5","ts":"2026-10-07T20:51:37.064-04:00","eventName":"n8n.workflow.success","message":"n8n.workflow.success","payload":{"executionId":"3683","success":true,"isManual":false,"mode":"webhook","workflowId":"PaLPAf3VhFN11mWP","workflowName":"chimueloBot","projectId":"4cXhCbdLbVUJK3Dd","projectName":"Ramiro De Rogatis <ramirojavierderogatis@hotmail.com>"}}
{"__type":"$$EventMessageConfirm","confirm":"fd72d1de-6cb2-432a-a539-732d0273e3a5","ts":"2026-10-07T20:51:37.064-04:00","source":{"id":"0","name":"eventBus"}}
{"__type":"$$EventMessageAudit","id":"1d6c9078-fc7e-4a77-a256-437dc0d63b86","ts":"2026-10-07T20:51:37.954-04:00","eventName":"n8n.audit.workflow.executed","message":"n8n.audit.workflow.executed","payload":{"workflowId":"PaLPAf3VhFN11mWP","workflowName":"chimueloBot","executionId":"3684","projectId":"4cXhCbdLbVUJK3Dd","projectName":"Ramiro De Rogatis <ramirojavierderogatis@hotmail.com>","source":"webhook"}}
{"__type":"$$EventMessageConfirm","confirm":"1d6c9078-fc7e-4a77-a256-437dc0d63b86","ts":"2026-10-07T20:51:37.954-04:00","source":{"id":"0","name":"eventBus"}}
{"__type":"$$EventMessageWorkflow","id":"69f8c5a4-7e85-4219-b5aa-adc38e62ab30","ts":"2026-10-07T20:51:37.954-04:00","eventName":"n8n.workflow.started","message":"n8n.workflow.started","payload":{"executionId":"3684","workflowId":"PaLPAf3VhFN11mWP","isManual":false,"mode":"webhook","workflowName":"chimueloBot","projectId":"4cXhCbdLbVUJK3Dd","projectName":"Ramiro De Rogatis <ramirojavierderogatis@hotmail.com>"}}
{"__type":"$$EventMessageConfirm","confirm":"69f8c5a4-7e85-4219-b5aa-adc38e62ab30","ts":"2026-10-07T20:51:37.954-04:00","source":{"id":"0","name":"eventBus"}}
{"__type":"$$EventMessageNode","id":"f4c348cf-4d34-4319-9c3c-a4665149fc25","ts":"2026-10-07T20:51:37.955-04:00","eventName":"n8n.node.started","message":"n8n.node.started","payload":{"workflowId":"PaLPAf3VhFN11mWP","workflowName":"chimueloBot","executionId":"3684","nodeType":"n8n-nodes-base.webhook","nodeName":"Webhook","nodeId":"835eee2e-f5a8-41ae-8da8-c411adda2ef3"}}
{"__type":"$$EventMessageConfirm","confirm":"f4c348cf-4d34-4319-9c3c-a4665149fc25","ts":"2026-10-07T20:51:37.955-04:00","source":{"id":"0","name":"eventBus"}}
{"__type":"$$EventMessageNode","id":"002f14e3-ad45-4f93-856f-2715689ec05e","ts":"2026-10-07T20:51:37.956-04:00","eventName":"n8n.node.finished","message":"n8n.node.finished","payload":{"workflowId":"PaLPAf3VhFN11mWP","workflowName":"chimueloBot","executionId":"3684","nodeType":"n8n-nodes-base.webhook","nodeName":"Webhook","nodeId":"835eee2e-f5a8-41ae-8da8-c411adda2ef3"}}
{"__type":"$$EventMessageConfirm","confirm":"002f14e3-ad45-4f93-856f-2715689ec05e","ts":"2026-10-07T20:51:37.956-04:00","source":{"id":"0","name":"eventBus"}}
{"__type":"$$EventMessageNode","id":"92bb2207-c402-4b7e-a01c-0be8f55145b4","ts":"2026-10-07T20:51:37.956-04:00","eventName":"n8n.node.started","message":"n8n.node.started","payload":{"workflowId":"PaLPAf3VhFN11mWP","workflowName":"chimueloBot","executionId":"3684","nodeType":"n8n-nodes-base.if","nodeName":"If3","nodeId":"95b56f56-a35e-4d78-8c42-25353df18ded"}}
{"__type":"$$EventMessageConfirm","confirm":"92bb2207-c402-4b7e-a01c-0be8f55145b4","ts":"2026-10-07T20:51:37.956-04:00","source":{"id":"0","name":"eventBus"}}
{"__type":"$$EventMessageNode","id":"3ca2e693-5eb6-4ef2-9cb6-dbb5fe1d225d","ts":"2026-10-07T20:51:37.964-04:00","eventName":"n8n.node.finished","message":"n8n.node.finished","payload":{"workflowId":"PaLPAf3VhFN11mWP","workflowName":"chimueloBot","executionId":"3684","nodeType":"n8n-nodes-base.if","nodeName":"If3","nodeId":"95b56f56-a35e-4d78-8c42-25353df18ded"}}
{"__type":"$$EventMessageConfirm","confirm":"3ca2e693-5eb6-4ef2-9cb6-dbb5fe1d225d","ts":"2026-10-07T20:51:37.964-04:00","source":{"id":"0","name":"eventBus"}}
{"__type":"$$EventMessageNode","id":"7122fbb6-3e91-4ee8-803d-79713f42e6a8","ts":"2026-10-07T20:51:37.964-04:00","eventName":"n8n.node.started","message":"n8n.node.started","payload":{"workflowId":"PaLPAf3VhFN11mWP","workflowName":"chimueloBot","executionId":"3684","nodeType":"n8n-nodes-base.if","nodeName":"If","nodeId":"fce468f6-e692-43e8-a90c-29d403eaad22"}}
{"__type":"$$EventMessageConfirm","confirm":"7122fbb6-3e91-4ee8-803d-79713f42e6a8","ts":"2026-10-07T20:51:37.964-04:00","source":{"id":"0","name":"eventBus"}}
{"__type":"$$EventMessageNode","id":"36fa351d-8eb9-47da-a461-cbbb6fe62372","ts":"2026-10-07T20:51:37.969-04:00","eventName":"n8n.node.finished","message":"n8n.node.finished","payload":{"workflowId":"PaLPAf3VhFN11mWP","workflowName":"chimueloBot","executionId":"3684","nodeType":"n8n-nodes-base.if","nodeName":"If","nodeId":"fce468f6-e692-43e8-a90c-29d403eaad22"}}
{"__type":"$$EventMessageConfirm","confirm":"36fa351d-8eb9-47da-a461-cbbb6fe62372","ts":"2026-10-07T20:51:37.969-04:00","source":{"id":"0","name":"eventBus"}}
{"__type":"$$EventMessageNode","id":"9c43477b-fc48-47af-ace8-a009a8536dae","ts":"2026-10-07T20:51:37.969-04:00","eventName":"n8n.node.started","message":"n8n.node.started","payload":{"workflowId":"PaLPAf3VhFN11mWP","workflowName":"chimueloBot","executionId":"3684","nodeType":"n8n-nodes-base.if","nodeName":"If1","nodeId":"e019ba3d-6fff-4262-8bed-dfee6e3133d7"}}
{"__type":"$$EventMessageConfirm","confirm":"9c43477b-fc48-47af-ace8-a009a8536dae","ts":"2026-10-07T20:51:37.969-04:00","source":{"id":"0","name":"eventBus"}}
{"__type":"$$EventMessageNode","id":"227ad9b9-e4f8-4d1c-8b9f-f864499734b3","ts":"2026-10-07T20:51:37.971-04:00","eventName":"n8n.node.finished","message":"n8n.node.finished","payload":{"workflowId":"PaLPAf3VhFN11mWP","workflowName":"chimueloBot","executionId":"3684","nodeType":"n8n-nodes-base.if","nodeName":"If1","nodeId":"e019ba3d-6fff-4262-8bed-dfee6e3133d7"}}
{"__type":"$$EventMessageConfirm","confirm":"227ad9b9-e4f8-4d1c-8b9f-f864499734b3","ts":"2026-10-07T20:51:37.971-04:00","source":{"id":"0","name":"eventBus"}}
{"__type":"$$EventMessageNode","id":"5ec37a7b-e7b4-4ba7-be65-90c51e65178a","ts":"2026-10-07T20:51:37.971-04:00","eventName":"n8n.node.started","message":"n8n.node.started","payload":{"workflowId":"PaLPAf3VhFN11mWP","workflowName":"chimueloBot","executionId":"3684","nodeType":"n8n-nodes-base.if","nodeName":"If2","nodeId":"79a91f8d-afeb-4ddc-b6f8-3c9bb45fc216"}}
{"__type":"$$EventMessageConfirm","confirm":"5ec37a7b-e7b4-4ba7-be65-90c51e65178a","ts":"2026-10-07T20:51:37.971-04:00","source":{"id":"0","name":"eventBus"}}
{"__type":"$$EventMessageNode","id":"6266bb16-4caa-4d9e-a4b9-56e56431f4d2","ts":"2026-10-07T20:51:37.975-04:00","eventName":"n8n.node.finished","message":"n8n.node.finished","payload":{"workflowId":"PaLPAf3VhFN11mWP","workflowName":"chimueloBot","executionId":"3684","nodeType":"n8n-nodes-base.if","nodeName":"If2","nodeId":"79a91f8d-afeb-4ddc-b6f8-3c9bb45fc216"}}
{"__type":"$$EventMessageConfirm","confirm":"6266bb16-4caa-4d9e-a4b9-56e56431f4d2","ts":"2026-10-07T20:51:37.975-04:00","source":{"id":"0","name":"eventBus"}}
{"__type":"$$EventMessageWorkflow","id":"e94177b3-5e65-49eb-9d9b-cf0c1249a9ee","ts":"2026-10-07T20:51:37.975-04:00","eventName":"n8n.workflow.success","message":"n8n.workflow.success","payload":{"executionId":"3684","success":true,"isManual":false,"mode":"webhook","workflowId":"PaLPAf3VhFN11mWP","workflowName":"chimueloBot","projectId":"4cXhCbdLbVUJK3Dd","projectName":"Ramiro De Rogatis <ramirojavierderogatis@hotmail.com>"}}
{"__type":"$$EventMessageConfirm","confirm":"e94177b3-5e65-49eb-9d9b-cf0c1249a9ee","ts":"2026-10-07T20:51:37.975-04:00","source":{"id":"0","name":"eventBus"}}
{"__type":"$$EventMessageAudit","id":"779ca55c-ab94-4a4e-a7b9-ecd1de0ff8e2","ts":"2026-10-07T20:51:38.580-04:00","eventName":"n8n.audit.workflow.executed","message":"n8n.audit.workflow.executed","payload":{"workflowId":"PaLPAf3VhFN11mWP","workflowName":"chimueloBot","executionId":"3685","projectId":"4cXhCbdLbVUJK3Dd","projectName":"Ramiro De Rogatis <ramirojavierderogatis@hotmail.com>","source":"webhook"}}
{"__type":"$$EventMessageConfirm","confirm":"779ca55c-ab94-4a4e-a7b9-ecd1de0ff8e2","ts":"2026-10-07T20:51:38.580-04:00","source":{"id":"0","name":"eventBus"}}
{"__type":"$$EventMessageWorkflow","id":"1b3acf90-9cab-4ffe-a109-6d5826249ac0","ts":"2026-10-07T20:51:38.581-04:00","eventName":"n8n.workflow.started","message":"n8n.workflow.started","payload":{"executionId":"3685","workflowId":"PaLPAf3VhFN11mWP","isManual":false,"mode":"webhook","workflowName":"chimueloBot","projectId":"4cXhCbdLbVUJK3Dd","projectName":"Ramiro De Rogatis <ramirojavierderogatis@hotmail.com>"}}
{"__type":"$$EventMessageConfirm","confirm":"1b3acf90-9cab-4ffe-a109-6d5826249ac0","ts":"2026-10-07T20:51:38.581-04:00","source":{"id":"0","name":"eventBus"}}
{"__type":"$$EventMessageNode","id":"8b04c0cf-dd5e-43cf-84b9-d78c71fa5295","ts":"2026-10-07T20:51:38.581-04:00","eventName":"n8n.node.started","message":"n8n.node.started","payload":{"workflowId":"PaLPAf3VhFN11mWP","workflowName":"chimueloBot","executionId":"3685","nodeType":"n8n-nodes-base.webhook","nodeName":"Webhook","nodeId":"835eee2e-f5a8-41ae-8da8-c411adda2ef3"}}
{"__type":"$$EventMessageConfirm","confirm":"8b04c0cf-dd5e-43cf-84b9-d78c71fa5295","ts":"2026-10-07T20:51:38.581-04:00","source":{"id":"0","name":"eventBus"}}
{"__type":"$$EventMessageNode","id":"66b6a8d2-fefe-46d6-bd9a-7736bfaacc9e","ts":"2026-10-07T20:51:38.582-04:00","eventName":"n8n.node.finished","message":"n8n.node.finished","payload":{"workflowId":"PaLPAf3VhFN11mWP","workflowName":"chimueloBot","executionId":"3685","nodeType":"n8n-nodes-base.webhook","nodeName":"Webhook","nodeId":"835eee2e-f5a8-41ae-8da8-c411adda2ef3"}}
{"__type":"$$EventMessageConfirm","confirm":"66b6a8d2-fefe-46d6-bd9a-7736bfaacc9e","ts":"2026-10-07T20:51:38.582-04:00","source":{"id":"0","name":"eventBus"}}
{"__type":"$$EventMessageNode","id":"9092e9f4-b2d6-4b74-a840-6c30adb17994","ts":"2026-10-07T20:51:38.582-04:00","eventName":"n8n.node.started","message":"n8n.node.started","payload":{"workflowId":"PaLPAf3VhFN11mWP","workflowName":"chimueloBot","executionId":"3685","nodeType":"n8n-nodes-base.if","nodeName":"If3","nodeId":"95b56f56-a35e-4d78-8c42-25353df18ded"}}
{"__type":"$$EventMessageConfirm","confirm":"9092e9f4-b2d6-4b74-a840-6c30adb17994","ts":"2026-10-07T20:51:38.582-04:00","source":{"id":"0","name":"eventBus"}}
{"__type":"$$EventMessageNode","id":"abe53032-ecaa-4968-8914-d126cb7c4a58","ts":"2026-10-07T20:51:38.591-04:00","eventName":"n8n.node.finished","message":"n8n.node.finished","payload":{"workflowId":"PaLPAf3VhFN11mWP","workflowName":"chimueloBot","executionId":"3685","nodeType":"n8n-nodes-base.if","nodeName":"If3","nodeId":"95b56f56-a35e-4d78-8c42-25353df18ded"}}
{"__type":"$$EventMessageConfirm","confirm":"abe53032-ecaa-4968-8914-d126cb7c4a58","ts":"2026-10-07T20:51:38.591-04:00","source":{"id":"0","name":"eventBus"}}
{"__type":"$$EventMessageNode","id":"9014b301-7a06-4c74-9443-f7317e119eac","ts":"2026-10-07T20:51:38.591-04:00","eventName":"n8n.node.started","message":"n8n.node.started","payload":{"workflowId":"PaLPAf3VhFN11mWP","workflowName":"chimueloBot","executionId":"3685","nodeType":"n8n-nodes-base.if","nodeName":"If","nodeId":"fce468f6-e692-43e8-a90c-29d403eaad22"}}
{"__type":"$$EventMessageConfirm","confirm":"9014b301-7a06-4c74-9443-f7317e119eac","ts":"2026-10-07T20:51:38.591-04:00","source":{"id":"0","name":"eventBus"}}
{"__type":"$$EventMessageNode","id":"c5f74c45-40de-461c-a921-37d7dcc4962a","ts":"2026-10-07T20:51:38.594-04:00","eventName":"n8n.node.finished","message":"n8n.node.finished","payload":{"workflowId":"PaLPAf3VhFN11mWP","workflowName":"chimueloBot","executionId":"3685","nodeType":"n8n-nodes-base.if","nodeName":"If","nodeId":"fce468f6-e692-43e8-a90c-29d403eaad22"}}
{"__type":"$$EventMessageConfirm","confirm":"c5f74c45-40de-461c-a921-37d7dcc4962a","ts":"2026-10-07T20:51:38.594-04:00","source":{"id":"0","name":"eventBus"}}
{"__type":"$$EventMessageNode","id":"9c8bd225-33ac-4e8a-ba6c-1597d7175cf2","ts":"2026-10-07T20:51:38.594-04:00","eventName":"n8n.node.started","message":"n8n.node.started","payload":{"workflowId":"PaLPAf3VhFN11mWP","workflowName":"chimueloBot","executionId":"3685","nodeType":"n8n-nodes-base.if","nodeName":"If1","nodeId":"e019ba3d-6fff-4262-8bed-dfee6e3133d7"}}
{"__type":"$$EventMessageConfirm","confirm":"9c8bd225-33ac-4e8a-ba6c-1597d7175cf2","ts":"2026-10-07T20:51:38.594-04:00","source":{"id":"0","name":"eventBus"}}
{"__type":"$$EventMessageNode","id":"56e46ed8-2c46-4f7e-a86b-e0aa9121c575","ts":"2026-10-07T20:51:38.596-04:00","eventName":"n8n.node.finished","message":"n8n.node.finished","payload":{"workflowId":"PaLPAf3VhFN11mWP","workflowName":"chimueloBot","executionId":"3685","nodeType":"n8n-nodes-base.if","nodeName":"If1","nodeId":"e019ba3d-6fff-4262-8bed-dfee6e3133d7"}}
{"__type":"$$EventMessageConfirm","confirm":"56e46ed8-2c46-4f7e-a86b-e0aa9121c575","ts":"2026-10-07T20:51:38.597-04:00","source":{"id":"0","name":"eventBus"}}
{"__type":"$$EventMessageNode","id":"9239e2d3-f3b0-424a-9deb-941c01873b43","ts":"2026-10-07T20:51:38.597-04:00","eventName":"n8n.node.started","message":"n8n.node.started","payload":{"workflowId":"PaLPAf3VhFN11mWP","workflowName":"chimueloBot","executionId":"3685","nodeType":"n8n-nodes-base.if","nodeName":"If2","nodeId":"79a91f8d-afeb-4ddc-b6f8-3c9bb45fc216"}}
{"__type":"$$EventMessageConfirm","confirm":"9239e2d3-f3b0-424a-9deb-941c01873b43","ts":"2026-10-07T20:51:38.597-04:00","source":{"id":"0","name":"eventBus"}}
{"__type":"$$EventMessageNode","id":"833279e7-a03e-424f-9480-fa9fafbad030","ts":"2026-10-07T20:51:38.600-04:00","eventName":"n8n.node.finished","message":"n8n.node.finished","payload":{"workflowId":"PaLPAf3VhFN11mWP","workflowName":"chimueloBot","executionId":"3685","nodeType":"n8n-nodes-base.if","nodeName":"If2","nodeId":"79a91f8d-afeb-4ddc-b6f8-3c9bb45fc216"}}
{"__type":"$$EventMessageConfirm","confirm":"833279e7-a03e-424f-9480-fa9fafbad030","ts":"2026-10-07T20:51:38.601-04:00","source":{"id":"0","name":"eventBus"}}
{"__type":"$$EventMessageWorkflow","id":"89960692-02f2-4950-b57e-df01636d6d59","ts":"2026-10-07T20:51:38.601-04:00","eventName":"n8n.workflow.success","message":"n8n.workflow.success","payload":{"executionId":"3685","success":true,"isManual":false,"mode":"webhook","workflowId":"PaLPAf3VhFN11mWP","workflowName":"chimueloBot","projectId":"4cXhCbdLbVUJK3Dd","projectName":"Ramiro De Rogatis <ramirojavierderogatis@hotmail.com>"}}
{"__type":"$$EventMessageConfirm","confirm":"89960692-02f2-4950-b57e-df01636d6d59","ts":"2026-10-07T20:51:38.601-04:00","source":{"id":"0","name":"eventBus"}}
{"__type":"$$EventMessageAudit","id":"b956abc5-ec73-4e65-87eb-7832fa61f258","ts":"2026-10-07T20:51:39.237-04:00","eventName":"n8n.audit.workflow.executed","message":"n8n.audit.workflow.executed","payload":{"workflowId":"PaLPAf3VhFN11mWP","workflowName":"chimueloBot","executionId":"3686","projectId":"4cXhCbdLbVUJK3Dd","projectName":"Ramiro De Rogatis <ramirojavierderogatis@hotmail.com>","source":"webhook"}}
{"__type":"$$EventMessageConfirm","confirm":"b956abc5-ec73-4e65-87eb-7832fa61f258","ts":"2026-10-07T20:51:39.237-04:00","source":{"id":"0","name":"eventBus"}}
{"__type":"$$EventMessageWorkflow","id":"f812188a-d0c9-4c43-8419-757609108475","ts":"2026-10-07T20:51:39.237-04:00","eventName":"n8n.workflow.started","message":"n8n.workflow.started","payload":{"executionId":"3686","workflowId":"PaLPAf3VhFN11mWP","isManual":false,"mode":"webhook","workflowName":"chimueloBot","projectId":"4cXhCbdLbVUJK3Dd","projectName":"Ramiro De Rogatis <ramirojavierderogatis@hotmail.com>"}}
{"__type":"$$EventMessageConfirm","confirm":"f812188a-d0c9-4c43-8419-757609108475","ts":"2026-10-07T20:51:39.237-04:00","source":{"id":"0","name":"eventBus"}}
{"__type":"$$EventMessageNode","id":"6b7b6b36-302f-4c94-b9df-089aa2cc0cc4","ts":"2026-10-07T20:51:39.238-04:00","eventName":"n8n.node.started","message":"n8n.node.started","payload":{"workflowId":"PaLPAf3VhFN11mWP","workflowName":"chimueloBot","executionId":"3686","nodeType":"n8n-nodes-base.webhook","nodeName":"Webhook","nodeId":"835eee2e-f5a8-41ae-8da8-c411adda2ef3"}}
{"__type":"$$EventMessageConfirm","confirm":"6b7b6b36-302f-4c94-b9df-089aa2cc0cc4","ts":"2026-10-07T20:51:39.238-04:00","source":{"id":"0","name":"eventBus"}}
{"__type":"$$EventMessageNode","id":"104acc6f-7e30-4075-bc0e-aad1bf5e55ff","ts":"2026-10-07T20:51:39.238-04:00","eventName":"n8n.node.finished","message":"n8n.node.finished","payload":{"workflowId":"PaLPAf3VhFN11mWP","workflowName":"chimueloBot","executionId":"3686","nodeType":"n8n-nodes-base.webhook","nodeName":"Webhook","nodeId":"835eee2e-f5a8-41ae-8da8-c411adda2ef3"}}
{"__type":"$$EventMessageConfirm","confirm":"104acc6f-7e30-4075-bc0e-aad1bf5e55ff","ts":"2026-10-07T20:51:39.238-04:00","source":{"id":"0","name":"eventBus"}}
{"__type":"$$EventMessageNode","id":"ed5dc130-4f87-4530-b358-f0e45965a78d","ts":"2026-10-07T20:51:39.238-04:00","eventName":"n8n.node.started","message":"n8n.node.started","payload":{"workflowId":"PaLPAf3VhFN11mWP","workflowName":"chimueloBot","executionId":"3686","nodeType":"n8n-nodes-base.if","nodeName":"If3","nodeId":"95b56f56-a35e-4d78-8c42-25353df18ded"}}
{"__type":"$$EventMessageConfirm","confirm":"ed5dc130-4f87-4530-b358-f0e45965a78d","ts":"2026-10-07T20:51:39.239-04:00","source":{"id":"0","name":"eventBus"}}
{"__type":"$$EventMessageNode","id":"b6cb4ad9-5ca5-4e03-894c-2a887cb2c34c","ts":"2026-10-07T20:51:39.246-04:00","eventName":"n8n.node.finished","message":"n8n.node.finished","payload":{"workflowId":"PaLPAf3VhFN11mWP","workflowName":"chimueloBot","executionId":"3686","nodeType":"n8n-nodes-base.if","nodeName":"If3","nodeId":"95b56f56-a35e-4d78-8c42-25353df18ded"}}
{"__type":"$$EventMessageConfirm","confirm":"b6cb4ad9-5ca5-4e03-894c-2a887cb2c34c","ts":"2026-10-07T20:51:39.246-04:00","source":{"id":"0","name":"eventBus"}}
{"__type":"$$EventMessageNode","id":"6c7a7768-aa9f-478b-afba-bb0dc2ce2273","ts":"2026-10-07T20:51:39.246-04:00","eventName":"n8n.node.started","message":"n8n.node.started","payload":{"workflowId":"PaLPAf3VhFN11mWP","workflowName":"chimueloBot","executionId":"3686","nodeType":"n8n-nodes-base.if","nodeName":"If","nodeId":"fce468f6-e692-43e8-a90c-29d403eaad22"}}
{"__type":"$$EventMessageConfirm","confirm":"6c7a7768-aa9f-478b-afba-bb0dc2ce2273","ts":"2026-10-07T20:51:39.246-04:00","source":{"id":"0","name":"eventBus"}}
{"__type":"$$EventMessageNode","id":"672609c4-c1b7-4c06-ba44-4fdd2a6d904b","ts":"2026-10-07T20:51:39.249-04:00","eventName":"n8n.node.finished","message":"n8n.node.finished","payload":{"workflowId":"PaLPAf3VhFN11mWP","workflowName":"chimueloBot","executionId":"3686","nodeType":"n8n-nodes-base.if","nodeName":"If","nodeId":"fce468f6-e692-43e8-a90c-29d403eaad22"}}
{"__type":"$$EventMessageConfirm","confirm":"672609c4-c1b7-4c06-ba44-4fdd2a6d904b","ts":"2026-10-07T20:51:39.249-04:00","source":{"id":"0","name":"eventBus"}}
{"__type":"$$EventMessageNode","id":"945c5a9f-ba62-4494-b4ea-dcc7b9651235","ts":"2026-10-07T20:51:39.249-04:00","eventName":"n8n.node.started","message":"n8n.node.started","payload":{"workflowId":"PaLPAf3VhFN11mWP","workflowName":"chimueloBot","executionId":"3686","nodeType":"n8n-nodes-base.if","nodeName":"If1","nodeId":"e019ba3d-6fff-4262-8bed-dfee6e3133d7"}}
{"__type":"$$EventMessageConfirm","confirm":"945c5a9f-ba62-4494-b4ea-dcc7b9651235","ts":"2026-10-07T20:51:39.249-04:00","source":{"id":"0","name":"eventBus"}}
{"__type":"$$EventMessageNode","id":"df59b6c6-6604-49de-9fdd-15921ef55f6a","ts":"2026-10-07T20:51:39.251-04:00","eventName":"n8n.node.finished","message":"n8n.node.finished","payload":{"workflowId":"PaLPAf3VhFN11mWP","workflowName":"chimueloBot","executionId":"3686","nodeType":"n8n-nodes-base.if","nodeName":"If1","nodeId":"e019ba3d-6fff-4262-8bed-dfee6e3133d7"}}
{"__type":"$$EventMessageConfirm","confirm":"df59b6c6-6604-49de-9fdd-15921ef55f6a","ts":"2026-10-07T20:51:39.251-04:00","source":{"id":"0","name":"eventBus"}}
{"__type":"$$EventMessageNode","id":"2712165e-2cff-4c1c-8499-50ca138c0d6b","ts":"2026-10-07T20:51:39.252-04:00","eventName":"n8n.node.started","message":"n8n.node.started","payload":{"workflowId":"PaLPAf3VhFN11mWP","workflowName":"chimueloBot","executionId":"3686","nodeType":"n8n-nodes-base.if","nodeName":"If2","nodeId":"79a91f8d-afeb-4ddc-b6f8-3c9bb45fc216"}}
{"__type":"$$EventMessageConfirm","confirm":"2712165e-2cff-4c1c-8499-50ca138c0d6b","ts":"2026-10-07T20:51:39.252-04:00","source":{"id":"0","name":"eventBus"}}
{"__type":"$$EventMessageNode","id":"a5ae3e96-e2f7-44c8-bcdc-eea9401421f6","ts":"2026-10-07T20:51:39.257-04:00","eventName":"n8n.node.finished","message":"n8n.node.finished","payload":{"workflowId":"PaLPAf3VhFN11mWP","workflowName":"chimueloBot","executionId":"3686","nodeType":"n8n-nodes-base.if","nodeName":"If2","nodeId":"79a91f8d-afeb-4ddc-b6f8-3c9bb45fc216"}}
{"__type":"$$EventMessageConfirm","confirm":"a5ae3e96-e2f7-44c8-bcdc-eea9401421f6","ts":"2026-10-07T20:51:39.258-04:00","source":{"id":"0","name":"eventBus"}}
{"__type":"$$EventMessageWorkflow","id":"7a8b13f1-de49-49fa-85a3-a77b5a9c2f22","ts":"2026-10-07T20:51:39.258-04:00","eventName":"n8n.workflow.success","message":"n8n.workflow.success","payload":{"executionId":"3686","success":true,"isManual":false,"mode":"webhook","workflowId":"PaLPAf3VhFN11mWP","workflowName":"chimueloBot","projectId":"4cXhCbdLbVUJK3Dd","projectName":"Ramiro De Rogatis <ramirojavierderogatis@hotmail.com>"}}
{"__type":"$$EventMessageConfirm","confirm":"7a8b13f1-de49-49fa-85a3-a77b5a9c2f22","ts":"2026-10-07T20:51:39.258-04:00","source":{"id":"0","name":"eventBus"}}
{"__type":"$$EventMessageAudit","id":"b66144d2-d0b4-4eed-9697-e1e186df53bd","ts":"2026-10-07T20:51:39.874-04:00","eventName":"n8n.audit.workflow.executed","message":"n8n.audit.workflow.executed","payload":{"workflowId":"PaLPAf3VhFN11mWP","workflowName":"chimueloBot","executionId":"3687","projectId":"4cXhCbdLbVUJK3Dd","projectName":"Ramiro De Rogatis <ramirojavierderogatis@hotmail.com>","source":"webhook"}}
{"__type":"$$EventMessageConfirm","confirm":"b66144d2-d0b4-4eed-9697-e1e186df53bd","ts":"2026-10-07T20:51:39.874-04:00","source":{"id":"0","name":"eventBus"}}
{"__type":"$$EventMessageWorkflow","id":"fceb14ef-8462-4d1a-b50c-ed77c6a46fe4","ts":"2026-10-07T20:51:39.874-04:00","eventName":"n8n.workflow.started","message":"n8n.workflow.started","payload":{"executionId":"3687","workflowId":"PaLPAf3VhFN11mWP","isManual":false,"mode":"webhook","workflowName":"chimueloBot","projectId":"4cXhCbdLbVUJK3Dd","projectName":"Ramiro De Rogatis <ramirojavierderogatis@hotmail.com>"}}
{"__type":"$$EventMessageConfirm","confirm":"fceb14ef-8462-4d1a-b50c-ed77c6a46fe4","ts":"2026-10-07T20:51:39.874-04:00","source":{"id":"0","name":"eventBus"}}
{"__type":"$$EventMessageNode","id":"6acacb86-9e61-4b8d-ab40-60c33989fef2","ts":"2026-10-07T20:51:39.875-04:00","eventName":"n8n.node.started","message":"n8n.node.started","payload":{"workflowId":"PaLPAf3VhFN11mWP","workflowName":"chimueloBot","executionId":"3687","nodeType":"n8n-nodes-base.webhook","nodeName":"Webhook","nodeId":"835eee2e-f5a8-41ae-8da8-c411adda2ef3"}}
{"__type":"$$EventMessageConfirm","confirm":"6acacb86-9e61-4b8d-ab40-60c33989fef2","ts":"2026-10-07T20:51:39.875-04:00","source":{"id":"0","name":"eventBus"}}
{"__type":"$$EventMessageNode","id":"ab2e9b36-4744-4322-9582-6bd4a647e78f","ts":"2026-10-07T20:51:39.875-04:00","eventName":"n8n.node.finished","message":"n8n.node.finished","payload":{"workflowId":"PaLPAf3VhFN11mWP","workflowName":"chimueloBot","executionId":"3687","nodeType":"n8n-nodes-base.webhook","nodeName":"Webhook","nodeId":"835eee2e-f5a8-41ae-8da8-c411adda2ef3"}}
{"__type":"$$EventMessageConfirm","confirm":"ab2e9b36-4744-4322-9582-6bd4a647e78f","ts":"2026-10-07T20:51:39.875-04:00","source":{"id":"0","name":"eventBus"}}
{"__type":"$$EventMessageNode","id":"e5386da5-09b2-401b-ba27-50fcff182fd2","ts":"2026-10-07T20:51:39.875-04:00","eventName":"n8n.node.started","message":"n8n.node.started","payload":{"workflowId":"PaLPAf3VhFN11mWP","workflowName":"chimueloBot","executionId":"3687","nodeType":"n8n-nodes-base.if","nodeName":"If3","nodeId":"95b56f56-a35e-4d78-8c42-25353df18ded"}}
{"__type":"$$EventMessageConfirm","confirm":"e5386da5-09b2-401b-ba27-50fcff182fd2","ts":"2026-10-07T20:51:39.875-04:00","source":{"id":"0","name":"eventBus"}}
{"__type":"$$EventMessageNode","id":"fcaf25ff-cca5-41b3-b8c7-dffdf35b4aec","ts":"2026-10-07T20:51:39.882-04:00","eventName":"n8n.node.finished","message":"n8n.node.finished","payload":{"workflowId":"PaLPAf3VhFN11mWP","workflowName":"chimueloBot","executionId":"3687","nodeType":"n8n-nodes-base.if","nodeName":"If3","nodeId":"95b56f56-a35e-4d78-8c42-25353df18ded"}}
{"__type":"$$EventMessageConfirm","confirm":"fcaf25ff-cca5-41b3-b8c7-dffdf35b4aec","ts":"2026-10-07T20:51:39.882-04:00","source":{"id":"0","name":"eventBus"}}
{"__type":"$$EventMessageNode","id":"4b0f75f5-b3bb-4298-9bbe-a2b5c6788608","ts":"2026-10-07T20:51:39.882-04:00","eventName":"n8n.node.started","message":"n8n.node.started","payload":{"workflowId":"PaLPAf3VhFN11mWP","workflowName":"chimueloBot","executionId":"3687","nodeType":"n8n-nodes-base.if","nodeName":"If","nodeId":"fce468f6-e692-43e8-a90c-29d403eaad22"}}
{"__type":"$$EventMessageConfirm","confirm":"4b0f75f5-b3bb-4298-9bbe-a2b5c6788608","ts":"2026-10-07T20:51:39.882-04:00","source":{"id":"0","name":"eventBus"}}
{"__type":"$$EventMessageNode","id":"146af213-6afc-4954-9ff1-8d2a64fa5e8b","ts":"2026-10-07T20:51:39.884-04:00","eventName":"n8n.node.finished","message":"n8n.node.finished","payload":{"workflowId":"PaLPAf3VhFN11mWP","workflowName":"chimueloBot","executionId":"3687","nodeType":"n8n-nodes-base.if","nodeName":"If","nodeId":"fce468f6-e692-43e8-a90c-29d403eaad22"}}
{"__type":"$$EventMessageConfirm","confirm":"146af213-6afc-4954-9ff1-8d2a64fa5e8b","ts":"2026-10-07T20:51:39.884-04:00","source":{"id":"0","name":"eventBus"}}
{"__type":"$$EventMessageNode","id":"a1a8e2b9-d9af-497e-a3cf-abe01c598135","ts":"2026-10-07T20:51:39.884-04:00","eventName":"n8n.node.started","message":"n8n.node.started","payload":{"workflowId":"PaLPAf3VhFN11mWP","workflowName":"chimueloBot","executionId":"3687","nodeType":"n8n-nodes-base.if","nodeName":"If1","nodeId":"e019ba3d-6fff-4262-8bed-dfee6e3133d7"}}
{"__type":"$$EventMessageConfirm","confirm":"a1a8e2b9-d9af-497e-a3cf-abe01c598135","ts":"2026-10-07T20:51:39.884-04:00","source":{"id":"0","name":"eventBus"}}
{"__type":"$$EventMessageNode","id":"9b6c062a-5eeb-40c3-9838-44bc4961b724","ts":"2026-10-07T20:51:39.886-04:00","eventName":"n8n.node.finished","message":"n8n.node.finished","payload":{"workflowId":"PaLPAf3VhFN11mWP","workflowName":"chimueloBot","executionId":"3687","nodeType":"n8n-nodes-base.if","nodeName":"If1","nodeId":"e019ba3d-6fff-4262-8bed-dfee6e3133d7"}}
{"__type":"$$EventMessageConfirm","confirm":"9b6c062a-5eeb-40c3-9838-44bc4961b724","ts":"2026-10-07T20:51:39.886-04:00","source":{"id":"0","name":"eventBus"}}
{"__type":"$$EventMessageNode","id":"16ce9822-4d18-4443-a6fe-71dec7471a80","ts":"2026-10-07T20:51:39.886-04:00","eventName":"n8n.node.started","message":"n8n.node.started","payload":{"workflowId":"PaLPAf3VhFN11mWP","workflowName":"chimueloBot","executionId":"3687","nodeType":"n8n-nodes-base.if","nodeName":"If2","nodeId":"79a91f8d-afeb-4ddc-b6f8-3c9bb45fc216"}}
{"__type":"$$EventMessageConfirm","confirm":"16ce9822-4d18-4443-a6fe-71dec7471a80","ts":"2026-10-07T20:51:39.886-04:00","source":{"id":"0","name":"eventBus"}}
{"__type":"$$EventMessageNode","id":"856cc612-884a-4be6-b0ba-eeff5a9928a2","ts":"2026-10-07T20:51:39.890-04:00","eventName":"n8n.node.finished","message":"n8n.node.finished","payload":{"workflowId":"PaLPAf3VhFN11mWP","workflowName":"chimueloBot","executionId":"3687","nodeType":"n8n-nodes-base.if","nodeName":"If2","nodeId":"79a91f8d-afeb-4ddc-b6f8-3c9bb45fc216"}}
{"__type":"$$EventMessageConfirm","confirm":"856cc612-884a-4be6-b0ba-eeff5a9928a2","ts":"2026-10-07T20:51:39.890-04:00","source":{"id":"0","name":"eventBus"}}
{"__type":"$$EventMessageWorkflow","id":"29bbbc1e-9789-4c32-9ae0-38149557030c","ts":"2026-10-07T20:51:39.890-04:00","eventName":"n8n.workflow.success","message":"n8n.workflow.success","payload":{"executionId":"3687","success":true,"isManual":false,"mode":"webhook","workflowId":"PaLPAf3VhFN11mWP","workflowName":"chimueloBot","projectId":"4cXhCbdLbVUJK3Dd","projectName":"Ramiro De Rogatis <ramirojavierderogatis@hotmail.com>"}}
{"__type":"$$EventMessageConfirm","confirm":"29bbbc1e-9789-4c32-9ae0-38149557030c","ts":"2026-10-07T20:51:39.890-04:00","source":{"id":"0","name":"eventBus"}}
{"__type":"$$EventMessageAudit","id":"ddd3e622-0335-4ac0-a66b-4224caf8c57d","ts":"2026-10-07T20:51:40.686-04:00","eventName":"n8n.audit.workflow.executed","message":"n8n.audit.workflow.executed","payload":{"workflowId":"PaLPAf3VhFN11mWP","workflowName":"chimueloBot","executionId":"3688","projectId":"4cXhCbdLbVUJK3Dd","projectName":"Ramiro De Rogatis <ramirojavierderogatis@hotmail.com>","source":"webhook"}}
{"__type":"$$EventMessageConfirm","confirm":"ddd3e622-0335-4ac0-a66b-4224caf8c57d","ts":"2026-10-07T20:51:40.686-04:00","source":{"id":"0","name":"eventBus"}}
{"__type":"$$EventMessageWorkflow","id":"d94d8b32-051d-490f-bd26-599c1b5d9fb6","ts":"2026-10-07T20:51:40.686-04:00","eventName":"n8n.workflow.started","message":"n8n.workflow.started","payload":{"executionId":"3688","workflowId":"PaLPAf3VhFN11mWP","isManual":false,"mode":"webhook","workflowName":"chimueloBot","projectId":"4cXhCbdLbVUJK3Dd","projectName":"Ramiro De Rogatis <ramirojavierderogatis@hotmail.com>"}}
{"__type":"$$EventMessageConfirm","confirm":"d94d8b32-051d-490f-bd26-599c1b5d9fb6","ts":"2026-10-07T20:51:40.686-04:00","source":{"id":"0","name":"eventBus"}}
{"__type":"$$EventMessageNode","id":"d92a07b7-8876-4356-8e43-713b84f29aab","ts":"2026-10-07T20:51:40.687-04:00","eventName":"n8n.node.started","message":"n8n.node.started","payload":{"workflowId":"PaLPAf3VhFN11mWP","workflowName":"chimueloBot","executionId":"3688","nodeType":"n8n-nodes-base.webhook","nodeName":"Webhook","nodeId":"835eee2e-f5a8-41ae-8da8-c411adda2ef3"}}
{"__type":"$$EventMessageConfirm","confirm":"d92a07b7-8876-4356-8e43-713b84f29aab","ts":"2026-10-07T20:51:40.687-04:00","source":{"id":"0","name":"eventBus"}}
{"__type":"$$EventMessageNode","id":"d75f0aa2-4fa1-45ef-8a75-48cb6166d45d","ts":"2026-10-07T20:51:40.687-04:00","eventName":"n8n.node.finished","message":"n8n.node.finished","payload":{"workflowId":"PaLPAf3VhFN11mWP","workflowName":"chimueloBot","executionId":"3688","nodeType":"n8n-nodes-base.webhook","nodeName":"Webhook","nodeId":"835eee2e-f5a8-41ae-8da8-c411adda2ef3"}}
{"__type":"$$EventMessageConfirm","confirm":"d75f0aa2-4fa1-45ef-8a75-48cb6166d45d","ts":"2026-10-07T20:51:40.687-04:00","source":{"id":"0","name":"eventBus"}}
{"__type":"$$EventMessageNode","id":"8e5b9a57-ee5e-4b1e-81ad-0b0fe0e465be","ts":"2026-10-07T20:51:40.687-04:00","eventName":"n8n.node.started","message":"n8n.node.started","payload":{"workflowId":"PaLPAf3VhFN11mWP","workflowName":"chimueloBot","executionId":"3688","nodeType":"n8n-nodes-base.if","nodeName":"If3","nodeId":"95b56f56-a35e-4d78-8c42-25353df18ded"}}
{"__type":"$$EventMessageConfirm","confirm":"8e5b9a57-ee5e-4b1e-81ad-0b0fe0e465be","ts":"2026-10-07T20:51:40.687-04:00","source":{"id":"0","name":"eventBus"}}
{"__type":"$$EventMessageNode","id":"f1ab0090-f2fe-4b9d-9689-45ac131220d4","ts":"2026-10-07T20:51:40.693-04:00","eventName":"n8n.node.finished","message":"n8n.node.finished","payload":{"workflowId":"PaLPAf3VhFN11mWP","workflowName":"chimueloBot","executionId":"3688","nodeType":"n8n-nodes-base.if","nodeName":"If3","nodeId":"95b56f56-a35e-4d78-8c42-25353df18ded"}}
{"__type":"$$EventMessageConfirm","confirm":"f1ab0090-f2fe-4b9d-9689-45ac131220d4","ts":"2026-10-07T20:51:40.693-04:00","source":{"id":"0","name":"eventBus"}}
{"__type":"$$EventMessageNode","id":"58c49c23-7c98-460d-903d-a9ee8b82e1b2","ts":"2026-10-07T20:51:40.693-04:00","eventName":"n8n.node.started","message":"n8n.node.started","payload":{"workflowId":"PaLPAf3VhFN11mWP","workflowName":"chimueloBot","executionId":"3688","nodeType":"n8n-nodes-base.if","nodeName":"If","nodeId":"fce468f6-e692-43e8-a90c-29d403eaad22"}}
{"__type":"$$EventMessageConfirm","confirm":"58c49c23-7c98-460d-903d-a9ee8b82e1b2","ts":"2026-10-07T20:51:40.693-04:00","source":{"id":"0","name":"eventBus"}}
{"__type":"$$EventMessageNode","id":"4d7546d0-5af5-4164-953a-8ac9c9b9b1ac","ts":"2026-10-07T20:51:40.695-04:00","eventName":"n8n.node.finished","message":"n8n.node.finished","payload":{"workflowId":"PaLPAf3VhFN11mWP","workflowName":"chimueloBot","executionId":"3688","nodeType":"n8n-nodes-base.if","nodeName":"If","nodeId":"fce468f6-e692-43e8-a90c-29d403eaad22"}}
{"__type":"$$EventMessageConfirm","confirm":"4d7546d0-5af5-4164-953a-8ac9c9b9b1ac","ts":"2026-10-07T20:51:40.695-04:00","source":{"id":"0","name":"eventBus"}}
{"__type":"$$EventMessageNode","id":"825c09d1-9e64-4f68-8a56-ef55490175b9","ts":"2026-10-07T20:51:40.695-04:00","eventName":"n8n.node.started","message":"n8n.node.started","payload":{"workflowId":"PaLPAf3VhFN11mWP","workflowName":"chimueloBot","executionId":"3688","nodeType":"n8n-nodes-base.if","nodeName":"If1","nodeId":"e019ba3d-6fff-4262-8bed-dfee6e3133d7"}}
{"__type":"$$EventMessageConfirm","confirm":"825c09d1-9e64-4f68-8a56-ef55490175b9","ts":"2026-10-07T20:51:40.695-04:00","source":{"id":"0","name":"eventBus"}}
{"__type":"$$EventMessageNode","id":"9bb339fd-e741-4e0c-88e5-0dc0027e0714","ts":"2026-10-07T20:51:40.697-04:00","eventName":"n8n.node.finished","message":"n8n.node.finished","payload":{"workflowId":"PaLPAf3VhFN11mWP","workflowName":"chimueloBot","executionId":"3688","nodeType":"n8n-nodes-base.if","nodeName":"If1","nodeId":"e019ba3d-6fff-4262-8bed-dfee6e3133d7"}}
{"__type":"$$EventMessageConfirm","confirm":"9bb339fd-e741-4e0c-88e5-0dc0027e0714","ts":"2026-10-07T20:51:40.697-04:00","source":{"id":"0","name":"eventBus"}}
{"__type":"$$EventMessageNode","id":"85f9ff3c-a3af-4120-868d-c0cb9a9fd187","ts":"2026-10-07T20:51:40.697-04:00","eventName":"n8n.node.started","message":"n8n.node.started","payload":{"workflowId":"PaLPAf3VhFN11mWP","workflowName":"chimueloBot","executionId":"3688","nodeType":"n8n-nodes-base.if","nodeName":"If2","nodeId":"79a91f8d-afeb-4ddc-b6f8-3c9bb45fc216"}}
{"__type":"$$EventMessageConfirm","confirm":"85f9ff3c-a3af-4120-868d-c0cb9a9fd187","ts":"2026-10-07T20:51:40.697-04:00","source":{"id":"0","name":"eventBus"}}
{"__type":"$$EventMessageNode","id":"0a4552f6-5cef-49bd-a537-b3c96cae5efc","ts":"2026-10-07T20:51:40.701-04:00","eventName":"n8n.node.finished","message":"n8n.node.finished","payload":{"workflowId":"PaLPAf3VhFN11mWP","workflowName":"chimueloBot","executionId":"3688","nodeType":"n8n-nodes-base.if","nodeName":"If2","nodeId":"79a91f8d-afeb-4ddc-b6f8-3c9bb45fc216"}}
{"__type":"$$EventMessageConfirm","confirm":"0a4552f6-5cef-49bd-a537-b3c96cae5efc","ts":"2026-10-07T20:51:40.701-04:00","source":{"id":"0","name":"eventBus"}}
{"__type":"$$EventMessageWorkflow","id":"e9aab1ec-c982-41dc-a3bf-c7fe4b12191a","ts":"2026-10-07T20:51:40.701-04:00","eventName":"n8n.workflow.success","message":"n8n.workflow.success","payload":{"executionId":"3688","success":true,"isManual":false,"mode":"webhook","workflowId":"PaLPAf3VhFN11mWP","workflowName":"chimueloBot","projectId":"4cXhCbdLbVUJK3Dd","projectName":"Ramiro De Rogatis <ramirojavierderogatis@hotmail.com>"}}
{"__type":"$$EventMessageConfirm","confirm":"e9aab1ec-c982-41dc-a3bf-c7fe4b12191a","ts":"2026-10-07T20:51:40.701-04:00","source":{"id":"0","name":"eventBus"}}
{"__type":"$$EventMessageAudit","id":"ec9b443b-d1c2-485c-920d-aaa61baae597","ts":"2026-10-07T20:51:41.361-04:00","eventName":"n8n.audit.workflow.executed","message":"n8n.audit.workflow.executed","payload":{"workflowId":"PaLPAf3VhFN11mWP","workflowName":"chimueloBot","executionId":"3689","projectId":"4cXhCbdLbVUJK3Dd","projectName":"Ramiro De Rogatis <ramirojavierderogatis@hotmail.com>","source":"webhook"}}
{"__type":"$$EventMessageConfirm","confirm":"ec9b443b-d1c2-485c-920d-aaa61baae597","ts":"2026-10-07T20:51:41.362-04:00","source":{"id":"0","name":"eventBus"}}
{"__type":"$$EventMessageWorkflow","id":"3475b883-206e-48e6-bebf-1b5b2588388b","ts":"2026-10-07T20:51:41.362-04:00","eventName":"n8n.workflow.started","message":"n8n.workflow.started","payload":{"executionId":"3689","workflowId":"PaLPAf3VhFN11mWP","isManual":false,"mode":"webhook","workflowName":"chimueloBot","projectId":"4cXhCbdLbVUJK3Dd","projectName":"Ramiro De Rogatis <ramirojavierderogatis@hotmail.com>"}}
{"__type":"$$EventMessageConfirm","confirm":"3475b883-206e-48e6-bebf-1b5b2588388b","ts":"2026-10-07T20:51:41.362-04:00","source":{"id":"0","name":"eventBus"}}
{"__type":"$$EventMessageNode","id":"ad2ee338-c912-485b-9001-c9d79318df06","ts":"2026-10-07T20:51:41.363-04:00","eventName":"n8n.node.started","message":"n8n.node.started","payload":{"workflowId":"PaLPAf3VhFN11mWP","workflowName":"chimueloBot","executionId":"3689","nodeType":"n8n-nodes-base.webhook","nodeName":"Webhook","nodeId":"835eee2e-f5a8-41ae-8da8-c411adda2ef3"}}
{"__type":"$$EventMessageConfirm","confirm":"ad2ee338-c912-485b-9001-c9d79318df06","ts":"2026-10-07T20:51:41.363-04:00","source":{"id":"0","name":"eventBus"}}
{"__type":"$$EventMessageNode","id":"335bd3fd-0035-47bc-a498-f298093e0f2b","ts":"2026-10-07T20:51:41.363-04:00","eventName":"n8n.node.finished","message":"n8n.node.finished","payload":{"workflowId":"PaLPAf3VhFN11mWP","workflowName":"chimueloBot","executionId":"3689","nodeType":"n8n-nodes-base.webhook","nodeName":"Webhook","nodeId":"835eee2e-f5a8-41ae-8da8-c411adda2ef3"}}
{"__type":"$$EventMessageConfirm","confirm":"335bd3fd-0035-47bc-a498-f298093e0f2b","ts":"2026-10-07T20:51:41.363-04:00","source":{"id":"0","name":"eventBus"}}
{"__type":"$$EventMessageNode","id":"ab0cf58d-b682-48ce-b7af-622c9caab151","ts":"2026-10-07T20:51:41.363-04:00","eventName":"n8n.node.started","message":"n8n.node.started","payload":{"workflowId":"PaLPAf3VhFN11mWP","workflowName":"chimueloBot","executionId":"3689","nodeType":"n8n-nodes-base.if","nodeName":"If3","nodeId":"95b56f56-a35e-4d78-8c42-25353df18ded"}}
{"__type":"$$EventMessageConfirm","confirm":"ab0cf58d-b682-48ce-b7af-622c9caab151","ts":"2026-10-07T20:51:41.363-04:00","source":{"id":"0","name":"eventBus"}}
{"__type":"$$EventMessageNode","id":"3be04210-684b-4f4c-91f9-96f63224bb04","ts":"2026-10-07T20:51:41.371-04:00","eventName":"n8n.node.finished","message":"n8n.node.finished","payload":{"workflowId":"PaLPAf3VhFN11mWP","workflowName":"chimueloBot","executionId":"3689","nodeType":"n8n-nodes-base.if","nodeName":"If3","nodeId":"95b56f56-a35e-4d78-8c42-25353df18ded"}}
{"__type":"$$EventMessageConfirm","confirm":"3be04210-684b-4f4c-91f9-96f63224bb04","ts":"2026-10-07T20:51:41.371-04:00","source":{"id":"0","name":"eventBus"}}
{"__type":"$$EventMessageNode","id":"c60be824-bc7a-4183-b8c4-eadc2aecf6a8","ts":"2026-10-07T20:51:41.371-04:00","eventName":"n8n.node.started","message":"n8n.node.started","payload":{"workflowId":"PaLPAf3VhFN11mWP","workflowName":"chimueloBot","executionId":"3689","nodeType":"n8n-nodes-base.if","nodeName":"If","nodeId":"fce468f6-e692-43e8-a90c-29d403eaad22"}}
{"__type":"$$EventMessageConfirm","confirm":"c60be824-bc7a-4183-b8c4-eadc2aecf6a8","ts":"2026-10-07T20:51:41.371-04:00","source":{"id":"0","name":"eventBus"}}
{"__type":"$$EventMessageNode","id":"828fd94b-2ce3-4a98-be65-e0e131194821","ts":"2026-10-07T20:51:41.373-04:00","eventName":"n8n.node.finished","message":"n8n.node.finished","payload":{"workflowId":"PaLPAf3VhFN11mWP","workflowName":"chimueloBot","executionId":"3689","nodeType":"n8n-nodes-base.if","nodeName":"If","nodeId":"fce468f6-e692-43e8-a90c-29d403eaad22"}}
{"__type":"$$EventMessageConfirm","confirm":"828fd94b-2ce3-4a98-be65-e0e131194821","ts":"2026-10-07T20:51:41.373-04:00","source":{"id":"0","name":"eventBus"}}
{"__type":"$$EventMessageNode","id":"4a3e885e-8f0b-41c7-a17a-811637c1a0b6","ts":"2026-10-07T20:51:41.373-04:00","eventName":"n8n.node.started","message":"n8n.node.started","payload":{"workflowId":"PaLPAf3VhFN11mWP","workflowName":"chimueloBot","executionId":"3689","nodeType":"n8n-nodes-base.if","nodeName":"If1","nodeId":"e019ba3d-6fff-4262-8bed-dfee6e3133d7"}}
{"__type":"$$EventMessageConfirm","confirm":"4a3e885e-8f0b-41c7-a17a-811637c1a0b6","ts":"2026-10-07T20:51:41.373-04:00","source":{"id":"0","name":"eventBus"}}
{"__type":"$$EventMessageNode","id":"d0883903-e11f-44f1-8b58-1c7c806e6d14","ts":"2026-10-07T20:51:41.376-04:00","eventName":"n8n.node.finished","message":"n8n.node.finished","payload":{"workflowId":"PaLPAf3VhFN11mWP","workflowName":"chimueloBot","executionId":"3689","nodeType":"n8n-nodes-base.if","nodeName":"If1","nodeId":"e019ba3d-6fff-4262-8bed-dfee6e3133d7"}}
{"__type":"$$EventMessageConfirm","confirm":"d0883903-e11f-44f1-8b58-1c7c806e6d14","ts":"2026-10-07T20:51:41.376-04:00","source":{"id":"0","name":"eventBus"}}
{"__type":"$$EventMessageNode","id":"7b80eb90-e87d-4912-83ad-0c3c3d882c60","ts":"2026-10-07T20:51:41.376-04:00","eventName":"n8n.node.started","message":"n8n.node.started","payload":{"workflowId":"PaLPAf3VhFN11mWP","workflowName":"chimueloBot","executionId":"3689","nodeType":"n8n-nodes-base.if","nodeName":"If2","nodeId":"79a91f8d-afeb-4ddc-b6f8-3c9bb45fc216"}}
{"__type":"$$EventMessageConfirm","confirm":"7b80eb90-e87d-4912-83ad-0c3c3d882c60","ts":"2026-10-07T20:51:41.376-04:00","source":{"id":"0","name":"eventBus"}}
{"__type":"$$EventMessageNode","id":"be362149-f91c-4da7-9231-51c09152b8e7","ts":"2026-10-07T20:51:41.381-04:00","eventName":"n8n.node.finished","message":"n8n.node.finished","payload":{"workflowId":"PaLPAf3VhFN11mWP","workflowName":"chimueloBot","executionId":"3689","nodeType":"n8n-nodes-base.if","nodeName":"If2","nodeId":"79a91f8d-afeb-4ddc-b6f8-3c9bb45fc216"}}
{"__type":"$$EventMessageConfirm","confirm":"be362149-f91c-4da7-9231-51c09152b8e7","ts":"2026-10-07T20:51:41.381-04:00","source":{"id":"0","name":"eventBus"}}
{"__type":"$$EventMessageWorkflow","id":"4670b2aa-bbb6-4e06-8ef4-132840f0db10","ts":"2026-10-07T20:51:41.381-04:00","eventName":"n8n.workflow.success","message":"n8n.workflow.success","payload":{"executionId":"3689","success":true,"isManual":false,"mode":"webhook","workflowId":"PaLPAf3VhFN11mWP","workflowName":"chimueloBot","projectId":"4cXhCbdLbVUJK3Dd","projectName":"Ramiro De Rogatis <ramirojavierderogatis@hotmail.com>"}}
{"__type":"$$EventMessageConfirm","confirm":"4670b2aa-bbb6-4e06-8ef4-132840f0db10","ts":"2026-10-07T20:51:41.381-04:00","source":{"id":"0","name":"eventBus"}}
{"__type":"$$EventMessageAudit","id":"d6e74940-c7e0-47b0-9618-bc572fd10cba","ts":"2026-10-07T20:51:42.273-04:00","eventName":"n8n.audit.workflow.executed","message":"n8n.audit.workflow.executed","payload":{"workflowId":"PaLPAf3VhFN11mWP","workflowName":"chimueloBot","executionId":"3690","projectId":"4cXhCbdLbVUJK3Dd","projectName":"Ramiro De Rogatis <ramirojavierderogatis@hotmail.com>","source":"webhook"}}
{"__type":"$$EventMessageConfirm","confirm":"d6e74940-c7e0-47b0-9618-bc572fd10cba","ts":"2026-10-07T20:51:42.273-04:00","source":{"id":"0","name":"eventBus"}}
{"__type":"$$EventMessageWorkflow","id":"ab4bda9c-45d4-4b41-b6af-b63072930518","ts":"2026-10-07T20:51:42.273-04:00","eventName":"n8n.workflow.started","message":"n8n.workflow.started","payload":{"executionId":"3690","workflowId":"PaLPAf3VhFN11mWP","isManual":false,"mode":"webhook","workflowName":"chimueloBot","projectId":"4cXhCbdLbVUJK3Dd","projectName":"Ramiro De Rogatis <ramirojavierderogatis@hotmail.com>"}}
{"__type":"$$EventMessageConfirm","confirm":"ab4bda9c-45d4-4b41-b6af-b63072930518","ts":"2026-10-07T20:51:42.273-04:00","source":{"id":"0","name":"eventBus"}}
{"__type":"$$EventMessageNode","id":"1aef81e8-df4d-4e04-b3e9-c7a05fa3eb98","ts":"2026-10-07T20:51:42.274-04:00","eventName":"n8n.node.started","message":"n8n.node.started","payload":{"workflowId":"PaLPAf3VhFN11mWP","workflowName":"chimueloBot","executionId":"3690","nodeType":"n8n-nodes-base.webhook","nodeName":"Webhook","nodeId":"835eee2e-f5a8-41ae-8da8-c411adda2ef3"}}
{"__type":"$$EventMessageConfirm","confirm":"1aef81e8-df4d-4e04-b3e9-c7a05fa3eb98","ts":"2026-10-07T20:51:42.274-04:00","source":{"id":"0","name":"eventBus"}}
{"__type":"$$EventMessageNode","id":"1f2daf42-a06f-4f8e-854f-83af0fd2fbdc","ts":"2026-10-07T20:51:42.275-04:00","eventName":"n8n.node.finished","message":"n8n.node.finished","payload":{"workflowId":"PaLPAf3VhFN11mWP","workflowName":"chimueloBot","executionId":"3690","nodeType":"n8n-nodes-base.webhook","nodeName":"Webhook","nodeId":"835eee2e-f5a8-41ae-8da8-c411adda2ef3"}}
{"__type":"$$EventMessageConfirm","confirm":"1f2daf42-a06f-4f8e-854f-83af0fd2fbdc","ts":"2026-10-07T20:51:42.275-04:00","source":{"id":"0","name":"eventBus"}}
{"__type":"$$EventMessageNode","id":"1b9d7421-dd35-48f1-b77d-f3b98485171c","ts":"2026-10-07T20:51:42.275-04:00","eventName":"n8n.node.started","message":"n8n.node.started","payload":{"workflowId":"PaLPAf3VhFN11mWP","workflowName":"chimueloBot","executionId":"3690","nodeType":"n8n-nodes-base.if","nodeName":"If3","nodeId":"95b56f56-a35e-4d78-8c42-25353df18ded"}}
{"__type":"$$EventMessageConfirm","confirm":"1b9d7421-dd35-48f1-b77d-f3b98485171c","ts":"2026-10-07T20:51:42.275-04:00","source":{"id":"0","name":"eventBus"}}
{"__type":"$$EventMessageNode","id":"8704a9cd-700e-4e96-9bc1-41983e7d4204","ts":"2026-10-07T20:51:42.283-04:00","eventName":"n8n.node.finished","message":"n8n.node.finished","payload":{"workflowId":"PaLPAf3VhFN11mWP","workflowName":"chimueloBot","executionId":"3690","nodeType":"n8n-nodes-base.if","nodeName":"If3","nodeId":"95b56f56-a35e-4d78-8c42-25353df18ded"}}
{"__type":"$$EventMessageConfirm","confirm":"8704a9cd-700e-4e96-9bc1-41983e7d4204","ts":"2026-10-07T20:51:42.283-04:00","source":{"id":"0","name":"eventBus"}}
{"__type":"$$EventMessageNode","id":"538ae5eb-3dce-4132-91d5-35a2c86a3d94","ts":"2026-10-07T20:51:42.283-04:00","eventName":"n8n.node.started","message":"n8n.node.started","payload":{"workflowId":"PaLPAf3VhFN11mWP","workflowName":"chimueloBot","executionId":"3690","nodeType":"n8n-nodes-base.if","nodeName":"If","nodeId":"fce468f6-e692-43e8-a90c-29d403eaad22"}}
{"__type":"$$EventMessageConfirm","confirm":"538ae5eb-3dce-4132-91d5-35a2c86a3d94","ts":"2026-10-07T20:51:42.283-04:00","source":{"id":"0","name":"eventBus"}}
{"__type":"$$EventMessageNode","id":"25567db4-e2e9-4170-b9d5-3b8190a0dc44","ts":"2026-10-07T20:51:42.285-04:00","eventName":"n8n.node.finished","message":"n8n.node.finished","payload":{"workflowId":"PaLPAf3VhFN11mWP","workflowName":"chimueloBot","executionId":"3690","nodeType":"n8n-nodes-base.if","nodeName":"If","nodeId":"fce468f6-e692-43e8-a90c-29d403eaad22"}}
{"__type":"$$EventMessageConfirm","confirm":"25567db4-e2e9-4170-b9d5-3b8190a0dc44","ts":"2026-10-07T20:51:42.285-04:00","source":{"id":"0","name":"eventBus"}}
{"__type":"$$EventMessageNode","id":"a4c95a71-fe31-4512-8e49-2da616071afb","ts":"2026-10-07T20:51:42.285-04:00","eventName":"n8n.node.started","message":"n8n.node.started","payload":{"workflowId":"PaLPAf3VhFN11mWP","workflowName":"chimueloBot","executionId":"3690","nodeType":"n8n-nodes-base.if","nodeName":"If1","nodeId":"e019ba3d-6fff-4262-8bed-dfee6e3133d7"}}
{"__type":"$$EventMessageConfirm","confirm":"a4c95a71-fe31-4512-8e49-2da616071afb","ts":"2026-10-07T20:51:42.285-04:00","source":{"id":"0","name":"eventBus"}}
{"__type":"$$EventMessageNode","id":"41d31c13-dd41-4fb6-8830-8a19b57d90e2","ts":"2026-10-07T20:51:42.287-04:00","eventName":"n8n.node.finished","message":"n8n.node.finished","payload":{"workflowId":"PaLPAf3VhFN11mWP","workflowName":"chimueloBot","executionId":"3690","nodeType":"n8n-nodes-base.if","nodeName":"If1","nodeId":"e019ba3d-6fff-4262-8bed-dfee6e3133d7"}}
{"__type":"$$EventMessageConfirm","confirm":"41d31c13-dd41-4fb6-8830-8a19b57d90e2","ts":"2026-10-07T20:51:42.287-04:00","source":{"id":"0","name":"eventBus"}}
{"__type":"$$EventMessageNode","id":"cd0d3799-6e7b-4133-ae45-05d2ff3c42bb","ts":"2026-10-07T20:51:42.287-04:00","eventName":"n8n.node.started","message":"n8n.node.started","payload":{"workflowId":"PaLPAf3VhFN11mWP","workflowName":"chimueloBot","executionId":"3690","nodeType":"n8n-nodes-base.if","nodeName":"If2","nodeId":"79a91f8d-afeb-4ddc-b6f8-3c9bb45fc216"}}
{"__type":"$$EventMessageConfirm","confirm":"cd0d3799-6e7b-4133-ae45-05d2ff3c42bb","ts":"2026-10-07T20:51:42.287-04:00","source":{"id":"0","name":"eventBus"}}
{"__type":"$$EventMessageNode","id":"1eacb85c-32b9-4dc1-83af-632b26ca2b02","ts":"2026-10-07T20:51:42.292-04:00","eventName":"n8n.node.finished","message":"n8n.node.finished","payload":{"workflowId":"PaLPAf3VhFN11mWP","workflowName":"chimueloBot","executionId":"3690","nodeType":"n8n-nodes-base.if","nodeName":"If2","nodeId":"79a91f8d-afeb-4ddc-b6f8-3c9bb45fc216"}}
{"__type":"$$EventMessageConfirm","confirm":"1eacb85c-32b9-4dc1-83af-632b26ca2b02","ts":"2026-10-07T20:51:42.292-04:00","source":{"id":"0","name":"eventBus"}}
{"__type":"$$EventMessageWorkflow","id":"4a2049d4-f8c0-4e2e-b2cc-5b7cf2243844","ts":"2026-10-07T20:51:42.292-04:00","eventName":"n8n.workflow.success","message":"n8n.workflow.success","payload":{"executionId":"3690","success":true,"isManual":false,"mode":"webhook","workflowId":"PaLPAf3VhFN11mWP","workflowName":"chimueloBot","projectId":"4cXhCbdLbVUJK3Dd","projectName":"Ramiro De Rogatis <ramirojavierderogatis@hotmail.com>"}}
{"__type":"$$EventMessageConfirm","confirm":"4a2049d4-f8c0-4e2e-b2cc-5b7cf2243844","ts":"2026-10-07T20:51:42.292-04:00","source":{"id":"0","name":"eventBus"}}
{"__type":"$$EventMessageAudit","id":"dd5d76e5-5d1e-4abf-ab19-785bc8da0713","ts":"2026-10-07T20:51:43.187-04:00","eventName":"n8n.audit.workflow.executed","message":"n8n.audit.workflow.executed","payload":{"workflowId":"PaLPAf3VhFN11mWP","workflowName":"chimueloBot","executionId":"3691","projectId":"4cXhCbdLbVUJK3Dd","projectName":"Ramiro De Rogatis <ramirojavierderogatis@hotmail.com>","source":"webhook"}}
{"__type":"$$EventMessageConfirm","confirm":"dd5d76e5-5d1e-4abf-ab19-785bc8da0713","ts":"2026-10-07T20:51:43.187-04:00","source":{"id":"0","name":"eventBus"}}
{"__type":"$$EventMessageWorkflow","id":"e9dba6ce-a69d-41f1-bc79-9bff9a53d188","ts":"2026-10-07T20:51:43.187-04:00","eventName":"n8n.workflow.started","message":"n8n.workflow.started","payload":{"executionId":"3691","workflowId":"PaLPAf3VhFN11mWP","isManual":false,"mode":"webhook","workflowName":"chimueloBot","projectId":"4cXhCbdLbVUJK3Dd","projectName":"Ramiro De Rogatis <ramirojavierderogatis@hotmail.com>"}}
{"__type":"$$EventMessageConfirm","confirm":"e9dba6ce-a69d-41f1-bc79-9bff9a53d188","ts":"2026-10-07T20:51:43.187-04:00","source":{"id":"0","name":"eventBus"}}
{"__type":"$$EventMessageNode","id":"cbec3ef0-ad81-4cec-bc56-ffa54fd4236d","ts":"2026-10-07T20:51:43.187-04:00","eventName":"n8n.node.started","message":"n8n.node.started","payload":{"workflowId":"PaLPAf3VhFN11mWP","workflowName":"chimueloBot","executionId":"3691","nodeType":"n8n-nodes-base.webhook","nodeName":"Webhook","nodeId":"835eee2e-f5a8-41ae-8da8-c411adda2ef3"}}
{"__type":"$$EventMessageConfirm","confirm":"cbec3ef0-ad81-4cec-bc56-ffa54fd4236d","ts":"2026-10-07T20:51:43.188-04:00","source":{"id":"0","name":"eventBus"}}
{"__type":"$$EventMessageNode","id":"d810b39b-b028-4f9c-951d-1fda20bff53e","ts":"2026-10-07T20:51:43.188-04:00","eventName":"n8n.node.finished","message":"n8n.node.finished","payload":{"workflowId":"PaLPAf3VhFN11mWP","workflowName":"chimueloBot","executionId":"3691","nodeType":"n8n-nodes-base.webhook","nodeName":"Webhook","nodeId":"835eee2e-f5a8-41ae-8da8-c411adda2ef3"}}
{"__type":"$$EventMessageConfirm","confirm":"d810b39b-b028-4f9c-951d-1fda20bff53e","ts":"2026-10-07T20:51:43.188-04:00","source":{"id":"0","name":"eventBus"}}
{"__type":"$$EventMessageNode","id":"6d2c8a13-0b60-442a-ad8a-43e7c5ac8aa8","ts":"2026-10-07T20:51:43.188-04:00","eventName":"n8n.node.started","message":"n8n.node.started","payload":{"workflowId":"PaLPAf3VhFN11mWP","workflowName":"chimueloBot","executionId":"3691","nodeType":"n8n-nodes-base.if","nodeName":"If3","nodeId":"95b56f56-a35e-4d78-8c42-25353df18ded"}}
{"__type":"$$EventMessageConfirm","confirm":"6d2c8a13-0b60-442a-ad8a-43e7c5ac8aa8","ts":"2026-10-07T20:51:43.188-04:00","source":{"id":"0","name":"eventBus"}}
{"__type":"$$EventMessageNode","id":"68e2b915-a18d-421b-8d29-ce0b155db630","ts":"2026-10-07T20:51:43.195-04:00","eventName":"n8n.node.finished","message":"n8n.node.finished","payload":{"workflowId":"PaLPAf3VhFN11mWP","workflowName":"chimueloBot","executionId":"3691","nodeType":"n8n-nodes-base.if","nodeName":"If3","nodeId":"95b56f56-a35e-4d78-8c42-25353df18ded"}}
{"__type":"$$EventMessageConfirm","confirm":"68e2b915-a18d-421b-8d29-ce0b155db630","ts":"2026-10-07T20:51:43.195-04:00","source":{"id":"0","name":"eventBus"}}
{"__type":"$$EventMessageNode","id":"c5c3910b-4dbd-42f2-97ec-fa4b1ca0461f","ts":"2026-10-07T20:51:43.195-04:00","eventName":"n8n.node.started","message":"n8n.node.started","payload":{"workflowId":"PaLPAf3VhFN11mWP","workflowName":"chimueloBot","executionId":"3691","nodeType":"n8n-nodes-base.if","nodeName":"If","nodeId":"fce468f6-e692-43e8-a90c-29d403eaad22"}}
{"__type":"$$EventMessageConfirm","confirm":"c5c3910b-4dbd-42f2-97ec-fa4b1ca0461f","ts":"2026-10-07T20:51:43.195-04:00","source":{"id":"0","name":"eventBus"}}
{"__type":"$$EventMessageNode","id":"934d71af-629c-476c-9cdd-93af92716d34","ts":"2026-10-07T20:51:43.197-04:00","eventName":"n8n.node.finished","message":"n8n.node.finished","payload":{"workflowId":"PaLPAf3VhFN11mWP","workflowName":"chimueloBot","executionId":"3691","nodeType":"n8n-nodes-base.if","nodeName":"If","nodeId":"fce468f6-e692-43e8-a90c-29d403eaad22"}}
{"__type":"$$EventMessageConfirm","confirm":"934d71af-629c-476c-9cdd-93af92716d34","ts":"2026-10-07T20:51:43.197-04:00","source":{"id":"0","name":"eventBus"}}
{"__type":"$$EventMessageNode","id":"5d51ffef-2a20-40d8-9aec-e5cc31828a59","ts":"2026-10-07T20:51:43.197-04:00","eventName":"n8n.node.started","message":"n8n.node.started","payload":{"workflowId":"PaLPAf3VhFN11mWP","workflowName":"chimueloBot","executionId":"3691","nodeType":"n8n-nodes-base.if","nodeName":"If1","nodeId":"e019ba3d-6fff-4262-8bed-dfee6e3133d7"}}
{"__type":"$$EventMessageConfirm","confirm":"5d51ffef-2a20-40d8-9aec-e5cc31828a59","ts":"2026-10-07T20:51:43.197-04:00","source":{"id":"0","name":"eventBus"}}
{"__type":"$$EventMessageNode","id":"d4a388c5-132b-4a08-98e3-b0a23b0c6ae3","ts":"2026-10-07T20:51:43.199-04:00","eventName":"n8n.node.finished","message":"n8n.node.finished","payload":{"workflowId":"PaLPAf3VhFN11mWP","workflowName":"chimueloBot","executionId":"3691","nodeType":"n8n-nodes-base.if","nodeName":"If1","nodeId":"e019ba3d-6fff-4262-8bed-dfee6e3133d7"}}
{"__type":"$$EventMessageConfirm","confirm":"d4a388c5-132b-4a08-98e3-b0a23b0c6ae3","ts":"2026-10-07T20:51:43.199-04:00","source":{"id":"0","name":"eventBus"}}
{"__type":"$$EventMessageNode","id":"edc7d732-222b-42e1-a4fe-c1564bc70236","ts":"2026-10-07T20:51:43.199-04:00","eventName":"n8n.node.started","message":"n8n.node.started","payload":{"workflowId":"PaLPAf3VhFN11mWP","workflowName":"chimueloBot","executionId":"3691","nodeType":"n8n-nodes-base.if","nodeName":"If2","nodeId":"79a91f8d-afeb-4ddc-b6f8-3c9bb45fc216"}}
{"__type":"$$EventMessageConfirm","confirm":"edc7d732-222b-42e1-a4fe-c1564bc70236","ts":"2026-10-07T20:51:43.199-04:00","source":{"id":"0","name":"eventBus"}}
{"__type":"$$EventMessageNode","id":"61698f69-332e-44f6-91f8-9eb71808c808","ts":"2026-10-07T20:51:43.202-04:00","eventName":"n8n.node.finished","message":"n8n.node.finished","payload":{"workflowId":"PaLPAf3VhFN11mWP","workflowName":"chimueloBot","executionId":"3691","nodeType":"n8n-nodes-base.if","nodeName":"If2","nodeId":"79a91f8d-afeb-4ddc-b6f8-3c9bb45fc216"}}
{"__type":"$$EventMessageConfirm","confirm":"61698f69-332e-44f6-91f8-9eb71808c808","ts":"2026-10-07T20:51:43.202-04:00","source":{"id":"0","name":"eventBus"}}
{"__type":"$$EventMessageWorkflow","id":"3f47c824-e02a-42a6-bbd7-3a418cff235c","ts":"2026-10-07T20:51:43.202-04:00","eventName":"n8n.workflow.success","message":"n8n.workflow.success","payload":{"executionId":"3691","success":true,"isManual":false,"mode":"webhook","workflowId":"PaLPAf3VhFN11mWP","workflowName":"chimueloBot","projectId":"4cXhCbdLbVUJK3Dd","projectName":"Ramiro De Rogatis <ramirojavierderogatis@hotmail.com>"}}
{"__type":"$$EventMessageConfirm","confirm":"3f47c824-e02a-42a6-bbd7-3a418cff235c","ts":"2026-10-07T20:51:43.203-04:00","source":{"id":"0","name":"eventBus"}}
{"__type":"$$EventMessageAudit","id":"4b54f291-bc9d-4c15-96c6-5d19b5723b2d","ts":"2026-10-07T20:51:43.867-04:00","eventName":"n8n.audit.workflow.executed","message":"n8n.audit.workflow.executed","payload":{"workflowId":"PaLPAf3VhFN11mWP","workflowName":"chimueloBot","executionId":"3692","projectId":"4cXhCbdLbVUJK3Dd","projectName":"Ramiro De Rogatis <ramirojavierderogatis@hotmail.com>","source":"webhook"}}
{"__type":"$$EventMessageConfirm","confirm":"4b54f291-bc9d-4c15-96c6-5d19b5723b2d","ts":"2026-10-07T20:51:43.868-04:00","source":{"id":"0","name":"eventBus"}}
{"__type":"$$EventMessageWorkflow","id":"8d48a140-6dc9-4b48-935b-47c3b34dbaa3","ts":"2026-10-07T20:51:43.868-04:00","eventName":"n8n.workflow.started","message":"n8n.workflow.started","payload":{"executionId":"3692","workflowId":"PaLPAf3VhFN11mWP","isManual":false,"mode":"webhook","workflowName":"chimueloBot","projectId":"4cXhCbdLbVUJK3Dd","projectName":"Ramiro De Rogatis <ramirojavierderogatis@hotmail.com>"}}
{"__type":"$$EventMessageConfirm","confirm":"8d48a140-6dc9-4b48-935b-47c3b34dbaa3","ts":"2026-10-07T20:51:43.868-04:00","source":{"id":"0","name":"eventBus"}}
{"__type":"$$EventMessageNode","id":"aac74bb1-602a-4217-808c-605524a43e82","ts":"2026-10-07T20:51:43.868-04:00","eventName":"n8n.node.started","message":"n8n.node.started","payload":{"workflowId":"PaLPAf3VhFN11mWP","workflowName":"chimueloBot","executionId":"3692","nodeType":"n8n-nodes-base.webhook","nodeName":"Webhook","nodeId":"835eee2e-f5a8-41ae-8da8-c411adda2ef3"}}
{"__type":"$$EventMessageConfirm","confirm":"aac74bb1-602a-4217-808c-605524a43e82","ts":"2026-10-07T20:51:43.868-04:00","source":{"id":"0","name":"eventBus"}}
{"__type":"$$EventMessageNode","id":"32667059-d0bf-4afd-be76-8e9ab6fa483e","ts":"2026-10-07T20:51:43.869-04:00","eventName":"n8n.node.finished","message":"n8n.node.finished","payload":{"workflowId":"PaLPAf3VhFN11mWP","workflowName":"chimueloBot","executionId":"3692","nodeType":"n8n-nodes-base.webhook","nodeName":"Webhook","nodeId":"835eee2e-f5a8-41ae-8da8-c411adda2ef3"}}
{"__type":"$$EventMessageConfirm","confirm":"32667059-d0bf-4afd-be76-8e9ab6fa483e","ts":"2026-10-07T20:51:43.869-04:00","source":{"id":"0","name":"eventBus"}}
{"__type":"$$EventMessageNode","id":"d156ddb4-9eb8-4eb2-8aa4-49691ec55a71","ts":"2026-10-07T20:51:43.869-04:00","eventName":"n8n.node.started","message":"n8n.node.started","payload":{"workflowId":"PaLPAf3VhFN11mWP","workflowName":"chimueloBot","executionId":"3692","nodeType":"n8n-nodes-base.if","nodeName":"If3","nodeId":"95b56f56-a35e-4d78-8c42-25353df18ded"}}
{"__type":"$$EventMessageConfirm","confirm":"d156ddb4-9eb8-4eb2-8aa4-49691ec55a71","ts":"2026-10-07T20:51:43.869-04:00","source":{"id":"0","name":"eventBus"}}
{"__type":"$$EventMessageNode","id":"d9701bc3-8c56-40df-99c9-ef1653b91c68","ts":"2026-10-07T20:51:43.876-04:00","eventName":"n8n.node.finished","message":"n8n.node.finished","payload":{"workflowId":"PaLPAf3VhFN11mWP","workflowName":"chimueloBot","executionId":"3692","nodeType":"n8n-nodes-base.if","nodeName":"If3","nodeId":"95b56f56-a35e-4d78-8c42-25353df18ded"}}
{"__type":"$$EventMessageConfirm","confirm":"d9701bc3-8c56-40df-99c9-ef1653b91c68","ts":"2026-10-07T20:51:43.876-04:00","source":{"id":"0","name":"eventBus"}}
{"__type":"$$EventMessageNode","id":"22f53305-4024-4e04-b823-96c440ffe508","ts":"2026-10-07T20:51:43.876-04:00","eventName":"n8n.node.started","message":"n8n.node.started","payload":{"workflowId":"PaLPAf3VhFN11mWP","workflowName":"chimueloBot","executionId":"3692","nodeType":"n8n-nodes-base.if","nodeName":"If","nodeId":"fce468f6-e692-43e8-a90c-29d403eaad22"}}
{"__type":"$$EventMessageConfirm","confirm":"22f53305-4024-4e04-b823-96c440ffe508","ts":"2026-10-07T20:51:43.876-04:00","source":{"id":"0","name":"eventBus"}}
{"__type":"$$EventMessageNode","id":"3bbc9bf1-d24c-4c24-b593-08e80440ee82","ts":"2026-10-07T20:51:43.878-04:00","eventName":"n8n.node.finished","message":"n8n.node.finished","payload":{"workflowId":"PaLPAf3VhFN11mWP","workflowName":"chimueloBot","executionId":"3692","nodeType":"n8n-nodes-base.if","nodeName":"If","nodeId":"fce468f6-e692-43e8-a90c-29d403eaad22"}}
{"__type":"$$EventMessageConfirm","confirm":"3bbc9bf1-d24c-4c24-b593-08e80440ee82","ts":"2026-10-07T20:51:43.878-04:00","source":{"id":"0","name":"eventBus"}}
{"__type":"$$EventMessageNode","id":"14a4c167-7451-42a0-a34e-95ed526982a5","ts":"2026-10-07T20:51:43.878-04:00","eventName":"n8n.node.started","message":"n8n.node.started","payload":{"workflowId":"PaLPAf3VhFN11mWP","workflowName":"chimueloBot","executionId":"3692","nodeType":"n8n-nodes-base.if","nodeName":"If1","nodeId":"e019ba3d-6fff-4262-8bed-dfee6e3133d7"}}
{"__type":"$$EventMessageConfirm","confirm":"14a4c167-7451-42a0-a34e-95ed526982a5","ts":"2026-10-07T20:51:43.878-04:00","source":{"id":"0","name":"eventBus"}}
{"__type":"$$EventMessageNode","id":"74159381-92ad-486e-9fe6-d0c02b9133f8","ts":"2026-10-07T20:51:43.880-04:00","eventName":"n8n.node.finished","message":"n8n.node.finished","payload":{"workflowId":"PaLPAf3VhFN11mWP","workflowName":"chimueloBot","executionId":"3692","nodeType":"n8n-nodes-base.if","nodeName":"If1","nodeId":"e019ba3d-6fff-4262-8bed-dfee6e3133d7"}}
{"__type":"$$EventMessageConfirm","confirm":"74159381-92ad-486e-9fe6-d0c02b9133f8","ts":"2026-10-07T20:51:43.880-04:00","source":{"id":"0","name":"eventBus"}}
{"__type":"$$EventMessageNode","id":"fd5077db-c9a2-48eb-b850-a6ed4bb06fac","ts":"2026-10-07T20:51:43.880-04:00","eventName":"n8n.node.started","message":"n8n.node.started","payload":{"workflowId":"PaLPAf3VhFN11mWP","workflowName":"chimueloBot","executionId":"3692","nodeType":"n8n-nodes-base.if","nodeName":"If2","nodeId":"79a91f8d-afeb-4ddc-b6f8-3c9bb45fc216"}}
{"__type":"$$EventMessageConfirm","confirm":"fd5077db-c9a2-48eb-b850-a6ed4bb06fac","ts":"2026-10-07T20:51:43.881-04:00","source":{"id":"0","name":"eventBus"}}
{"__type":"$$EventMessageNode","id":"8bf2df91-a8cb-4efb-af9a-9264788e92d7","ts":"2026-10-07T20:51:43.883-04:00","eventName":"n8n.node.finished","message":"n8n.node.finished","payload":{"workflowId":"PaLPAf3VhFN11mWP","workflowName":"chimueloBot","executionId":"3692","nodeType":"n8n-nodes-base.if","nodeName":"If2","nodeId":"79a91f8d-afeb-4ddc-b6f8-3c9bb45fc216"}}
{"__type":"$$EventMessageConfirm","confirm":"8bf2df91-a8cb-4efb-af9a-9264788e92d7","ts":"2026-10-07T20:51:43.883-04:00","source":{"id":"0","name":"eventBus"}}
{"__type":"$$EventMessageWorkflow","id":"1e5e4d26-6f18-4f96-a177-5a88f8cc44a4","ts":"2026-10-07T20:51:43.884-04:00","eventName":"n8n.workflow.success","message":"n8n.workflow.success","payload":{"executionId":"3692","success":true,"isManual":false,"mode":"webhook","workflowId":"PaLPAf3VhFN11mWP","workflowName":"chimueloBot","projectId":"4cXhCbdLbVUJK3Dd","projectName":"Ramiro De Rogatis <ramirojavierderogatis@hotmail.com>"}}
{"__type":"$$EventMessageConfirm","confirm":"1e5e4d26-6f18-4f96-a177-5a88f8cc44a4","ts":"2026-10-07T20:51:43.884-04:00","source":{"id":"0","name":"eventBus"}}
{"__type":"$$EventMessageAudit","id":"d87e32e1-6269-45fa-8ae4-c65d52dd029b","ts":"2026-10-07T20:51:44.590-04:00","eventName":"n8n.audit.workflow.executed","message":"n8n.audit.workflow.executed","payload":{"workflowId":"PaLPAf3VhFN11mWP","workflowName":"chimueloBot","executionId":"3693","projectId":"4cXhCbdLbVUJK3Dd","projectName":"Ramiro De Rogatis <ramirojavierderogatis@hotmail.com>","source":"webhook"}}
{"__type":"$$EventMessageConfirm","confirm":"d87e32e1-6269-45fa-8ae4-c65d52dd029b","ts":"2026-10-07T20:51:44.591-04:00","source":{"id":"0","name":"eventBus"}}
{"__type":"$$EventMessageWorkflow","id":"9c9d19a0-ee11-4232-b353-15b0e387917e","ts":"2026-10-07T20:51:44.591-04:00","eventName":"n8n.workflow.started","message":"n8n.workflow.started","payload":{"executionId":"3693","workflowId":"PaLPAf3VhFN11mWP","isManual":false,"mode":"webhook","workflowName":"chimueloBot","projectId":"4cXhCbdLbVUJK3Dd","projectName":"Ramiro De Rogatis <ramirojavierderogatis@hotmail.com>"}}
{"__type":"$$EventMessageConfirm","confirm":"9c9d19a0-ee11-4232-b353-15b0e387917e","ts":"2026-10-07T20:51:44.591-04:00","source":{"id":"0","name":"eventBus"}}
{"__type":"$$EventMessageNode","id":"fb8824cb-eb53-400b-86fd-3f2b01f81134","ts":"2026-10-07T20:51:44.591-04:00","eventName":"n8n.node.started","message":"n8n.node.started","payload":{"workflowId":"PaLPAf3VhFN11mWP","workflowName":"chimueloBot","executionId":"3693","nodeType":"n8n-nodes-base.webhook","nodeName":"Webhook","nodeId":"835eee2e-f5a8-41ae-8da8-c411adda2ef3"}}
{"__type":"$$EventMessageConfirm","confirm":"fb8824cb-eb53-400b-86fd-3f2b01f81134","ts":"2026-10-07T20:51:44.591-04:00","source":{"id":"0","name":"eventBus"}}
{"__type":"$$EventMessageNode","id":"2d568d5d-68ca-4c9e-ba46-697576b10fc5","ts":"2026-10-07T20:51:44.592-04:00","eventName":"n8n.node.finished","message":"n8n.node.finished","payload":{"workflowId":"PaLPAf3VhFN11mWP","workflowName":"chimueloBot","executionId":"3693","nodeType":"n8n-nodes-base.webhook","nodeName":"Webhook","nodeId":"835eee2e-f5a8-41ae-8da8-c411adda2ef3"}}
{"__type":"$$EventMessageConfirm","confirm":"2d568d5d-68ca-4c9e-ba46-697576b10fc5","ts":"2026-10-07T20:51:44.592-04:00","source":{"id":"0","name":"eventBus"}}
{"__type":"$$EventMessageNode","id":"c2c01898-3cd8-4a95-bc7a-25461907df43","ts":"2026-10-07T20:51:44.592-04:00","eventName":"n8n.node.started","message":"n8n.node.started","payload":{"workflowId":"PaLPAf3VhFN11mWP","workflowName":"chimueloBot","executionId":"3693","nodeType":"n8n-nodes-base.if","nodeName":"If3","nodeId":"95b56f56-a35e-4d78-8c42-25353df18ded"}}
{"__type":"$$EventMessageConfirm","confirm":"c2c01898-3cd8-4a95-bc7a-25461907df43","ts":"2026-10-07T20:51:44.592-04:00","source":{"id":"0","name":"eventBus"}}
{"__type":"$$EventMessageNode","id":"c83dfced-3c78-4b2e-9dd5-cd17029519bd","ts":"2026-10-07T20:51:44.598-04:00","eventName":"n8n.node.finished","message":"n8n.node.finished","payload":{"workflowId":"PaLPAf3VhFN11mWP","workflowName":"chimueloBot","executionId":"3693","nodeType":"n8n-nodes-base.if","nodeName":"If3","nodeId":"95b56f56-a35e-4d78-8c42-25353df18ded"}}
{"__type":"$$EventMessageConfirm","confirm":"c83dfced-3c78-4b2e-9dd5-cd17029519bd","ts":"2026-10-07T20:51:44.598-04:00","source":{"id":"0","name":"eventBus"}}
{"__type":"$$EventMessageNode","id":"4883cdaa-b052-482b-9a13-e16c7645245c","ts":"2026-10-07T20:51:44.599-04:00","eventName":"n8n.node.started","message":"n8n.node.started","payload":{"workflowId":"PaLPAf3VhFN11mWP","workflowName":"chimueloBot","executionId":"3693","nodeType":"n8n-nodes-base.if","nodeName":"If","nodeId":"fce468f6-e692-43e8-a90c-29d403eaad22"}}
{"__type":"$$EventMessageConfirm","confirm":"4883cdaa-b052-482b-9a13-e16c7645245c","ts":"2026-10-07T20:51:44.599-04:00","source":{"id":"0","name":"eventBus"}}
{"__type":"$$EventMessageNode","id":"96dfa722-87cd-4e03-8046-1f96d1319549","ts":"2026-10-07T20:51:44.600-04:00","eventName":"n8n.node.finished","message":"n8n.node.finished","payload":{"workflowId":"PaLPAf3VhFN11mWP","workflowName":"chimueloBot","executionId":"3693","nodeType":"n8n-nodes-base.if","nodeName":"If","nodeId":"fce468f6-e692-43e8-a90c-29d403eaad22"}}
{"__type":"$$EventMessageConfirm","confirm":"96dfa722-87cd-4e03-8046-1f96d1319549","ts":"2026-10-07T20:51:44.600-04:00","source":{"id":"0","name":"eventBus"}}
{"__type":"$$EventMessageNode","id":"6958903a-c343-4726-b6f6-6df79b6ca906","ts":"2026-10-07T20:51:44.600-04:00","eventName":"n8n.node.started","message":"n8n.node.started","payload":{"workflowId":"PaLPAf3VhFN11mWP","workflowName":"chimueloBot","executionId":"3693","nodeType":"n8n-nodes-base.if","nodeName":"If1","nodeId":"e019ba3d-6fff-4262-8bed-dfee6e3133d7"}}
{"__type":"$$EventMessageConfirm","confirm":"6958903a-c343-4726-b6f6-6df79b6ca906","ts":"2026-10-07T20:51:44.600-04:00","source":{"id":"0","name":"eventBus"}}
{"__type":"$$EventMessageNode","id":"d8395116-88ef-4cfb-b7c4-37c49d5be4e9","ts":"2026-10-07T20:51:44.603-04:00","eventName":"n8n.node.finished","message":"n8n.node.finished","payload":{"workflowId":"PaLPAf3VhFN11mWP","workflowName":"chimueloBot","executionId":"3693","nodeType":"n8n-nodes-base.if","nodeName":"If1","nodeId":"e019ba3d-6fff-4262-8bed-dfee6e3133d7"}}
{"__type":"$$EventMessageConfirm","confirm":"d8395116-88ef-4cfb-b7c4-37c49d5be4e9","ts":"2026-10-07T20:51:44.603-04:00","source":{"id":"0","name":"eventBus"}}
{"__type":"$$EventMessageNode","id":"b1baca21-446a-438a-a5d8-d084f0507710","ts":"2026-10-07T20:51:44.603-04:00","eventName":"n8n.node.started","message":"n8n.node.started","payload":{"workflowId":"PaLPAf3VhFN11mWP","workflowName":"chimueloBot","executionId":"3693","nodeType":"n8n-nodes-base.if","nodeName":"If2","nodeId":"79a91f8d-afeb-4ddc-b6f8-3c9bb45fc216"}}
{"__type":"$$EventMessageConfirm","confirm":"b1baca21-446a-438a-a5d8-d084f0507710","ts":"2026-10-07T20:51:44.603-04:00","source":{"id":"0","name":"eventBus"}}
{"__type":"$$EventMessageNode","id":"5cd1c509-e341-4579-af8b-5b28b0382bda","ts":"2026-10-07T20:51:44.606-04:00","eventName":"n8n.node.finished","message":"n8n.node.finished","payload":{"workflowId":"PaLPAf3VhFN11mWP","workflowName":"chimueloBot","executionId":"3693","nodeType":"n8n-nodes-base.if","nodeName":"If2","nodeId":"79a91f8d-afeb-4ddc-b6f8-3c9bb45fc216"}}
{"__type":"$$EventMessageConfirm","confirm":"5cd1c509-e341-4579-af8b-5b28b0382bda","ts":"2026-10-07T20:51:44.606-04:00","source":{"id":"0","name":"eventBus"}}
{"__type":"$$EventMessageWorkflow","id":"c77fa4d4-1efa-4c19-8ff0-be5986716363","ts":"2026-10-07T20:51:44.606-04:00","eventName":"n8n.workflow.success","message":"n8n.workflow.success","payload":{"executionId":"3693","success":true,"isManual":false,"mode":"webhook","workflowId":"PaLPAf3VhFN11mWP","workflowName":"chimueloBot","projectId":"4cXhCbdLbVUJK3Dd","projectName":"Ramiro De Rogatis <ramirojavierderogatis@hotmail.com>"}}
{"__type":"$$EventMessageConfirm","confirm":"c77fa4d4-1efa-4c19-8ff0-be5986716363","ts":"2026-10-07T20:51:44.606-04:00","source":{"id":"0","name":"eventBus"}}
{"__type":"$$EventMessageAudit","id":"36cb0026-2978-4e92-91db-68036fb26678","ts":"2026-10-07T20:51:45.345-04:00","eventName":"n8n.audit.workflow.executed","message":"n8n.audit.workflow.executed","payload":{"workflowId":"PaLPAf3VhFN11mWP","workflowName":"chimueloBot","executionId":"3694","projectId":"4cXhCbdLbVUJK3Dd","projectName":"Ramiro De Rogatis <ramirojavierderogatis@hotmail.com>","source":"webhook"}}
{"__type":"$$EventMessageConfirm","confirm":"36cb0026-2978-4e92-91db-68036fb26678","ts":"2026-10-07T20:51:45.345-04:00","source":{"id":"0","name":"eventBus"}}
{"__type":"$$EventMessageWorkflow","id":"95ffe429-3636-4ae8-a778-aeb56048d8d9","ts":"2026-10-07T20:51:45.346-04:00","eventName":"n8n.workflow.started","message":"n8n.workflow.started","payload":{"executionId":"3694","workflowId":"PaLPAf3VhFN11mWP","isManual":false,"mode":"webhook","workflowName":"chimueloBot","projectId":"4cXhCbdLbVUJK3Dd","projectName":"Ramiro De Rogatis <ramirojavierderogatis@hotmail.com>"}}
{"__type":"$$EventMessageConfirm","confirm":"95ffe429-3636-4ae8-a778-aeb56048d8d9","ts":"2026-10-07T20:51:45.346-04:00","source":{"id":"0","name":"eventBus"}}
{"__type":"$$EventMessageNode","id":"92308052-ec50-4dd5-99b2-27b3aaa4b0f4","ts":"2026-10-07T20:51:45.346-04:00","eventName":"n8n.node.started","message":"n8n.node.started","payload":{"workflowId":"PaLPAf3VhFN11mWP","workflowName":"chimueloBot","executionId":"3694","nodeType":"n8n-nodes-base.webhook","nodeName":"Webhook","nodeId":"835eee2e-f5a8-41ae-8da8-c411adda2ef3"}}
{"__type":"$$EventMessageConfirm","confirm":"92308052-ec50-4dd5-99b2-27b3aaa4b0f4","ts":"2026-10-07T20:51:45.346-04:00","source":{"id":"0","name":"eventBus"}}
{"__type":"$$EventMessageNode","id":"901faf86-dd94-40b1-b7b0-d15e3d48cfca","ts":"2026-10-07T20:51:45.347-04:00","eventName":"n8n.node.finished","message":"n8n.node.finished","payload":{"workflowId":"PaLPAf3VhFN11mWP","workflowName":"chimueloBot","executionId":"3694","nodeType":"n8n-nodes-base.webhook","nodeName":"Webhook","nodeId":"835eee2e-f5a8-41ae-8da8-c411adda2ef3"}}
{"__type":"$$EventMessageConfirm","confirm":"901faf86-dd94-40b1-b7b0-d15e3d48cfca","ts":"2026-10-07T20:51:45.347-04:00","source":{"id":"0","name":"eventBus"}}
{"__type":"$$EventMessageNode","id":"b65d2f10-83ef-46d0-9c40-bef36d2280bb","ts":"2026-10-07T20:51:45.347-04:00","eventName":"n8n.node.started","message":"n8n.node.started","payload":{"workflowId":"PaLPAf3VhFN11mWP","workflowName":"chimueloBot","executionId":"3694","nodeType":"n8n-nodes-base.if","nodeName":"If3","nodeId":"95b56f56-a35e-4d78-8c42-25353df18ded"}}
{"__type":"$$EventMessageConfirm","confirm":"b65d2f10-83ef-46d0-9c40-bef36d2280bb","ts":"2026-10-07T20:51:45.347-04:00","source":{"id":"0","name":"eventBus"}}
{"__type":"$$EventMessageNode","id":"cf712eba-f661-4b4b-acbb-d9e76b106f8e","ts":"2026-10-07T20:51:45.354-04:00","eventName":"n8n.node.finished","message":"n8n.node.finished","payload":{"workflowId":"PaLPAf3VhFN11mWP","workflowName":"chimueloBot","executionId":"3694","nodeType":"n8n-nodes-base.if","nodeName":"If3","nodeId":"95b56f56-a35e-4d78-8c42-25353df18ded"}}
{"__type":"$$EventMessageConfirm","confirm":"cf712eba-f661-4b4b-acbb-d9e76b106f8e","ts":"2026-10-07T20:51:45.354-04:00","source":{"id":"0","name":"eventBus"}}
{"__type":"$$EventMessageNode","id":"fc1f0d80-f735-428d-8df4-9ca3dd2599d1","ts":"2026-10-07T20:51:45.354-04:00","eventName":"n8n.node.started","message":"n8n.node.started","payload":{"workflowId":"PaLPAf3VhFN11mWP","workflowName":"chimueloBot","executionId":"3694","nodeType":"n8n-nodes-base.if","nodeName":"If","nodeId":"fce468f6-e692-43e8-a90c-29d403eaad22"}}
{"__type":"$$EventMessageConfirm","confirm":"fc1f0d80-f735-428d-8df4-9ca3dd2599d1","ts":"2026-10-07T20:51:45.354-04:00","source":{"id":"0","name":"eventBus"}}
{"__type":"$$EventMessageNode","id":"33500d3c-0e26-4342-9441-c8077de914a7","ts":"2026-10-07T20:51:45.356-04:00","eventName":"n8n.node.finished","message":"n8n.node.finished","payload":{"workflowId":"PaLPAf3VhFN11mWP","workflowName":"chimueloBot","executionId":"3694","nodeType":"n8n-nodes-base.if","nodeName":"If","nodeId":"fce468f6-e692-43e8-a90c-29d403eaad22"}}
{"__type":"$$EventMessageConfirm","confirm":"33500d3c-0e26-4342-9441-c8077de914a7","ts":"2026-10-07T20:51:45.356-04:00","source":{"id":"0","name":"eventBus"}}
{"__type":"$$EventMessageNode","id":"9b5c8d8c-4285-4805-962d-ec38e0a77197","ts":"2026-10-07T20:51:45.356-04:00","eventName":"n8n.node.started","message":"n8n.node.started","payload":{"workflowId":"PaLPAf3VhFN11mWP","workflowName":"chimueloBot","executionId":"3694","nodeType":"n8n-nodes-base.if","nodeName":"If1","nodeId":"e019ba3d-6fff-4262-8bed-dfee6e3133d7"}}
{"__type":"$$EventMessageConfirm","confirm":"9b5c8d8c-4285-4805-962d-ec38e0a77197","ts":"2026-10-07T20:51:45.356-04:00","source":{"id":"0","name":"eventBus"}}
{"__type":"$$EventMessageNode","id":"c6dd485b-6d99-4d9c-a40f-35642605fb3a","ts":"2026-10-07T20:51:45.359-04:00","eventName":"n8n.node.finished","message":"n8n.node.finished","payload":{"workflowId":"PaLPAf3VhFN11mWP","workflowName":"chimueloBot","executionId":"3694","nodeType":"n8n-nodes-base.if","nodeName":"If1","nodeId":"e019ba3d-6fff-4262-8bed-dfee6e3133d7"}}
{"__type":"$$EventMessageConfirm","confirm":"c6dd485b-6d99-4d9c-a40f-35642605fb3a","ts":"2026-10-07T20:51:45.359-04:00","source":{"id":"0","name":"eventBus"}}
{"__type":"$$EventMessageNode","id":"2b26d381-f9f4-4c23-af21-625238246ac5","ts":"2026-10-07T20:51:45.359-04:00","eventName":"n8n.node.started","message":"n8n.node.started","payload":{"workflowId":"PaLPAf3VhFN11mWP","workflowName":"chimueloBot","executionId":"3694","nodeType":"n8n-nodes-base.if","nodeName":"If2","nodeId":"79a91f8d-afeb-4ddc-b6f8-3c9bb45fc216"}}
{"__type":"$$EventMessageConfirm","confirm":"2b26d381-f9f4-4c23-af21-625238246ac5","ts":"2026-10-07T20:51:45.359-04:00","source":{"id":"0","name":"eventBus"}}
{"__type":"$$EventMessageNode","id":"f3eadb2d-e63e-4099-809a-98e44a8a09af","ts":"2026-10-07T20:51:45.363-04:00","eventName":"n8n.node.finished","message":"n8n.node.finished","payload":{"workflowId":"PaLPAf3VhFN11mWP","workflowName":"chimueloBot","executionId":"3694","nodeType":"n8n-nodes-base.if","nodeName":"If2","nodeId":"79a91f8d-afeb-4ddc-b6f8-3c9bb45fc216"}}
{"__type":"$$EventMessageConfirm","confirm":"f3eadb2d-e63e-4099-809a-98e44a8a09af","ts":"2026-10-07T20:51:45.363-04:00","source":{"id":"0","name":"eventBus"}}
{"__type":"$$EventMessageWorkflow","id":"c4d9bda7-6099-45b5-b09f-ca1fb74be43c","ts":"2026-10-07T20:51:45.364-04:00","eventName":"n8n.workflow.success","message":"n8n.workflow.success","payload":{"executionId":"3694","success":true,"isManual":false,"mode":"webhook","workflowId":"PaLPAf3VhFN11mWP","workflowName":"chimueloBot","projectId":"4cXhCbdLbVUJK3Dd","projectName":"Ramiro De Rogatis <ramirojavierderogatis@hotmail.com>"}}
{"__type":"$$EventMessageConfirm","confirm":"c4d9bda7-6099-45b5-b09f-ca1fb74be43c","ts":"2026-10-07T20:51:45.364-04:00","source":{"id":"0","name":"eventBus"}}
{"__type":"$$EventMessageAudit","id":"806ff062-f888-411f-92b3-841dae1b7bd0","ts":"2026-10-07T20:51:46.263-04:00","eventName":"n8n.audit.workflow.executed","message":"n8n.audit.workflow.executed","payload":{"workflowId":"PaLPAf3VhFN11mWP","workflowName":"chimueloBot","executionId":"3695","projectId":"4cXhCbdLbVUJK3Dd","projectName":"Ramiro De Rogatis <ramirojavierderogatis@hotmail.com>","source":"webhook"}}
{"__type":"$$EventMessageConfirm","confirm":"806ff062-f888-411f-92b3-841dae1b7bd0","ts":"2026-10-07T20:51:46.263-04:00","source":{"id":"0","name":"eventBus"}}
{"__type":"$$EventMessageWorkflow","id":"37a32824-85ca-4e7a-8fda-9dc095d4c459","ts":"2026-10-07T20:51:46.263-04:00","eventName":"n8n.workflow.started","message":"n8n.workflow.started","payload":{"executionId":"3695","workflowId":"PaLPAf3VhFN11mWP","isManual":false,"mode":"webhook","workflowName":"chimueloBot","projectId":"4cXhCbdLbVUJK3Dd","projectName":"Ramiro De Rogatis <ramirojavierderogatis@hotmail.com>"}}
{"__type":"$$EventMessageConfirm","confirm":"37a32824-85ca-4e7a-8fda-9dc095d4c459","ts":"2026-10-07T20:51:46.263-04:00","source":{"id":"0","name":"eventBus"}}
{"__type":"$$EventMessageNode","id":"cb29e38f-464e-4744-9944-c7fdbc9134c8","ts":"2026-10-07T20:51:46.264-04:00","eventName":"n8n.node.started","message":"n8n.node.started","payload":{"workflowId":"PaLPAf3VhFN11mWP","workflowName":"chimueloBot","executionId":"3695","nodeType":"n8n-nodes-base.webhook","nodeName":"Webhook","nodeId":"835eee2e-f5a8-41ae-8da8-c411adda2ef3"}}
{"__type":"$$EventMessageConfirm","confirm":"cb29e38f-464e-4744-9944-c7fdbc9134c8","ts":"2026-10-07T20:51:46.264-04:00","source":{"id":"0","name":"eventBus"}}
{"__type":"$$EventMessageNode","id":"6c7dbc65-f638-4647-9f81-23c206bc46bc","ts":"2026-10-07T20:51:46.265-04:00","eventName":"n8n.node.finished","message":"n8n.node.finished","payload":{"workflowId":"PaLPAf3VhFN11mWP","workflowName":"chimueloBot","executionId":"3695","nodeType":"n8n-nodes-base.webhook","nodeName":"Webhook","nodeId":"835eee2e-f5a8-41ae-8da8-c411adda2ef3"}}
{"__type":"$$EventMessageConfirm","confirm":"6c7dbc65-f638-4647-9f81-23c206bc46bc","ts":"2026-10-07T20:51:46.265-04:00","source":{"id":"0","name":"eventBus"}}
{"__type":"$$EventMessageNode","id":"1382d633-31c8-439c-8cdf-7e50ef77b5cd","ts":"2026-10-07T20:51:46.265-04:00","eventName":"n8n.node.started","message":"n8n.node.started","payload":{"workflowId":"PaLPAf3VhFN11mWP","workflowName":"chimueloBot","executionId":"3695","nodeType":"n8n-nodes-base.if","nodeName":"If3","nodeId":"95b56f56-a35e-4d78-8c42-25353df18ded"}}
{"__type":"$$EventMessageConfirm","confirm":"1382d633-31c8-439c-8cdf-7e50ef77b5cd","ts":"2026-10-07T20:51:46.265-04:00","source":{"id":"0","name":"eventBus"}}
{"__type":"$$EventMessageNode","id":"0cf477fe-7da1-4a4e-88cf-b3f4975b8853","ts":"2026-10-07T20:51:46.275-04:00","eventName":"n8n.node.finished","message":"n8n.node.finished","payload":{"workflowId":"PaLPAf3VhFN11mWP","workflowName":"chimueloBot","executionId":"3695","nodeType":"n8n-nodes-base.if","nodeName":"If3","nodeId":"95b56f56-a35e-4d78-8c42-25353df18ded"}}
{"__type":"$$EventMessageConfirm","confirm":"0cf477fe-7da1-4a4e-88cf-b3f4975b8853","ts":"2026-10-07T20:51:46.275-04:00","source":{"id":"0","name":"eventBus"}}
{"__type":"$$EventMessageNode","id":"149de81c-7257-4690-81d0-4b8b390f894b","ts":"2026-10-07T20:51:46.275-04:00","eventName":"n8n.node.started","message":"n8n.node.started","payload":{"workflowId":"PaLPAf3VhFN11mWP","workflowName":"chimueloBot","executionId":"3695","nodeType":"n8n-nodes-base.if","nodeName":"If","nodeId":"fce468f6-e692-43e8-a90c-29d403eaad22"}}
{"__type":"$$EventMessageConfirm","confirm":"149de81c-7257-4690-81d0-4b8b390f894b","ts":"2026-10-07T20:51:46.275-04:00","source":{"id":"0","name":"eventBus"}}
{"__type":"$$EventMessageNode","id":"ff88917c-5fc3-42e6-b5e5-e4696ba21043","ts":"2026-10-07T20:51:46.278-04:00","eventName":"n8n.node.finished","message":"n8n.node.finished","payload":{"workflowId":"PaLPAf3VhFN11mWP","workflowName":"chimueloBot","executionId":"3695","nodeType":"n8n-nodes-base.if","nodeName":"If","nodeId":"fce468f6-e692-43e8-a90c-29d403eaad22"}}
{"__type":"$$EventMessageConfirm","confirm":"ff88917c-5fc3-42e6-b5e5-e4696ba21043","ts":"2026-10-07T20:51:46.278-04:00","source":{"id":"0","name":"eventBus"}}
{"__type":"$$EventMessageNode","id":"e51bd8e7-b83e-46fa-93d0-766170419775","ts":"2026-10-07T20:51:46.279-04:00","eventName":"n8n.node.started","message":"n8n.node.started","payload":{"workflowId":"PaLPAf3VhFN11mWP","workflowName":"chimueloBot","executionId":"3695","nodeType":"n8n-nodes-base.if","nodeName":"If1","nodeId":"e019ba3d-6fff-4262-8bed-dfee6e3133d7"}}
{"__type":"$$EventMessageConfirm","confirm":"e51bd8e7-b83e-46fa-93d0-766170419775","ts":"2026-10-07T20:51:46.279-04:00","source":{"id":"0","name":"eventBus"}}
{"__type":"$$EventMessageNode","id":"9c4e1410-d198-458e-a0ae-eafe99057ed4","ts":"2026-10-07T20:51:46.282-04:00","eventName":"n8n.node.finished","message":"n8n.node.finished","payload":{"workflowId":"PaLPAf3VhFN11mWP","workflowName":"chimueloBot","executionId":"3695","nodeType":"n8n-nodes-base.if","nodeName":"If1","nodeId":"e019ba3d-6fff-4262-8bed-dfee6e3133d7"}}
{"__type":"$$EventMessageConfirm","confirm":"9c4e1410-d198-458e-a0ae-eafe99057ed4","ts":"2026-10-07T20:51:46.282-04:00","source":{"id":"0","name":"eventBus"}}
{"__type":"$$EventMessageNode","id":"b967093e-0b4f-4ca8-ae98-a204c3d7ed6e","ts":"2026-10-07T20:51:46.283-04:00","eventName":"n8n.node.started","message":"n8n.node.started","payload":{"workflowId":"PaLPAf3VhFN11mWP","workflowName":"chimueloBot","executionId":"3695","nodeType":"n8n-nodes-base.if","nodeName":"If2","nodeId":"79a91f8d-afeb-4ddc-b6f8-3c9bb45fc216"}}
{"__type":"$$EventMessageConfirm","confirm":"b967093e-0b4f-4ca8-ae98-a204c3d7ed6e","ts":"2026-10-07T20:51:46.283-04:00","source":{"id":"0","name":"eventBus"}}
{"__type":"$$EventMessageNode","id":"d9dca24c-a38a-4b90-a14d-6cac2e089469","ts":"2026-10-07T20:51:46.287-04:00","eventName":"n8n.node.finished","message":"n8n.node.finished","payload":{"workflowId":"PaLPAf3VhFN11mWP","workflowName":"chimueloBot","executionId":"3695","nodeType":"n8n-nodes-base.if","nodeName":"If2","nodeId":"79a91f8d-afeb-4ddc-b6f8-3c9bb45fc216"}}
{"__type":"$$EventMessageConfirm","confirm":"d9dca24c-a38a-4b90-a14d-6cac2e089469","ts":"2026-10-07T20:51:46.287-04:00","source":{"id":"0","name":"eventBus"}}
{"__type":"$$EventMessageWorkflow","id":"3c4d0527-563b-4f92-91cb-4e927e8eac1a","ts":"2026-10-07T20:51:46.288-04:00","eventName":"n8n.workflow.success","message":"n8n.workflow.success","payload":{"executionId":"3695","success":true,"isManual":false,"mode":"webhook","workflowId":"PaLPAf3VhFN11mWP","workflowName":"chimueloBot","projectId":"4cXhCbdLbVUJK3Dd","projectName":"Ramiro De Rogatis <ramirojavierderogatis@hotmail.com>"}}
{"__type":"$$EventMessageConfirm","confirm":"3c4d0527-563b-4f92-91cb-4e927e8eac1a","ts":"2026-10-07T20:51:46.288-04:00","source":{"id":"0","name":"eventBus"}}
{"__type":"$$EventMessageAudit","id":"1a852339-6085-4bb6-95c3-888a26ec8559","ts":"2026-10-07T20:51:47.193-04:00","eventName":"n8n.audit.workflow.executed","message":"n8n.audit.workflow.executed","payload":{"workflowId":"PaLPAf3VhFN11mWP","workflowName":"chimueloBot","executionId":"3696","projectId":"4cXhCbdLbVUJK3Dd","projectName":"Ramiro De Rogatis <ramirojavierderogatis@hotmail.com>","source":"webhook"}}
{"__type":"$$EventMessageConfirm","confirm":"1a852339-6085-4bb6-95c3-888a26ec8559","ts":"2026-10-07T20:51:47.193-04:00","source":{"id":"0","name":"eventBus"}}
{"__type":"$$EventMessageWorkflow","id":"74ea24d2-44f6-43a1-b8e4-da2586a4caa7","ts":"2026-10-07T20:51:47.193-04:00","eventName":"n8n.workflow.started","message":"n8n.workflow.started","payload":{"executionId":"3696","workflowId":"PaLPAf3VhFN11mWP","isManual":false,"mode":"webhook","workflowName":"chimueloBot","projectId":"4cXhCbdLbVUJK3Dd","projectName":"Ramiro De Rogatis <ramirojavierderogatis@hotmail.com>"}}
{"__type":"$$EventMessageConfirm","confirm":"74ea24d2-44f6-43a1-b8e4-da2586a4caa7","ts":"2026-10-07T20:51:47.193-04:00","source":{"id":"0","name":"eventBus"}}
{"__type":"$$EventMessageNode","id":"d5ee0786-503b-441b-87b3-3c3f781b2e35","ts":"2026-10-07T20:51:47.194-04:00","eventName":"n8n.node.started","message":"n8n.node.started","payload":{"workflowId":"PaLPAf3VhFN11mWP","workflowName":"chimueloBot","executionId":"3696","nodeType":"n8n-nodes-base.webhook","nodeName":"Webhook","nodeId":"835eee2e-f5a8-41ae-8da8-c411adda2ef3"}}
{"__type":"$$EventMessageConfirm","confirm":"d5ee0786-503b-441b-87b3-3c3f781b2e35","ts":"2026-10-07T20:51:47.194-04:00","source":{"id":"0","name":"eventBus"}}
{"__type":"$$EventMessageNode","id":"1b25ea84-5020-4949-96cc-1155e8d55334","ts":"2026-10-07T20:51:47.195-04:00","eventName":"n8n.node.finished","message":"n8n.node.finished","payload":{"workflowId":"PaLPAf3VhFN11mWP","workflowName":"chimueloBot","executionId":"3696","nodeType":"n8n-nodes-base.webhook","nodeName":"Webhook","nodeId":"835eee2e-f5a8-41ae-8da8-c411adda2ef3"}}
{"__type":"$$EventMessageConfirm","confirm":"1b25ea84-5020-4949-96cc-1155e8d55334","ts":"2026-10-07T20:51:47.195-04:00","source":{"id":"0","name":"eventBus"}}
{"__type":"$$EventMessageNode","id":"2a11b8a7-0820-469b-92e9-95788ce23927","ts":"2026-10-07T20:51:47.195-04:00","eventName":"n8n.node.started","message":"n8n.node.started","payload":{"workflowId":"PaLPAf3VhFN11mWP","workflowName":"chimueloBot","executionId":"3696","nodeType":"n8n-nodes-base.if","nodeName":"If3","nodeId":"95b56f56-a35e-4d78-8c42-25353df18ded"}}
{"__type":"$$EventMessageConfirm","confirm":"2a11b8a7-0820-469b-92e9-95788ce23927","ts":"2026-10-07T20:51:47.195-04:00","source":{"id":"0","name":"eventBus"}}
{"__type":"$$EventMessageNode","id":"3d555f9f-b2a8-4c36-ada6-33a12088f9fd","ts":"2026-10-07T20:51:47.202-04:00","eventName":"n8n.node.finished","message":"n8n.node.finished","payload":{"workflowId":"PaLPAf3VhFN11mWP","workflowName":"chimueloBot","executionId":"3696","nodeType":"n8n-nodes-base.if","nodeName":"If3","nodeId":"95b56f56-a35e-4d78-8c42-25353df18ded"}}
{"__type":"$$EventMessageConfirm","confirm":"3d555f9f-b2a8-4c36-ada6-33a12088f9fd","ts":"2026-10-07T20:51:47.202-04:00","source":{"id":"0","name":"eventBus"}}
{"__type":"$$EventMessageNode","id":"ff19548c-0f4b-4696-b94f-f3830827fe6e","ts":"2026-10-07T20:51:47.203-04:00","eventName":"n8n.node.started","message":"n8n.node.started","payload":{"workflowId":"PaLPAf3VhFN11mWP","workflowName":"chimueloBot","executionId":"3696","nodeType":"n8n-nodes-base.if","nodeName":"If","nodeId":"fce468f6-e692-43e8-a90c-29d403eaad22"}}
{"__type":"$$EventMessageConfirm","confirm":"ff19548c-0f4b-4696-b94f-f3830827fe6e","ts":"2026-10-07T20:51:47.203-04:00","source":{"id":"0","name":"eventBus"}}
{"__type":"$$EventMessageNode","id":"56fd73c5-a097-4957-a6a0-81e4a0ba2eb4","ts":"2026-10-07T20:51:47.205-04:00","eventName":"n8n.node.finished","message":"n8n.node.finished","payload":{"workflowId":"PaLPAf3VhFN11mWP","workflowName":"chimueloBot","executionId":"3696","nodeType":"n8n-nodes-base.if","nodeName":"If","nodeId":"fce468f6-e692-43e8-a90c-29d403eaad22"}}
{"__type":"$$EventMessageConfirm","confirm":"56fd73c5-a097-4957-a6a0-81e4a0ba2eb4","ts":"2026-10-07T20:51:47.205-04:00","source":{"id":"0","name":"eventBus"}}
{"__type":"$$EventMessageNode","id":"561a641b-74c9-4d7e-8269-47f113fe5ab9","ts":"2026-10-07T20:51:47.206-04:00","eventName":"n8n.node.started","message":"n8n.node.started","payload":{"workflowId":"PaLPAf3VhFN11mWP","workflowName":"chimueloBot","executionId":"3696","nodeType":"n8n-nodes-base.if","nodeName":"If1","nodeId":"e019ba3d-6fff-4262-8bed-dfee6e3133d7"}}
{"__type":"$$EventMessageConfirm","confirm":"561a641b-74c9-4d7e-8269-47f113fe5ab9","ts":"2026-10-07T20:51:47.206-04:00","source":{"id":"0","name":"eventBus"}}
{"__type":"$$EventMessageNode","id":"3b74a204-23e6-4149-9087-f03e3f79f61a","ts":"2026-10-07T20:51:47.208-04:00","eventName":"n8n.node.finished","message":"n8n.node.finished","payload":{"workflowId":"PaLPAf3VhFN11mWP","workflowName":"chimueloBot","executionId":"3696","nodeType":"n8n-nodes-base.if","nodeName":"If1","nodeId":"e019ba3d-6fff-4262-8bed-dfee6e3133d7"}}
{"__type":"$$EventMessageConfirm","confirm":"3b74a204-23e6-4149-9087-f03e3f79f61a","ts":"2026-10-07T20:51:47.208-04:00","source":{"id":"0","name":"eventBus"}}
{"__type":"$$EventMessageNode","id":"f76f4473-bf90-4f1f-85a4-ddefa98fcc49","ts":"2026-10-07T20:51:47.208-04:00","eventName":"n8n.node.started","message":"n8n.node.started","payload":{"workflowId":"PaLPAf3VhFN11mWP","workflowName":"chimueloBot","executionId":"3696","nodeType":"n8n-nodes-base.if","nodeName":"If2","nodeId":"79a91f8d-afeb-4ddc-b6f8-3c9bb45fc216"}}
{"__type":"$$EventMessageConfirm","confirm":"f76f4473-bf90-4f1f-85a4-ddefa98fcc49","ts":"2026-10-07T20:51:47.208-04:00","source":{"id":"0","name":"eventBus"}}
{"__type":"$$EventMessageNode","id":"7d2ec837-31d7-446a-8379-1e9a1e9dd4da","ts":"2026-10-07T20:51:47.213-04:00","eventName":"n8n.node.finished","message":"n8n.node.finished","payload":{"workflowId":"PaLPAf3VhFN11mWP","workflowName":"chimueloBot","executionId":"3696","nodeType":"n8n-nodes-base.if","nodeName":"If2","nodeId":"79a91f8d-afeb-4ddc-b6f8-3c9bb45fc216"}}
{"__type":"$$EventMessageConfirm","confirm":"7d2ec837-31d7-446a-8379-1e9a1e9dd4da","ts":"2026-10-07T20:51:47.213-04:00","source":{"id":"0","name":"eventBus"}}
{"__type":"$$EventMessageWorkflow","id":"b4109229-c15c-445c-8fa3-ab755f678f48","ts":"2026-10-07T20:51:47.213-04:00","eventName":"n8n.workflow.success","message":"n8n.workflow.success","payload":{"executionId":"3696","success":true,"isManual":false,"mode":"webhook","workflowId":"PaLPAf3VhFN11mWP","workflowName":"chimueloBot","projectId":"4cXhCbdLbVUJK3Dd","projectName":"Ramiro De Rogatis <ramirojavierderogatis@hotmail.com>"}}
{"__type":"$$EventMessageConfirm","confirm":"b4109229-c15c-445c-8fa3-ab755f678f48","ts":"2026-10-07T20:51:47.213-04:00","source":{"id":"0","name":"eventBus"}}
{"__type":"$$EventMessageAudit","id":"3c86aee2-c774-4ff0-ab73-79165c65af6b","ts":"2026-10-07T20:51:47.829-04:00","eventName":"n8n.audit.workflow.executed","message":"n8n.audit.workflow.executed","payload":{"workflowId":"PaLPAf3VhFN11mWP","workflowName":"chimueloBot","executionId":"3697","projectId":"4cXhCbdLbVUJK3Dd","projectName":"Ramiro De Rogatis <ramirojavierderogatis@hotmail.com>","source":"webhook"}}
{"__type":"$$EventMessageConfirm","confirm":"3c86aee2-c774-4ff0-ab73-79165c65af6b","ts":"2026-10-07T20:51:47.829-04:00","source":{"id":"0","name":"eventBus"}}
{"__type":"$$EventMessageWorkflow","id":"1e5d09af-ab7c-4890-8603-fededce8b118","ts":"2026-10-07T20:51:47.830-04:00","eventName":"n8n.workflow.started","message":"n8n.workflow.started","payload":{"executionId":"3697","workflowId":"PaLPAf3VhFN11mWP","isManual":false,"mode":"webhook","workflowName":"chimueloBot","projectId":"4cXhCbdLbVUJK3Dd","projectName":"Ramiro De Rogatis <ramirojavierderogatis@hotmail.com>"}}
{"__type":"$$EventMessageConfirm","confirm":"1e5d09af-ab7c-4890-8603-fededce8b118","ts":"2026-10-07T20:51:47.830-04:00","source":{"id":"0","name":"eventBus"}}
{"__type":"$$EventMessageNode","id":"77ffddc3-2455-4247-a092-78f56cf1a4dc","ts":"2026-10-07T20:51:47.830-04:00","eventName":"n8n.node.started","message":"n8n.node.started","payload":{"workflowId":"PaLPAf3VhFN11mWP","workflowName":"chimueloBot","executionId":"3697","nodeType":"n8n-nodes-base.webhook","nodeName":"Webhook","nodeId":"835eee2e-f5a8-41ae-8da8-c411adda2ef3"}}
{"__type":"$$EventMessageConfirm","confirm":"77ffddc3-2455-4247-a092-78f56cf1a4dc","ts":"2026-10-07T20:51:47.830-04:00","source":{"id":"0","name":"eventBus"}}
{"__type":"$$EventMessageNode","id":"cea03df2-7471-44e5-a0b7-2bb1fa388ad6","ts":"2026-10-07T20:51:47.831-04:00","eventName":"n8n.node.finished","message":"n8n.node.finished","payload":{"workflowId":"PaLPAf3VhFN11mWP","workflowName":"chimueloBot","executionId":"3697","nodeType":"n8n-nodes-base.webhook","nodeName":"Webhook","nodeId":"835eee2e-f5a8-41ae-8da8-c411adda2ef3"}}
{"__type":"$$EventMessageConfirm","confirm":"cea03df2-7471-44e5-a0b7-2bb1fa388ad6","ts":"2026-10-07T20:51:47.831-04:00","source":{"id":"0","name":"eventBus"}}
{"__type":"$$EventMessageNode","id":"721f10cc-4a43-44a4-8914-ae2a15f84691","ts":"2026-10-07T20:51:47.831-04:00","eventName":"n8n.node.started","message":"n8n.node.started","payload":{"workflowId":"PaLPAf3VhFN11mWP","workflowName":"chimueloBot","executionId":"3697","nodeType":"n8n-nodes-base.if","nodeName":"If3","nodeId":"95b56f56-a35e-4d78-8c42-25353df18ded"}}
{"__type":"$$EventMessageConfirm","confirm":"721f10cc-4a43-44a4-8914-ae2a15f84691","ts":"2026-10-07T20:51:47.831-04:00","source":{"id":"0","name":"eventBus"}}
{"__type":"$$EventMessageNode","id":"9d7f3903-e778-4af5-bd3d-7e409692c69a","ts":"2026-10-07T20:51:47.838-04:00","eventName":"n8n.node.finished","message":"n8n.node.finished","payload":{"workflowId":"PaLPAf3VhFN11mWP","workflowName":"chimueloBot","executionId":"3697","nodeType":"n8n-nodes-base.if","nodeName":"If3","nodeId":"95b56f56-a35e-4d78-8c42-25353df18ded"}}
{"__type":"$$EventMessageConfirm","confirm":"9d7f3903-e778-4af5-bd3d-7e409692c69a","ts":"2026-10-07T20:51:47.838-04:00","source":{"id":"0","name":"eventBus"}}
{"__type":"$$EventMessageNode","id":"72e7c577-a5bb-4e8e-9fc7-eab74a380f69","ts":"2026-10-07T20:51:47.838-04:00","eventName":"n8n.node.started","message":"n8n.node.started","payload":{"workflowId":"PaLPAf3VhFN11mWP","workflowName":"chimueloBot","executionId":"3697","nodeType":"n8n-nodes-base.if","nodeName":"If","nodeId":"fce468f6-e692-43e8-a90c-29d403eaad22"}}
{"__type":"$$EventMessageConfirm","confirm":"72e7c577-a5bb-4e8e-9fc7-eab74a380f69","ts":"2026-10-07T20:51:47.838-04:00","source":{"id":"0","name":"eventBus"}}
{"__type":"$$EventMessageNode","id":"d3078e41-463e-4027-a339-d5390e815334","ts":"2026-10-07T20:51:47.840-04:00","eventName":"n8n.node.finished","message":"n8n.node.finished","payload":{"workflowId":"PaLPAf3VhFN11mWP","workflowName":"chimueloBot","executionId":"3697","nodeType":"n8n-nodes-base.if","nodeName":"If","nodeId":"fce468f6-e692-43e8-a90c-29d403eaad22"}}
{"__type":"$$EventMessageConfirm","confirm":"d3078e41-463e-4027-a339-d5390e815334","ts":"2026-10-07T20:51:47.840-04:00","source":{"id":"0","name":"eventBus"}}
{"__type":"$$EventMessageNode","id":"56dcc8f0-716f-44ec-b6fc-9889359c9bc4","ts":"2026-10-07T20:51:47.840-04:00","eventName":"n8n.node.started","message":"n8n.node.started","payload":{"workflowId":"PaLPAf3VhFN11mWP","workflowName":"chimueloBot","executionId":"3697","nodeType":"n8n-nodes-base.if","nodeName":"If1","nodeId":"e019ba3d-6fff-4262-8bed-dfee6e3133d7"}}
{"__type":"$$EventMessageConfirm","confirm":"56dcc8f0-716f-44ec-b6fc-9889359c9bc4","ts":"2026-10-07T20:51:47.841-04:00","source":{"id":"0","name":"eventBus"}}
{"__type":"$$EventMessageNode","id":"22c63ff8-0ec0-49fa-b194-c9769532f44a","ts":"2026-10-07T20:51:47.843-04:00","eventName":"n8n.node.finished","message":"n8n.node.finished","payload":{"workflowId":"PaLPAf3VhFN11mWP","workflowName":"chimueloBot","executionId":"3697","nodeType":"n8n-nodes-base.if","nodeName":"If1","nodeId":"e019ba3d-6fff-4262-8bed-dfee6e3133d7"}}
{"__type":"$$EventMessageConfirm","confirm":"22c63ff8-0ec0-49fa-b194-c9769532f44a","ts":"2026-10-07T20:51:47.843-04:00","source":{"id":"0","name":"eventBus"}}
{"__type":"$$EventMessageNode","id":"338495d4-7659-4539-8449-a4bdd3e588cd","ts":"2026-10-07T20:51:47.843-04:00","eventName":"n8n.node.started","message":"n8n.node.started","payload":{"workflowId":"PaLPAf3VhFN11mWP","workflowName":"chimueloBot","executionId":"3697","nodeType":"n8n-nodes-base.if","nodeName":"If2","nodeId":"79a91f8d-afeb-4ddc-b6f8-3c9bb45fc216"}}
{"__type":"$$EventMessageConfirm","confirm":"338495d4-7659-4539-8449-a4bdd3e588cd","ts":"2026-10-07T20:51:47.843-04:00","source":{"id":"0","name":"eventBus"}}
{"__type":"$$EventMessageNode","id":"d7ddb3fe-44a2-4f6a-97c0-5f4c64d0c4e2","ts":"2026-10-07T20:51:47.846-04:00","eventName":"n8n.node.finished","message":"n8n.node.finished","payload":{"workflowId":"PaLPAf3VhFN11mWP","workflowName":"chimueloBot","executionId":"3697","nodeType":"n8n-nodes-base.if","nodeName":"If2","nodeId":"79a91f8d-afeb-4ddc-b6f8-3c9bb45fc216"}}
{"__type":"$$EventMessageConfirm","confirm":"d7ddb3fe-44a2-4f6a-97c0-5f4c64d0c4e2","ts":"2026-10-07T20:51:47.846-04:00","source":{"id":"0","name":"eventBus"}}
{"__type":"$$EventMessageWorkflow","id":"5806d432-4bcd-4cad-a9a7-8622ae6d0900","ts":"2026-10-07T20:51:47.846-04:00","eventName":"n8n.workflow.success","message":"n8n.workflow.success","payload":{"executionId":"3697","success":true,"isManual":false,"mode":"webhook","workflowId":"PaLPAf3VhFN11mWP","workflowName":"chimueloBot","projectId":"4cXhCbdLbVUJK3Dd","projectName":"Ramiro De Rogatis <ramirojavierderogatis@hotmail.com>"}}
{"__type":"$$EventMessageConfirm","confirm":"5806d432-4bcd-4cad-a9a7-8622ae6d0900","ts":"2026-10-07T20:51:47.847-04:00","source":{"id":"0","name":"eventBus"}}
{"__type":"$$EventMessageAudit","id":"595794de-c627-4c94-9225-51a41061aaa8","ts":"2026-10-07T20:51:48.583-04:00","eventName":"n8n.audit.workflow.executed","message":"n8n.audit.workflow.executed","payload":{"workflowId":"PaLPAf3VhFN11mWP","workflowName":"chimueloBot","executionId":"3698","projectId":"4cXhCbdLbVUJK3Dd","projectName":"Ramiro De Rogatis <ramirojavierderogatis@hotmail.com>","source":"webhook"}}
{"__type":"$$EventMessageConfirm","confirm":"595794de-c627-4c94-9225-51a41061aaa8","ts":"2026-10-07T20:51:48.583-04:00","source":{"id":"0","name":"eventBus"}}
{"__type":"$$EventMessageWorkflow","id":"3b4ee2dd-5a91-4087-ab99-08d1ff43b96b","ts":"2026-10-07T20:51:48.583-04:00","eventName":"n8n.workflow.started","message":"n8n.workflow.started","payload":{"executionId":"3698","workflowId":"PaLPAf3VhFN11mWP","isManual":false,"mode":"webhook","workflowName":"chimueloBot","projectId":"4cXhCbdLbVUJK3Dd","projectName":"Ramiro De Rogatis <ramirojavierderogatis@hotmail.com>"}}
{"__type":"$$EventMessageConfirm","confirm":"3b4ee2dd-5a91-4087-ab99-08d1ff43b96b","ts":"2026-10-07T20:51:48.583-04:00","source":{"id":"0","name":"eventBus"}}
{"__type":"$$EventMessageNode","id":"7595e1aa-eec7-4437-8f4b-53122b6d3090","ts":"2026-10-07T20:51:48.584-04:00","eventName":"n8n.node.started","message":"n8n.node.started","payload":{"workflowId":"PaLPAf3VhFN11mWP","workflowName":"chimueloBot","executionId":"3698","nodeType":"n8n-nodes-base.webhook","nodeName":"Webhook","nodeId":"835eee2e-f5a8-41ae-8da8-c411adda2ef3"}}
{"__type":"$$EventMessageConfirm","confirm":"7595e1aa-eec7-4437-8f4b-53122b6d3090","ts":"2026-10-07T20:51:48.584-04:00","source":{"id":"0","name":"eventBus"}}
{"__type":"$$EventMessageNode","id":"3ff52d1f-c3fd-4621-accf-222049206498","ts":"2026-10-07T20:51:48.584-04:00","eventName":"n8n.node.finished","message":"n8n.node.finished","payload":{"workflowId":"PaLPAf3VhFN11mWP","workflowName":"chimueloBot","executionId":"3698","nodeType":"n8n-nodes-base.webhook","nodeName":"Webhook","nodeId":"835eee2e-f5a8-41ae-8da8-c411adda2ef3"}}
{"__type":"$$EventMessageConfirm","confirm":"3ff52d1f-c3fd-4621-accf-222049206498","ts":"2026-10-07T20:51:48.584-04:00","source":{"id":"0","name":"eventBus"}}
{"__type":"$$EventMessageNode","id":"c7d0cdd0-9088-4c20-935f-dd3582c47674","ts":"2026-10-07T20:51:48.584-04:00","eventName":"n8n.node.started","message":"n8n.node.started","payload":{"workflowId":"PaLPAf3VhFN11mWP","workflowName":"chimueloBot","executionId":"3698","nodeType":"n8n-nodes-base.if","nodeName":"If3","nodeId":"95b56f56-a35e-4d78-8c42-25353df18ded"}}
{"__type":"$$EventMessageConfirm","confirm":"c7d0cdd0-9088-4c20-935f-dd3582c47674","ts":"2026-10-07T20:51:48.584-04:00","source":{"id":"0","name":"eventBus"}}
{"__type":"$$EventMessageNode","id":"f662c1b0-02b6-4b7e-a57b-a3c80597c81d","ts":"2026-10-07T20:51:48.591-04:00","eventName":"n8n.node.finished","message":"n8n.node.finished","payload":{"workflowId":"PaLPAf3VhFN11mWP","workflowName":"chimueloBot","executionId":"3698","nodeType":"n8n-nodes-base.if","nodeName":"If3","nodeId":"95b56f56-a35e-4d78-8c42-25353df18ded"}}
{"__type":"$$EventMessageConfirm","confirm":"f662c1b0-02b6-4b7e-a57b-a3c80597c81d","ts":"2026-10-07T20:51:48.591-04:00","source":{"id":"0","name":"eventBus"}}
{"__type":"$$EventMessageNode","id":"f1750114-9535-4d5b-8cf1-8c9de5b49d36","ts":"2026-10-07T20:51:48.591-04:00","eventName":"n8n.node.started","message":"n8n.node.started","payload":{"workflowId":"PaLPAf3VhFN11mWP","workflowName":"chimueloBot","executionId":"3698","nodeType":"n8n-nodes-base.if","nodeName":"If","nodeId":"fce468f6-e692-43e8-a90c-29d403eaad22"}}
{"__type":"$$EventMessageConfirm","confirm":"f1750114-9535-4d5b-8cf1-8c9de5b49d36","ts":"2026-10-07T20:51:48.591-04:00","source":{"id":"0","name":"eventBus"}}
{"__type":"$$EventMessageNode","id":"b8876cb3-c153-4bd0-ae4e-995a9b908e17","ts":"2026-10-07T20:51:48.593-04:00","eventName":"n8n.node.finished","message":"n8n.node.finished","payload":{"workflowId":"PaLPAf3VhFN11mWP","workflowName":"chimueloBot","executionId":"3698","nodeType":"n8n-nodes-base.if","nodeName":"If","nodeId":"fce468f6-e692-43e8-a90c-29d403eaad22"}}
{"__type":"$$EventMessageConfirm","confirm":"b8876cb3-c153-4bd0-ae4e-995a9b908e17","ts":"2026-10-07T20:51:48.593-04:00","source":{"id":"0","name":"eventBus"}}
{"__type":"$$EventMessageNode","id":"108e0bc2-f678-4e01-9ba3-b0685e97b431","ts":"2026-10-07T20:51:48.593-04:00","eventName":"n8n.node.started","message":"n8n.node.started","payload":{"workflowId":"PaLPAf3VhFN11mWP","workflowName":"chimueloBot","executionId":"3698","nodeType":"n8n-nodes-base.if","nodeName":"If1","nodeId":"e019ba3d-6fff-4262-8bed-dfee6e3133d7"}}
{"__type":"$$EventMessageConfirm","confirm":"108e0bc2-f678-4e01-9ba3-b0685e97b431","ts":"2026-10-07T20:51:48.593-04:00","source":{"id":"0","name":"eventBus"}}
{"__type":"$$EventMessageNode","id":"0944ae5c-8f7e-4979-8689-6cdfa25b5497","ts":"2026-10-07T20:51:48.595-04:00","eventName":"n8n.node.finished","message":"n8n.node.finished","payload":{"workflowId":"PaLPAf3VhFN11mWP","workflowName":"chimueloBot","executionId":"3698","nodeType":"n8n-nodes-base.if","nodeName":"If1","nodeId":"e019ba3d-6fff-4262-8bed-dfee6e3133d7"}}
{"__type":"$$EventMessageConfirm","confirm":"0944ae5c-8f7e-4979-8689-6cdfa25b5497","ts":"2026-10-07T20:51:48.595-04:00","source":{"id":"0","name":"eventBus"}}
{"__type":"$$EventMessageNode","id":"0ef1c7a2-dfd7-425a-97a4-6625e9f177a8","ts":"2026-10-07T20:51:48.596-04:00","eventName":"n8n.node.started","message":"n8n.node.started","payload":{"workflowId":"PaLPAf3VhFN11mWP","workflowName":"chimueloBot","executionId":"3698","nodeType":"n8n-nodes-base.if","nodeName":"If2","nodeId":"79a91f8d-afeb-4ddc-b6f8-3c9bb45fc216"}}
{"__type":"$$EventMessageConfirm","confirm":"0ef1c7a2-dfd7-425a-97a4-6625e9f177a8","ts":"2026-10-07T20:51:48.596-04:00","source":{"id":"0","name":"eventBus"}}
{"__type":"$$EventMessageNode","id":"e5e45f7c-29f7-4423-ad05-4d445f491a53","ts":"2026-10-07T20:51:48.598-04:00","eventName":"n8n.node.finished","message":"n8n.node.finished","payload":{"workflowId":"PaLPAf3VhFN11mWP","workflowName":"chimueloBot","executionId":"3698","nodeType":"n8n-nodes-base.if","nodeName":"If2","nodeId":"79a91f8d-afeb-4ddc-b6f8-3c9bb45fc216"}}
{"__type":"$$EventMessageConfirm","confirm":"e5e45f7c-29f7-4423-ad05-4d445f491a53","ts":"2026-10-07T20:51:48.598-04:00","source":{"id":"0","name":"eventBus"}}
{"__type":"$$EventMessageWorkflow","id":"0c7aff67-bccb-4776-88ce-469116a9562b","ts":"2026-10-07T20:51:48.598-04:00","eventName":"n8n.workflow.success","message":"n8n.workflow.success","payload":{"executionId":"3698","success":true,"isManual":false,"mode":"webhook","workflowId":"PaLPAf3VhFN11mWP","workflowName":"chimueloBot","projectId":"4cXhCbdLbVUJK3Dd","projectName":"Ramiro De Rogatis <ramirojavierderogatis@hotmail.com>"}}
{"__type":"$$EventMessageConfirm","confirm":"0c7aff67-bccb-4776-88ce-469116a9562b","ts":"2026-10-07T20:51:48.599-04:00","source":{"id":"0","name":"eventBus"}}
{"__type":"$$EventMessageAudit","id":"5a539e44-5ddd-4ca6-ae28-689e6eaad6cd","ts":"2026-10-07T20:51:49.344-04:00","eventName":"n8n.audit.workflow.executed","message":"n8n.audit.workflow.executed","payload":{"workflowId":"PaLPAf3VhFN11mWP","workflowName":"chimueloBot","executionId":"3699","projectId":"4cXhCbdLbVUJK3Dd","projectName":"Ramiro De Rogatis <ramirojavierderogatis@hotmail.com>","source":"webhook"}}
{"__type":"$$EventMessageConfirm","confirm":"5a539e44-5ddd-4ca6-ae28-689e6eaad6cd","ts":"2026-10-07T20:51:49.344-04:00","source":{"id":"0","name":"eventBus"}}
{"__type":"$$EventMessageWorkflow","id":"0a919e91-3a1c-480a-9072-f369f05e12d5","ts":"2026-10-07T20:51:49.344-04:00","eventName":"n8n.workflow.started","message":"n8n.workflow.started","payload":{"executionId":"3699","workflowId":"PaLPAf3VhFN11mWP","isManual":false,"mode":"webhook","workflowName":"chimueloBot","projectId":"4cXhCbdLbVUJK3Dd","projectName":"Ramiro De Rogatis <ramirojavierderogatis@hotmail.com>"}}
{"__type":"$$EventMessageConfirm","confirm":"0a919e91-3a1c-480a-9072-f369f05e12d5","ts":"2026-10-07T20:51:49.344-04:00","source":{"id":"0","name":"eventBus"}}
{"__type":"$$EventMessageNode","id":"6f340d1b-b458-45ca-9ff6-71a0811b73bf","ts":"2026-10-07T20:51:49.345-04:00","eventName":"n8n.node.started","message":"n8n.node.started","payload":{"workflowId":"PaLPAf3VhFN11mWP","workflowName":"chimueloBot","executionId":"3699","nodeType":"n8n-nodes-base.webhook","nodeName":"Webhook","nodeId":"835eee2e-f5a8-41ae-8da8-c411adda2ef3"}}
{"__type":"$$EventMessageConfirm","confirm":"6f340d1b-b458-45ca-9ff6-71a0811b73bf","ts":"2026-10-07T20:51:49.345-04:00","source":{"id":"0","name":"eventBus"}}
{"__type":"$$EventMessageNode","id":"50a23724-f1db-4d18-966c-53bb7c55e922","ts":"2026-10-07T20:51:49.345-04:00","eventName":"n8n.node.finished","message":"n8n.node.finished","payload":{"workflowId":"PaLPAf3VhFN11mWP","workflowName":"chimueloBot","executionId":"3699","nodeType":"n8n-nodes-base.webhook","nodeName":"Webhook","nodeId":"835eee2e-f5a8-41ae-8da8-c411adda2ef3"}}
{"__type":"$$EventMessageConfirm","confirm":"50a23724-f1db-4d18-966c-53bb7c55e922","ts":"2026-10-07T20:51:49.345-04:00","source":{"id":"0","name":"eventBus"}}
{"__type":"$$EventMessageNode","id":"91b0d61e-4189-42d9-b38b-5b02f6d1983a","ts":"2026-10-07T20:51:49.345-04:00","eventName":"n8n.node.started","message":"n8n.node.started","payload":{"workflowId":"PaLPAf3VhFN11mWP","workflowName":"chimueloBot","executionId":"3699","nodeType":"n8n-nodes-base.if","nodeName":"If3","nodeId":"95b56f56-a35e-4d78-8c42-25353df18ded"}}
{"__type":"$$EventMessageConfirm","confirm":"91b0d61e-4189-42d9-b38b-5b02f6d1983a","ts":"2026-10-07T20:51:49.346-04:00","source":{"id":"0","name":"eventBus"}}
{"__type":"$$EventMessageNode","id":"6d448509-79cf-443d-9b76-68ed5f4d1b27","ts":"2026-10-07T20:51:49.353-04:00","eventName":"n8n.node.finished","message":"n8n.node.finished","payload":{"workflowId":"PaLPAf3VhFN11mWP","workflowName":"chimueloBot","executionId":"3699","nodeType":"n8n-nodes-base.if","nodeName":"If3","nodeId":"95b56f56-a35e-4d78-8c42-25353df18ded"}}
{"__type":"$$EventMessageConfirm","confirm":"6d448509-79cf-443d-9b76-68ed5f4d1b27","ts":"2026-10-07T20:51:49.353-04:00","source":{"id":"0","name":"eventBus"}}
{"__type":"$$EventMessageNode","id":"646795b5-f030-49c0-a10b-64e15f2510a6","ts":"2026-10-07T20:51:49.353-04:00","eventName":"n8n.node.started","message":"n8n.node.started","payload":{"workflowId":"PaLPAf3VhFN11mWP","workflowName":"chimueloBot","executionId":"3699","nodeType":"n8n-nodes-base.if","nodeName":"If","nodeId":"fce468f6-e692-43e8-a90c-29d403eaad22"}}
{"__type":"$$EventMessageConfirm","confirm":"646795b5-f030-49c0-a10b-64e15f2510a6","ts":"2026-10-07T20:51:49.353-04:00","source":{"id":"0","name":"eventBus"}}
{"__type":"$$EventMessageNode","id":"fba93cdd-b650-4410-9549-c1c05643bdaf","ts":"2026-10-07T20:51:49.356-04:00","eventName":"n8n.node.finished","message":"n8n.node.finished","payload":{"workflowId":"PaLPAf3VhFN11mWP","workflowName":"chimueloBot","executionId":"3699","nodeType":"n8n-nodes-base.if","nodeName":"If","nodeId":"fce468f6-e692-43e8-a90c-29d403eaad22"}}
{"__type":"$$EventMessageConfirm","confirm":"fba93cdd-b650-4410-9549-c1c05643bdaf","ts":"2026-10-07T20:51:49.356-04:00","source":{"id":"0","name":"eventBus"}}
{"__type":"$$EventMessageNode","id":"a18dcb13-6a14-499e-a25f-1936f6a8ee50","ts":"2026-10-07T20:51:49.356-04:00","eventName":"n8n.node.started","message":"n8n.node.started","payload":{"workflowId":"PaLPAf3VhFN11mWP","workflowName":"chimueloBot","executionId":"3699","nodeType":"n8n-nodes-base.if","nodeName":"If1","nodeId":"e019ba3d-6fff-4262-8bed-dfee6e3133d7"}}
{"__type":"$$EventMessageConfirm","confirm":"a18dcb13-6a14-499e-a25f-1936f6a8ee50","ts":"2026-10-07T20:51:49.356-04:00","source":{"id":"0","name":"eventBus"}}
{"__type":"$$EventMessageNode","id":"f92b282e-64e9-4c82-857e-8f3199683677","ts":"2026-10-07T20:51:49.358-04:00","eventName":"n8n.node.finished","message":"n8n.node.finished","payload":{"workflowId":"PaLPAf3VhFN11mWP","workflowName":"chimueloBot","executionId":"3699","nodeType":"n8n-nodes-base.if","nodeName":"If1","nodeId":"e019ba3d-6fff-4262-8bed-dfee6e3133d7"}}
{"__type":"$$EventMessageConfirm","confirm":"f92b282e-64e9-4c82-857e-8f3199683677","ts":"2026-10-07T20:51:49.358-04:00","source":{"id":"0","name":"eventBus"}}
{"__type":"$$EventMessageNode","id":"638ba105-6eda-4c1b-b7fd-c763d918e514","ts":"2026-10-07T20:51:49.358-04:00","eventName":"n8n.node.started","message":"n8n.node.started","payload":{"workflowId":"PaLPAf3VhFN11mWP","workflowName":"chimueloBot","executionId":"3699","nodeType":"n8n-nodes-base.if","nodeName":"If2","nodeId":"79a91f8d-afeb-4ddc-b6f8-3c9bb45fc216"}}
{"__type":"$$EventMessageConfirm","confirm":"638ba105-6eda-4c1b-b7fd-c763d918e514","ts":"2026-10-07T20:51:49.358-04:00","source":{"id":"0","name":"eventBus"}}
{"__type":"$$EventMessageNode","id":"4898147e-a387-4354-8c2e-ddb728c31023","ts":"2026-10-07T20:51:49.361-04:00","eventName":"n8n.node.finished","message":"n8n.node.finished","payload":{"workflowId":"PaLPAf3VhFN11mWP","workflowName":"chimueloBot","executionId":"3699","nodeType":"n8n-nodes-base.if","nodeName":"If2","nodeId":"79a91f8d-afeb-4ddc-b6f8-3c9bb45fc216"}}
{"__type":"$$EventMessageConfirm","confirm":"4898147e-a387-4354-8c2e-ddb728c31023","ts":"2026-10-07T20:51:49.362-04:00","source":{"id":"0","name":"eventBus"}}
{"__type":"$$EventMessageWorkflow","id":"8fb2e60e-da8d-4408-8e25-2638a90a527f","ts":"2026-10-07T20:51:49.362-04:00","eventName":"n8n.workflow.success","message":"n8n.workflow.success","payload":{"executionId":"3699","success":true,"isManual":false,"mode":"webhook","workflowId":"PaLPAf3VhFN11mWP","workflowName":"chimueloBot","projectId":"4cXhCbdLbVUJK3Dd","projectName":"Ramiro De Rogatis <ramirojavierderogatis@hotmail.com>"}}
{"__type":"$$EventMessageConfirm","confirm":"8fb2e60e-da8d-4408-8e25-2638a90a527f","ts":"2026-10-07T20:51:49.362-04:00","source":{"id":"0","name":"eventBus"}}
{"__type":"$$EventMessageAudit","id":"fdc9ac66-ea78-4153-b4bd-afc34b14d4df","ts":"2026-10-07T20:51:50.254-04:00","eventName":"n8n.audit.workflow.executed","message":"n8n.audit.workflow.executed","payload":{"workflowId":"PaLPAf3VhFN11mWP","workflowName":"chimueloBot","executionId":"3700","projectId":"4cXhCbdLbVUJK3Dd","projectName":"Ramiro De Rogatis <ramirojavierderogatis@hotmail.com>","source":"webhook"}}
{"__type":"$$EventMessageConfirm","confirm":"fdc9ac66-ea78-4153-b4bd-afc34b14d4df","ts":"2026-10-07T20:51:50.254-04:00","source":{"id":"0","name":"eventBus"}}
{"__type":"$$EventMessageWorkflow","id":"f60ef85d-bc59-4877-a1c1-df564e5198cc","ts":"2026-10-07T20:51:50.254-04:00","eventName":"n8n.workflow.started","message":"n8n.workflow.started","payload":{"executionId":"3700","workflowId":"PaLPAf3VhFN11mWP","isManual":false,"mode":"webhook","workflowName":"chimueloBot","projectId":"4cXhCbdLbVUJK3Dd","projectName":"Ramiro De Rogatis <ramirojavierderogatis@hotmail.com>"}}
{"__type":"$$EventMessageConfirm","confirm":"f60ef85d-bc59-4877-a1c1-df564e5198cc","ts":"2026-10-07T20:51:50.254-04:00","source":{"id":"0","name":"eventBus"}}
{"__type":"$$EventMessageNode","id":"5fa6fe13-6f14-4262-8692-a05d54d628d7","ts":"2026-10-07T20:51:50.255-04:00","eventName":"n8n.node.started","message":"n8n.node.started","payload":{"workflowId":"PaLPAf3VhFN11mWP","workflowName":"chimueloBot","executionId":"3700","nodeType":"n8n-nodes-base.webhook","nodeName":"Webhook","nodeId":"835eee2e-f5a8-41ae-8da8-c411adda2ef3"}}
{"__type":"$$EventMessageConfirm","confirm":"5fa6fe13-6f14-4262-8692-a05d54d628d7","ts":"2026-10-07T20:51:50.255-04:00","source":{"id":"0","name":"eventBus"}}
{"__type":"$$EventMessageNode","id":"690c53f2-13aa-4b06-bc3b-03692b701f9d","ts":"2026-10-07T20:51:50.255-04:00","eventName":"n8n.node.finished","message":"n8n.node.finished","payload":{"workflowId":"PaLPAf3VhFN11mWP","workflowName":"chimueloBot","executionId":"3700","nodeType":"n8n-nodes-base.webhook","nodeName":"Webhook","nodeId":"835eee2e-f5a8-41ae-8da8-c411adda2ef3"}}
{"__type":"$$EventMessageConfirm","confirm":"690c53f2-13aa-4b06-bc3b-03692b701f9d","ts":"2026-10-07T20:51:50.255-04:00","source":{"id":"0","name":"eventBus"}}
{"__type":"$$EventMessageNode","id":"fc4d0fcd-3032-4013-bf42-c18f5793ebaf","ts":"2026-10-07T20:51:50.255-04:00","eventName":"n8n.node.started","message":"n8n.node.started","payload":{"workflowId":"PaLPAf3VhFN11mWP","workflowName":"chimueloBot","executionId":"3700","nodeType":"n8n-nodes-base.if","nodeName":"If3","nodeId":"95b56f56-a35e-4d78-8c42-25353df18ded"}}
{"__type":"$$EventMessageConfirm","confirm":"fc4d0fcd-3032-4013-bf42-c18f5793ebaf","ts":"2026-10-07T20:51:50.255-04:00","source":{"id":"0","name":"eventBus"}}
{"__type":"$$EventMessageNode","id":"28bc1777-74a0-4a63-9e12-b6866870de7e","ts":"2026-10-07T20:51:50.262-04:00","eventName":"n8n.node.finished","message":"n8n.node.finished","payload":{"workflowId":"PaLPAf3VhFN11mWP","workflowName":"chimueloBot","executionId":"3700","nodeType":"n8n-nodes-base.if","nodeName":"If3","nodeId":"95b56f56-a35e-4d78-8c42-25353df18ded"}}
{"__type":"$$EventMessageConfirm","confirm":"28bc1777-74a0-4a63-9e12-b6866870de7e","ts":"2026-10-07T20:51:50.262-04:00","source":{"id":"0","name":"eventBus"}}
{"__type":"$$EventMessageNode","id":"4545408e-4ff4-446b-8ccf-9df1bbf232fc","ts":"2026-10-07T20:51:50.262-04:00","eventName":"n8n.node.started","message":"n8n.node.started","payload":{"workflowId":"PaLPAf3VhFN11mWP","workflowName":"chimueloBot","executionId":"3700","nodeType":"n8n-nodes-base.if","nodeName":"If","nodeId":"fce468f6-e692-43e8-a90c-29d403eaad22"}}
{"__type":"$$EventMessageConfirm","confirm":"4545408e-4ff4-446b-8ccf-9df1bbf232fc","ts":"2026-10-07T20:51:50.262-04:00","source":{"id":"0","name":"eventBus"}}
{"__type":"$$EventMessageNode","id":"5c82e18e-7b94-466c-a6e4-24ca20eeff8c","ts":"2026-10-07T20:51:50.264-04:00","eventName":"n8n.node.finished","message":"n8n.node.finished","payload":{"workflowId":"PaLPAf3VhFN11mWP","workflowName":"chimueloBot","executionId":"3700","nodeType":"n8n-nodes-base.if","nodeName":"If","nodeId":"fce468f6-e692-43e8-a90c-29d403eaad22"}}
{"__type":"$$EventMessageConfirm","confirm":"5c82e18e-7b94-466c-a6e4-24ca20eeff8c","ts":"2026-10-07T20:51:50.264-04:00","source":{"id":"0","name":"eventBus"}}
{"__type":"$$EventMessageNode","id":"77a32e56-fdeb-4649-8b53-8a669a6aef2e","ts":"2026-10-07T20:51:50.264-04:00","eventName":"n8n.node.started","message":"n8n.node.started","payload":{"workflowId":"PaLPAf3VhFN11mWP","workflowName":"chimueloBot","executionId":"3700","nodeType":"n8n-nodes-base.if","nodeName":"If1","nodeId":"e019ba3d-6fff-4262-8bed-dfee6e3133d7"}}
{"__type":"$$EventMessageConfirm","confirm":"77a32e56-fdeb-4649-8b53-8a669a6aef2e","ts":"2026-10-07T20:51:50.264-04:00","source":{"id":"0","name":"eventBus"}}
{"__type":"$$EventMessageNode","id":"bbe19db3-016b-4322-b7d4-47e19d493cc6","ts":"2026-10-07T20:51:50.266-04:00","eventName":"n8n.node.finished","message":"n8n.node.finished","payload":{"workflowId":"PaLPAf3VhFN11mWP","workflowName":"chimueloBot","executionId":"3700","nodeType":"n8n-nodes-base.if","nodeName":"If1","nodeId":"e019ba3d-6fff-4262-8bed-dfee6e3133d7"}}
{"__type":"$$EventMessageConfirm","confirm":"bbe19db3-016b-4322-b7d4-47e19d493cc6","ts":"2026-10-07T20:51:50.266-04:00","source":{"id":"0","name":"eventBus"}}
{"__type":"$$EventMessageNode","id":"d9690e4f-cf44-44cc-b93c-af661cd990d7","ts":"2026-10-07T20:51:50.266-04:00","eventName":"n8n.node.started","message":"n8n.node.started","payload":{"workflowId":"PaLPAf3VhFN11mWP","workflowName":"chimueloBot","executionId":"3700","nodeType":"n8n-nodes-base.if","nodeName":"If2","nodeId":"79a91f8d-afeb-4ddc-b6f8-3c9bb45fc216"}}
{"__type":"$$EventMessageConfirm","confirm":"d9690e4f-cf44-44cc-b93c-af661cd990d7","ts":"2026-10-07T20:51:50.266-04:00","source":{"id":"0","name":"eventBus"}}
{"__type":"$$EventMessageNode","id":"7e48012c-0f60-44a0-88b2-a6cf2b1c4c81","ts":"2026-10-07T20:51:50.270-04:00","eventName":"n8n.node.finished","message":"n8n.node.finished","payload":{"workflowId":"PaLPAf3VhFN11mWP","workflowName":"chimueloBot","executionId":"3700","nodeType":"n8n-nodes-base.if","nodeName":"If2","nodeId":"79a91f8d-afeb-4ddc-b6f8-3c9bb45fc216"}}
{"__type":"$$EventMessageConfirm","confirm":"7e48012c-0f60-44a0-88b2-a6cf2b1c4c81","ts":"2026-10-07T20:51:50.270-04:00","source":{"id":"0","name":"eventBus"}}
{"__type":"$$EventMessageWorkflow","id":"1b48b649-9487-4db4-b11c-3e89cf584a06","ts":"2026-10-07T20:51:50.271-04:00","eventName":"n8n.workflow.success","message":"n8n.workflow.success","payload":{"executionId":"3700","success":true,"isManual":false,"mode":"webhook","workflowId":"PaLPAf3VhFN11mWP","workflowName":"chimueloBot","projectId":"4cXhCbdLbVUJK3Dd","projectName":"Ramiro De Rogatis <ramirojavierderogatis@hotmail.com>"}}
{"__type":"$$EventMessageConfirm","confirm":"1b48b649-9487-4db4-b11c-3e89cf584a06","ts":"2026-10-07T20:51:50.271-04:00","source":{"id":"0","name":"eventBus"}}
{"__type":"$$EventMessageAudit","id":"846699d8-ada2-4daa-b33e-e11fbc6269dc","ts":"2026-10-07T20:51:51.459-04:00","eventName":"n8n.audit.workflow.executed","message":"n8n.audit.workflow.executed","payload":{"workflowId":"PaLPAf3VhFN11mWP","workflowName":"chimueloBot","executionId":"3701","projectId":"4cXhCbdLbVUJK3Dd","projectName":"Ramiro De Rogatis <ramirojavierderogatis@hotmail.com>","source":"webhook"}}
{"__type":"$$EventMessageConfirm","confirm":"846699d8-ada2-4daa-b33e-e11fbc6269dc","ts":"2026-10-07T20:51:51.459-04:00","source":{"id":"0","name":"eventBus"}}
{"__type":"$$EventMessageWorkflow","id":"bd417243-dac8-4461-9291-64d0b9a9bebe","ts":"2026-10-07T20:51:51.459-04:00","eventName":"n8n.workflow.started","message":"n8n.workflow.started","payload":{"executionId":"3701","workflowId":"PaLPAf3VhFN11mWP","isManual":false,"mode":"webhook","workflowName":"chimueloBot","projectId":"4cXhCbdLbVUJK3Dd","projectName":"Ramiro De Rogatis <ramirojavierderogatis@hotmail.com>"}}
{"__type":"$$EventMessageConfirm","confirm":"bd417243-dac8-4461-9291-64d0b9a9bebe","ts":"2026-10-07T20:51:51.459-04:00","source":{"id":"0","name":"eventBus"}}
{"__type":"$$EventMessageNode","id":"f093589a-5ab0-484c-8d73-92f0c3522856","ts":"2026-10-07T20:51:51.460-04:00","eventName":"n8n.node.started","message":"n8n.node.started","payload":{"workflowId":"PaLPAf3VhFN11mWP","workflowName":"chimueloBot","executionId":"3701","nodeType":"n8n-nodes-base.webhook","nodeName":"Webhook","nodeId":"835eee2e-f5a8-41ae-8da8-c411adda2ef3"}}
{"__type":"$$EventMessageConfirm","confirm":"f093589a-5ab0-484c-8d73-92f0c3522856","ts":"2026-10-07T20:51:51.460-04:00","source":{"id":"0","name":"eventBus"}}
{"__type":"$$EventMessageNode","id":"10064864-f199-4fa8-80d2-7916228d2421","ts":"2026-10-07T20:51:51.460-04:00","eventName":"n8n.node.finished","message":"n8n.node.finished","payload":{"workflowId":"PaLPAf3VhFN11mWP","workflowName":"chimueloBot","executionId":"3701","nodeType":"n8n-nodes-base.webhook","nodeName":"Webhook","nodeId":"835eee2e-f5a8-41ae-8da8-c411adda2ef3"}}
{"__type":"$$EventMessageConfirm","confirm":"10064864-f199-4fa8-80d2-7916228d2421","ts":"2026-10-07T20:51:51.460-04:00","source":{"id":"0","name":"eventBus"}}
{"__type":"$$EventMessageNode","id":"341ddc25-6c5b-4ac9-bb8f-6f639dba2d86","ts":"2026-10-07T20:51:51.460-04:00","eventName":"n8n.node.started","message":"n8n.node.started","payload":{"workflowId":"PaLPAf3VhFN11mWP","workflowName":"chimueloBot","executionId":"3701","nodeType":"n8n-nodes-base.if","nodeName":"If3","nodeId":"95b56f56-a35e-4d78-8c42-25353df18ded"}}
{"__type":"$$EventMessageConfirm","confirm":"341ddc25-6c5b-4ac9-bb8f-6f639dba2d86","ts":"2026-10-07T20:51:51.460-04:00","source":{"id":"0","name":"eventBus"}}
{"__type":"$$EventMessageNode","id":"f18800ce-3244-4455-8f9c-d0ad5095b949","ts":"2026-10-07T20:51:51.467-04:00","eventName":"n8n.node.finished","message":"n8n.node.finished","payload":{"workflowId":"PaLPAf3VhFN11mWP","workflowName":"chimueloBot","executionId":"3701","nodeType":"n8n-nodes-base.if","nodeName":"If3","nodeId":"95b56f56-a35e-4d78-8c42-25353df18ded"}}
{"__type":"$$EventMessageConfirm","confirm":"f18800ce-3244-4455-8f9c-d0ad5095b949","ts":"2026-10-07T20:51:51.467-04:00","source":{"id":"0","name":"eventBus"}}
{"__type":"$$EventMessageNode","id":"ed9bd9ca-07fb-44db-9526-21c454c760a6","ts":"2026-10-07T20:51:51.467-04:00","eventName":"n8n.node.started","message":"n8n.node.started","payload":{"workflowId":"PaLPAf3VhFN11mWP","workflowName":"chimueloBot","executionId":"3701","nodeType":"n8n-nodes-base.if","nodeName":"If","nodeId":"fce468f6-e692-43e8-a90c-29d403eaad22"}}
{"__type":"$$EventMessageConfirm","confirm":"ed9bd9ca-07fb-44db-9526-21c454c760a6","ts":"2026-10-07T20:51:51.467-04:00","source":{"id":"0","name":"eventBus"}}
{"__type":"$$EventMessageNode","id":"e30b6c2c-b534-4d7f-91e8-17e2f1c444cb","ts":"2026-10-07T20:51:51.469-04:00","eventName":"n8n.node.finished","message":"n8n.node.finished","payload":{"workflowId":"PaLPAf3VhFN11mWP","workflowName":"chimueloBot","executionId":"3701","nodeType":"n8n-nodes-base.if","nodeName":"If","nodeId":"fce468f6-e692-43e8-a90c-29d403eaad22"}}
{"__type":"$$EventMessageConfirm","confirm":"e30b6c2c-b534-4d7f-91e8-17e2f1c444cb","ts":"2026-10-07T20:51:51.469-04:00","source":{"id":"0","name":"eventBus"}}
{"__type":"$$EventMessageNode","id":"c5e832be-4396-4f43-8611-b68feabef44e","ts":"2026-10-07T20:51:51.469-04:00","eventName":"n8n.node.started","message":"n8n.node.started","payload":{"workflowId":"PaLPAf3VhFN11mWP","workflowName":"chimueloBot","executionId":"3701","nodeType":"n8n-nodes-base.if","nodeName":"If1","nodeId":"e019ba3d-6fff-4262-8bed-dfee6e3133d7"}}
{"__type":"$$EventMessageConfirm","confirm":"c5e832be-4396-4f43-8611-b68feabef44e","ts":"2026-10-07T20:51:51.469-04:00","source":{"id":"0","name":"eventBus"}}
{"__type":"$$EventMessageNode","id":"433e221c-8e43-4614-abdd-77b8a77400ce","ts":"2026-10-07T20:51:51.471-04:00","eventName":"n8n.node.finished","message":"n8n.node.finished","payload":{"workflowId":"PaLPAf3VhFN11mWP","workflowName":"chimueloBot","executionId":"3701","nodeType":"n8n-nodes-base.if","nodeName":"If1","nodeId":"e019ba3d-6fff-4262-8bed-dfee6e3133d7"}}
{"__type":"$$EventMessageConfirm","confirm":"433e221c-8e43-4614-abdd-77b8a77400ce","ts":"2026-10-07T20:51:51.471-04:00","source":{"id":"0","name":"eventBus"}}
{"__type":"$$EventMessageNode","id":"448021fb-b5a2-4d54-88fc-92f98909f4db","ts":"2026-10-07T20:51:51.471-04:00","eventName":"n8n.node.started","message":"n8n.node.started","payload":{"workflowId":"PaLPAf3VhFN11mWP","workflowName":"chimueloBot","executionId":"3701","nodeType":"n8n-nodes-base.if","nodeName":"If2","nodeId":"79a91f8d-afeb-4ddc-b6f8-3c9bb45fc216"}}
{"__type":"$$EventMessageConfirm","confirm":"448021fb-b5a2-4d54-88fc-92f98909f4db","ts":"2026-10-07T20:51:51.471-04:00","source":{"id":"0","name":"eventBus"}}
{"__type":"$$EventMessageNode","id":"cba4d844-f2ab-45e8-b78e-05e4e364bcf3","ts":"2026-10-07T20:51:51.477-04:00","eventName":"n8n.node.finished","message":"n8n.node.finished","payload":{"workflowId":"PaLPAf3VhFN11mWP","workflowName":"chimueloBot","executionId":"3701","nodeType":"n8n-nodes-base.if","nodeName":"If2","nodeId":"79a91f8d-afeb-4ddc-b6f8-3c9bb45fc216"}}
{"__type":"$$EventMessageConfirm","confirm":"cba4d844-f2ab-45e8-b78e-05e4e364bcf3","ts":"2026-10-07T20:51:51.477-04:00","source":{"id":"0","name":"eventBus"}}
{"__type":"$$EventMessageWorkflow","id":"ee1b339c-6c55-451c-91db-5bc1c39be845","ts":"2026-10-07T20:51:51.477-04:00","eventName":"n8n.workflow.success","message":"n8n.workflow.success","payload":{"executionId":"3701","success":true,"isManual":false,"mode":"webhook","workflowId":"PaLPAf3VhFN11mWP","workflowName":"chimueloBot","projectId":"4cXhCbdLbVUJK3Dd","projectName":"Ramiro De Rogatis <ramirojavierderogatis@hotmail.com>"}}
{"__type":"$$EventMessageConfirm","confirm":"ee1b339c-6c55-451c-91db-5bc1c39be845","ts":"2026-10-07T20:51:51.477-04:00","source":{"id":"0","name":"eventBus"}}
{"__type":"$$EventMessageAudit","id":"ff015944-8c14-4901-a3bb-f82334fed2e0","ts":"2026-10-07T20:51:52.399-04:00","eventName":"n8n.audit.workflow.executed","message":"n8n.audit.workflow.executed","payload":{"workflowId":"PaLPAf3VhFN11mWP","workflowName":"chimueloBot","executionId":"3702","projectId":"4cXhCbdLbVUJK3Dd","projectName":"Ramiro De Rogatis <ramirojavierderogatis@hotmail.com>","source":"webhook"}}
{"__type":"$$EventMessageConfirm","confirm":"ff015944-8c14-4901-a3bb-f82334fed2e0","ts":"2026-10-07T20:51:52.399-04:00","source":{"id":"0","name":"eventBus"}}
{"__type":"$$EventMessageWorkflow","id":"e83a7472-f235-4ce2-a967-1b271a65f71a","ts":"2026-10-07T20:51:52.399-04:00","eventName":"n8n.workflow.started","message":"n8n.workflow.started","payload":{"executionId":"3702","workflowId":"PaLPAf3VhFN11mWP","isManual":false,"mode":"webhook","workflowName":"chimueloBot","projectId":"4cXhCbdLbVUJK3Dd","projectName":"Ramiro De Rogatis <ramirojavierderogatis@hotmail.com>"}}
{"__type":"$$EventMessageConfirm","confirm":"e83a7472-f235-4ce2-a967-1b271a65f71a","ts":"2026-10-07T20:51:52.399-04:00","source":{"id":"0","name":"eventBus"}}
{"__type":"$$EventMessageNode","id":"09b7bff9-59eb-4597-9b44-43528fc85b9c","ts":"2026-10-07T20:51:52.400-04:00","eventName":"n8n.node.started","message":"n8n.node.started","payload":{"workflowId":"PaLPAf3VhFN11mWP","workflowName":"chimueloBot","executionId":"3702","nodeType":"n8n-nodes-base.webhook","nodeName":"Webhook","nodeId":"835eee2e-f5a8-41ae-8da8-c411adda2ef3"}}
{"__type":"$$EventMessageConfirm","confirm":"09b7bff9-59eb-4597-9b44-43528fc85b9c","ts":"2026-10-07T20:51:52.400-04:00","source":{"id":"0","name":"eventBus"}}
{"__type":"$$EventMessageNode","id":"2ae8d916-1693-4a7b-999e-754301f82547","ts":"2026-10-07T20:51:52.400-04:00","eventName":"n8n.node.finished","message":"n8n.node.finished","payload":{"workflowId":"PaLPAf3VhFN11mWP","workflowName":"chimueloBot","executionId":"3702","nodeType":"n8n-nodes-base.webhook","nodeName":"Webhook","nodeId":"835eee2e-f5a8-41ae-8da8-c411adda2ef3"}}
{"__type":"$$EventMessageConfirm","confirm":"2ae8d916-1693-4a7b-999e-754301f82547","ts":"2026-10-07T20:51:52.400-04:00","source":{"id":"0","name":"eventBus"}}
{"__type":"$$EventMessageNode","id":"ff5d7c28-1297-4cc4-8eef-41669ce3a65a","ts":"2026-10-07T20:51:52.400-04:00","eventName":"n8n.node.started","message":"n8n.node.started","payload":{"workflowId":"PaLPAf3VhFN11mWP","workflowName":"chimueloBot","executionId":"3702","nodeType":"n8n-nodes-base.if","nodeName":"If3","nodeId":"95b56f56-a35e-4d78-8c42-25353df18ded"}}
{"__type":"$$EventMessageConfirm","confirm":"ff5d7c28-1297-4cc4-8eef-41669ce3a65a","ts":"2026-10-07T20:51:52.400-04:00","source":{"id":"0","name":"eventBus"}}
{"__type":"$$EventMessageNode","id":"26fef1e6-e5a5-4ba6-add5-978c1d362be4","ts":"2026-10-07T20:51:52.407-04:00","eventName":"n8n.node.finished","message":"n8n.node.finished","payload":{"workflowId":"PaLPAf3VhFN11mWP","workflowName":"chimueloBot","executionId":"3702","nodeType":"n8n-nodes-base.if","nodeName":"If3","nodeId":"95b56f56-a35e-4d78-8c42-25353df18ded"}}
{"__type":"$$EventMessageConfirm","confirm":"26fef1e6-e5a5-4ba6-add5-978c1d362be4","ts":"2026-10-07T20:51:52.407-04:00","source":{"id":"0","name":"eventBus"}}
{"__type":"$$EventMessageNode","id":"cd1c1258-cb86-4dd1-a055-927053cfe9b8","ts":"2026-10-07T20:51:52.407-04:00","eventName":"n8n.node.started","message":"n8n.node.started","payload":{"workflowId":"PaLPAf3VhFN11mWP","workflowName":"chimueloBot","executionId":"3702","nodeType":"n8n-nodes-base.if","nodeName":"If","nodeId":"fce468f6-e692-43e8-a90c-29d403eaad22"}}
{"__type":"$$EventMessageConfirm","confirm":"cd1c1258-cb86-4dd1-a055-927053cfe9b8","ts":"2026-10-07T20:51:52.408-04:00","source":{"id":"0","name":"eventBus"}}
{"__type":"$$EventMessageNode","id":"c3dd506b-9481-4630-8f43-be8bee13ad11","ts":"2026-10-07T20:51:52.409-04:00","eventName":"n8n.node.finished","message":"n8n.node.finished","payload":{"workflowId":"PaLPAf3VhFN11mWP","workflowName":"chimueloBot","executionId":"3702","nodeType":"n8n-nodes-base.if","nodeName":"If","nodeId":"fce468f6-e692-43e8-a90c-29d403eaad22"}}
{"__type":"$$EventMessageConfirm","confirm":"c3dd506b-9481-4630-8f43-be8bee13ad11","ts":"2026-10-07T20:51:52.409-04:00","source":{"id":"0","name":"eventBus"}}
{"__type":"$$EventMessageNode","id":"d6dc4d61-ae60-48f4-9e34-9414e14304af","ts":"2026-10-07T20:51:52.409-04:00","eventName":"n8n.node.started","message":"n8n.node.started","payload":{"workflowId":"PaLPAf3VhFN11mWP","workflowName":"chimueloBot","executionId":"3702","nodeType":"n8n-nodes-base.if","nodeName":"If1","nodeId":"e019ba3d-6fff-4262-8bed-dfee6e3133d7"}}
{"__type":"$$EventMessageConfirm","confirm":"d6dc4d61-ae60-48f4-9e34-9414e14304af","ts":"2026-10-07T20:51:52.409-04:00","source":{"id":"0","name":"eventBus"}}
{"__type":"$$EventMessageNode","id":"bc0db13f-4b2f-40bf-b099-04f8b6949db4","ts":"2026-10-07T20:51:52.411-04:00","eventName":"n8n.node.finished","message":"n8n.node.finished","payload":{"workflowId":"PaLPAf3VhFN11mWP","workflowName":"chimueloBot","executionId":"3702","nodeType":"n8n-nodes-base.if","nodeName":"If1","nodeId":"e019ba3d-6fff-4262-8bed-dfee6e3133d7"}}
{"__type":"$$EventMessageConfirm","confirm":"bc0db13f-4b2f-40bf-b099-04f8b6949db4","ts":"2026-10-07T20:51:52.411-04:00","source":{"id":"0","name":"eventBus"}}
{"__type":"$$EventMessageNode","id":"85e90873-9344-4afa-aa13-0c81c1dc5dbc","ts":"2026-10-07T20:51:52.411-04:00","eventName":"n8n.node.started","message":"n8n.node.started","payload":{"workflowId":"PaLPAf3VhFN11mWP","workflowName":"chimueloBot","executionId":"3702","nodeType":"n8n-nodes-base.if","nodeName":"If2","nodeId":"79a91f8d-afeb-4ddc-b6f8-3c9bb45fc216"}}
{"__type":"$$EventMessageConfirm","confirm":"85e90873-9344-4afa-aa13-0c81c1dc5dbc","ts":"2026-10-07T20:51:52.411-04:00","source":{"id":"0","name":"eventBus"}}
{"__type":"$$EventMessageNode","id":"ca9d809a-3aad-4145-aeb1-13e243583b24","ts":"2026-10-07T20:51:52.414-04:00","eventName":"n8n.node.finished","message":"n8n.node.finished","payload":{"workflowId":"PaLPAf3VhFN11mWP","workflowName":"chimueloBot","executionId":"3702","nodeType":"n8n-nodes-base.if","nodeName":"If2","nodeId":"79a91f8d-afeb-4ddc-b6f8-3c9bb45fc216"}}
{"__type":"$$EventMessageConfirm","confirm":"ca9d809a-3aad-4145-aeb1-13e243583b24","ts":"2026-10-07T20:51:52.414-04:00","source":{"id":"0","name":"eventBus"}}
{"__type":"$$EventMessageWorkflow","id":"a12536b6-a5f5-4a77-a3d1-5cd58c3c23bf","ts":"2026-10-07T20:51:52.414-04:00","eventName":"n8n.workflow.success","message":"n8n.workflow.success","payload":{"executionId":"3702","success":true,"isManual":false,"mode":"webhook","workflowId":"PaLPAf3VhFN11mWP","workflowName":"chimueloBot","projectId":"4cXhCbdLbVUJK3Dd","projectName":"Ramiro De Rogatis <ramirojavierderogatis@hotmail.com>"}}
{"__type":"$$EventMessageConfirm","confirm":"a12536b6-a5f5-4a77-a3d1-5cd58c3c23bf","ts":"2026-10-07T20:51:52.414-04:00","source":{"id":"0","name":"eventBus"}}
{"__type":"$$EventMessageAudit","id":"d86bf351-23cc-4c95-8051-c8b75df9316a","ts":"2026-10-07T20:51:53.046-04:00","eventName":"n8n.audit.workflow.executed","message":"n8n.audit.workflow.executed","payload":{"workflowId":"PaLPAf3VhFN11mWP","workflowName":"chimueloBot","executionId":"3703","projectId":"4cXhCbdLbVUJK3Dd","projectName":"Ramiro De Rogatis <ramirojavierderogatis@hotmail.com>","source":"webhook"}}
{"__type":"$$EventMessageConfirm","confirm":"d86bf351-23cc-4c95-8051-c8b75df9316a","ts":"2026-10-07T20:51:53.046-04:00","source":{"id":"0","name":"eventBus"}}
{"__type":"$$EventMessageWorkflow","id":"a5023770-1b73-4859-aea3-f2671f6475a9","ts":"2026-10-07T20:51:53.046-04:00","eventName":"n8n.workflow.started","message":"n8n.workflow.started","payload":{"executionId":"3703","workflowId":"PaLPAf3VhFN11mWP","isManual":false,"mode":"webhook","workflowName":"chimueloBot","projectId":"4cXhCbdLbVUJK3Dd","projectName":"Ramiro De Rogatis <ramirojavierderogatis@hotmail.com>"}}
{"__type":"$$EventMessageConfirm","confirm":"a5023770-1b73-4859-aea3-f2671f6475a9","ts":"2026-10-07T20:51:53.046-04:00","source":{"id":"0","name":"eventBus"}}
{"__type":"$$EventMessageNode","id":"60204312-411e-4192-ba57-a6b425856cd7","ts":"2026-10-07T20:51:53.047-04:00","eventName":"n8n.node.started","message":"n8n.node.started","payload":{"workflowId":"PaLPAf3VhFN11mWP","workflowName":"chimueloBot","executionId":"3703","nodeType":"n8n-nodes-base.webhook","nodeName":"Webhook","nodeId":"835eee2e-f5a8-41ae-8da8-c411adda2ef3"}}
{"__type":"$$EventMessageConfirm","confirm":"60204312-411e-4192-ba57-a6b425856cd7","ts":"2026-10-07T20:51:53.047-04:00","source":{"id":"0","name":"eventBus"}}
{"__type":"$$EventMessageNode","id":"582c7d1d-b246-4c34-9af3-cf9d7150ea24","ts":"2026-10-07T20:51:53.047-04:00","eventName":"n8n.node.finished","message":"n8n.node.finished","payload":{"workflowId":"PaLPAf3VhFN11mWP","workflowName":"chimueloBot","executionId":"3703","nodeType":"n8n-nodes-base.webhook","nodeName":"Webhook","nodeId":"835eee2e-f5a8-41ae-8da8-c411adda2ef3"}}
{"__type":"$$EventMessageConfirm","confirm":"582c7d1d-b246-4c34-9af3-cf9d7150ea24","ts":"2026-10-07T20:51:53.047-04:00","source":{"id":"0","name":"eventBus"}}
{"__type":"$$EventMessageNode","id":"243b0945-40ab-4460-b646-4ba821dd339b","ts":"2026-10-07T20:51:53.047-04:00","eventName":"n8n.node.started","message":"n8n.node.started","payload":{"workflowId":"PaLPAf3VhFN11mWP","workflowName":"chimueloBot","executionId":"3703","nodeType":"n8n-nodes-base.if","nodeName":"If3","nodeId":"95b56f56-a35e-4d78-8c42-25353df18ded"}}
{"__type":"$$EventMessageConfirm","confirm":"243b0945-40ab-4460-b646-4ba821dd339b","ts":"2026-10-07T20:51:53.047-04:00","source":{"id":"0","name":"eventBus"}}
{"__type":"$$EventMessageNode","id":"5d165564-9735-402c-a9dc-18183becf489","ts":"2026-10-07T20:51:53.056-04:00","eventName":"n8n.node.finished","message":"n8n.node.finished","payload":{"workflowId":"PaLPAf3VhFN11mWP","workflowName":"chimueloBot","executionId":"3703","nodeType":"n8n-nodes-base.if","nodeName":"If3","nodeId":"95b56f56-a35e-4d78-8c42-25353df18ded"}}
{"__type":"$$EventMessageConfirm","confirm":"5d165564-9735-402c-a9dc-18183becf489","ts":"2026-10-07T20:51:53.056-04:00","source":{"id":"0","name":"eventBus"}}
{"__type":"$$EventMessageNode","id":"896e718e-b183-41ff-a0cc-070efd5c0975","ts":"2026-10-07T20:51:53.056-04:00","eventName":"n8n.node.started","message":"n8n.node.started","payload":{"workflowId":"PaLPAf3VhFN11mWP","workflowName":"chimueloBot","executionId":"3703","nodeType":"n8n-nodes-base.if","nodeName":"If","nodeId":"fce468f6-e692-43e8-a90c-29d403eaad22"}}
{"__type":"$$EventMessageConfirm","confirm":"896e718e-b183-41ff-a0cc-070efd5c0975","ts":"2026-10-07T20:51:53.056-04:00","source":{"id":"0","name":"eventBus"}}
{"__type":"$$EventMessageNode","id":"4e53185f-dff6-4a56-b4d7-d22b64f9c906","ts":"2026-10-07T20:51:53.058-04:00","eventName":"n8n.node.finished","message":"n8n.node.finished","payload":{"workflowId":"PaLPAf3VhFN11mWP","workflowName":"chimueloBot","executionId":"3703","nodeType":"n8n-nodes-base.if","nodeName":"If","nodeId":"fce468f6-e692-43e8-a90c-29d403eaad22"}}
{"__type":"$$EventMessageConfirm","confirm":"4e53185f-dff6-4a56-b4d7-d22b64f9c906","ts":"2026-10-07T20:51:53.059-04:00","source":{"id":"0","name":"eventBus"}}
{"__type":"$$EventMessageNode","id":"70291a60-aa50-4a56-ad64-52788d9da1ee","ts":"2026-10-07T20:51:53.059-04:00","eventName":"n8n.node.started","message":"n8n.node.started","payload":{"workflowId":"PaLPAf3VhFN11mWP","workflowName":"chimueloBot","executionId":"3703","nodeType":"n8n-nodes-base.if","nodeName":"If1","nodeId":"e019ba3d-6fff-4262-8bed-dfee6e3133d7"}}
{"__type":"$$EventMessageConfirm","confirm":"70291a60-aa50-4a56-ad64-52788d9da1ee","ts":"2026-10-07T20:51:53.059-04:00","source":{"id":"0","name":"eventBus"}}
{"__type":"$$EventMessageNode","id":"0953cf8d-e424-4ef8-9c43-bbfcf5f373e0","ts":"2026-10-07T20:51:53.061-04:00","eventName":"n8n.node.finished","message":"n8n.node.finished","payload":{"workflowId":"PaLPAf3VhFN11mWP","workflowName":"chimueloBot","executionId":"3703","nodeType":"n8n-nodes-base.if","nodeName":"If1","nodeId":"e019ba3d-6fff-4262-8bed-dfee6e3133d7"}}
{"__type":"$$EventMessageConfirm","confirm":"0953cf8d-e424-4ef8-9c43-bbfcf5f373e0","ts":"2026-10-07T20:51:53.061-04:00","source":{"id":"0","name":"eventBus"}}
{"__type":"$$EventMessageNode","id":"0370fb96-d0cc-4ba5-a0c8-e93312bfcceb","ts":"2026-10-07T20:51:53.061-04:00","eventName":"n8n.node.started","message":"n8n.node.started","payload":{"workflowId":"PaLPAf3VhFN11mWP","workflowName":"chimueloBot","executionId":"3703","nodeType":"n8n-nodes-base.if","nodeName":"If2","nodeId":"79a91f8d-afeb-4ddc-b6f8-3c9bb45fc216"}}
{"__type":"$$EventMessageConfirm","confirm":"0370fb96-d0cc-4ba5-a0c8-e93312bfcceb","ts":"2026-10-07T20:51:53.061-04:00","source":{"id":"0","name":"eventBus"}}
{"__type":"$$EventMessageNode","id":"69e1abaf-3cbc-471c-a6f4-30b7010b7c91","ts":"2026-10-07T20:51:53.065-04:00","eventName":"n8n.node.finished","message":"n8n.node.finished","payload":{"workflowId":"PaLPAf3VhFN11mWP","workflowName":"chimueloBot","executionId":"3703","nodeType":"n8n-nodes-base.if","nodeName":"If2","nodeId":"79a91f8d-afeb-4ddc-b6f8-3c9bb45fc216"}}
{"__type":"$$EventMessageConfirm","confirm":"69e1abaf-3cbc-471c-a6f4-30b7010b7c91","ts":"2026-10-07T20:51:53.065-04:00","source":{"id":"0","name":"eventBus"}}
{"__type":"$$EventMessageWorkflow","id":"07434246-36dd-421f-b349-e7ff0cdefc5d","ts":"2026-10-07T20:51:53.065-04:00","eventName":"n8n.workflow.success","message":"n8n.workflow.success","payload":{"executionId":"3703","success":true,"isManual":false,"mode":"webhook","workflowId":"PaLPAf3VhFN11mWP","workflowName":"chimueloBot","projectId":"4cXhCbdLbVUJK3Dd","projectName":"Ramiro De Rogatis <ramirojavierderogatis@hotmail.com>"}}
{"__type":"$$EventMessageConfirm","confirm":"07434246-36dd-421f-b349-e7ff0cdefc5d","ts":"2026-10-07T20:51:53.065-04:00","source":{"id":"0","name":"eventBus"}}
{"__type":"$$EventMessageAudit","id":"19b5932c-fd60-40d4-8905-b82430e79fad","ts":"2026-10-07T20:51:53.950-04:00","eventName":"n8n.audit.workflow.executed","message":"n8n.audit.workflow.executed","payload":{"workflowId":"PaLPAf3VhFN11mWP","workflowName":"chimueloBot","executionId":"3704","projectId":"4cXhCbdLbVUJK3Dd","projectName":"Ramiro De Rogatis <ramirojavierderogatis@hotmail.com>","source":"webhook"}}
{"__type":"$$EventMessageConfirm","confirm":"19b5932c-fd60-40d4-8905-b82430e79fad","ts":"2026-10-07T20:51:53.951-04:00","source":{"id":"0","name":"eventBus"}}
{"__type":"$$EventMessageWorkflow","id":"830fd9ef-acc7-4d3e-8aa3-62db46d4c1be","ts":"2026-10-07T20:51:53.951-04:00","eventName":"n8n.workflow.started","message":"n8n.workflow.started","payload":{"executionId":"3704","workflowId":"PaLPAf3VhFN11mWP","isManual":false,"mode":"webhook","workflowName":"chimueloBot","projectId":"4cXhCbdLbVUJK3Dd","projectName":"Ramiro De Rogatis <ramirojavierderogatis@hotmail.com>"}}
{"__type":"$$EventMessageConfirm","confirm":"830fd9ef-acc7-4d3e-8aa3-62db46d4c1be","ts":"2026-10-07T20:51:53.951-04:00","source":{"id":"0","name":"eventBus"}}
{"__type":"$$EventMessageNode","id":"75fde7fc-77c8-4ccc-b863-c1f04d080008","ts":"2026-10-07T20:51:53.951-04:00","eventName":"n8n.node.started","message":"n8n.node.started","payload":{"workflowId":"PaLPAf3VhFN11mWP","workflowName":"chimueloBot","executionId":"3704","nodeType":"n8n-nodes-base.webhook","nodeName":"Webhook","nodeId":"835eee2e-f5a8-41ae-8da8-c411adda2ef3"}}
{"__type":"$$EventMessageConfirm","confirm":"75fde7fc-77c8-4ccc-b863-c1f04d080008","ts":"2026-10-07T20:51:53.952-04:00","source":{"id":"0","name":"eventBus"}}
{"__type":"$$EventMessageNode","id":"7652c2b9-238d-4a2a-b79b-25b4c6f471a4","ts":"2026-10-07T20:51:53.952-04:00","eventName":"n8n.node.finished","message":"n8n.node.finished","payload":{"workflowId":"PaLPAf3VhFN11mWP","workflowName":"chimueloBot","executionId":"3704","nodeType":"n8n-nodes-base.webhook","nodeName":"Webhook","nodeId":"835eee2e-f5a8-41ae-8da8-c411adda2ef3"}}
{"__type":"$$EventMessageConfirm","confirm":"7652c2b9-238d-4a2a-b79b-25b4c6f471a4","ts":"2026-10-07T20:51:53.952-04:00","source":{"id":"0","name":"eventBus"}}
{"__type":"$$EventMessageNode","id":"10ae3c81-d1eb-447d-980d-a816137bd7db","ts":"2026-10-07T20:51:53.952-04:00","eventName":"n8n.node.started","message":"n8n.node.started","payload":{"workflowId":"PaLPAf3VhFN11mWP","workflowName":"chimueloBot","executionId":"3704","nodeType":"n8n-nodes-base.if","nodeName":"If3","nodeId":"95b56f56-a35e-4d78-8c42-25353df18ded"}}
{"__type":"$$EventMessageConfirm","confirm":"10ae3c81-d1eb-447d-980d-a816137bd7db","ts":"2026-10-07T20:51:53.952-04:00","source":{"id":"0","name":"eventBus"}}
{"__type":"$$EventMessageNode","id":"674af981-5c31-4278-b3ed-2ad79b45ab61","ts":"2026-10-07T20:51:53.960-04:00","eventName":"n8n.node.finished","message":"n8n.node.finished","payload":{"workflowId":"PaLPAf3VhFN11mWP","workflowName":"chimueloBot","executionId":"3704","nodeType":"n8n-nodes-base.if","nodeName":"If3","nodeId":"95b56f56-a35e-4d78-8c42-25353df18ded"}}
{"__type":"$$EventMessageConfirm","confirm":"674af981-5c31-4278-b3ed-2ad79b45ab61","ts":"2026-10-07T20:51:53.960-04:00","source":{"id":"0","name":"eventBus"}}
{"__type":"$$EventMessageNode","id":"2746fe9a-8e8f-48f9-b9a8-d0b7d0ed0f30","ts":"2026-10-07T20:51:53.960-04:00","eventName":"n8n.node.started","message":"n8n.node.started","payload":{"workflowId":"PaLPAf3VhFN11mWP","workflowName":"chimueloBot","executionId":"3704","nodeType":"n8n-nodes-base.if","nodeName":"If","nodeId":"fce468f6-e692-43e8-a90c-29d403eaad22"}}
{"__type":"$$EventMessageConfirm","confirm":"2746fe9a-8e8f-48f9-b9a8-d0b7d0ed0f30","ts":"2026-10-07T20:51:53.960-04:00","source":{"id":"0","name":"eventBus"}}
{"__type":"$$EventMessageNode","id":"e4040e6a-917a-417a-b150-ac5772907f19","ts":"2026-10-07T20:51:53.962-04:00","eventName":"n8n.node.finished","message":"n8n.node.finished","payload":{"workflowId":"PaLPAf3VhFN11mWP","workflowName":"chimueloBot","executionId":"3704","nodeType":"n8n-nodes-base.if","nodeName":"If","nodeId":"fce468f6-e692-43e8-a90c-29d403eaad22"}}
{"__type":"$$EventMessageConfirm","confirm":"e4040e6a-917a-417a-b150-ac5772907f19","ts":"2026-10-07T20:51:53.962-04:00","source":{"id":"0","name":"eventBus"}}
{"__type":"$$EventMessageNode","id":"459146a2-9313-4a1b-b9a2-aeda3251d28f","ts":"2026-10-07T20:51:53.963-04:00","eventName":"n8n.node.started","message":"n8n.node.started","payload":{"workflowId":"PaLPAf3VhFN11mWP","workflowName":"chimueloBot","executionId":"3704","nodeType":"n8n-nodes-base.if","nodeName":"If1","nodeId":"e019ba3d-6fff-4262-8bed-dfee6e3133d7"}}
{"__type":"$$EventMessageConfirm","confirm":"459146a2-9313-4a1b-b9a2-aeda3251d28f","ts":"2026-10-07T20:51:53.963-04:00","source":{"id":"0","name":"eventBus"}}
{"__type":"$$EventMessageNode","id":"d7b86960-7506-47d1-96dc-12ecf5a0ab23","ts":"2026-10-07T20:51:53.965-04:00","eventName":"n8n.node.finished","message":"n8n.node.finished","payload":{"workflowId":"PaLPAf3VhFN11mWP","workflowName":"chimueloBot","executionId":"3704","nodeType":"n8n-nodes-base.if","nodeName":"If1","nodeId":"e019ba3d-6fff-4262-8bed-dfee6e3133d7"}}
{"__type":"$$EventMessageConfirm","confirm":"d7b86960-7506-47d1-96dc-12ecf5a0ab23","ts":"2026-10-07T20:51:53.965-04:00","source":{"id":"0","name":"eventBus"}}
{"__type":"$$EventMessageNode","id":"b13a2bf4-b6f8-4f56-937b-5daddd314aea","ts":"2026-10-07T20:51:53.966-04:00","eventName":"n8n.node.started","message":"n8n.node.started","payload":{"workflowId":"PaLPAf3VhFN11mWP","workflowName":"chimueloBot","executionId":"3704","nodeType":"n8n-nodes-base.if","nodeName":"If2","nodeId":"79a91f8d-afeb-4ddc-b6f8-3c9bb45fc216"}}
{"__type":"$$EventMessageConfirm","confirm":"b13a2bf4-b6f8-4f56-937b-5daddd314aea","ts":"2026-10-07T20:51:53.966-04:00","source":{"id":"0","name":"eventBus"}}
{"__type":"$$EventMessageNode","id":"f291a6b8-e667-4c14-b927-c2fd0e092233","ts":"2026-10-07T20:51:53.970-04:00","eventName":"n8n.node.finished","message":"n8n.node.finished","payload":{"workflowId":"PaLPAf3VhFN11mWP","workflowName":"chimueloBot","executionId":"3704","nodeType":"n8n-nodes-base.if","nodeName":"If2","nodeId":"79a91f8d-afeb-4ddc-b6f8-3c9bb45fc216"}}
{"__type":"$$EventMessageConfirm","confirm":"f291a6b8-e667-4c14-b927-c2fd0e092233","ts":"2026-10-07T20:51:53.970-04:00","source":{"id":"0","name":"eventBus"}}
{"__type":"$$EventMessageWorkflow","id":"b3bcc6b8-5684-43bc-80c6-4f8eb32370a0","ts":"2026-10-07T20:51:53.970-04:00","eventName":"n8n.workflow.success","message":"n8n.workflow.success","payload":{"executionId":"3704","success":true,"isManual":false,"mode":"webhook","workflowId":"PaLPAf3VhFN11mWP","workflowName":"chimueloBot","projectId":"4cXhCbdLbVUJK3Dd","projectName":"Ramiro De Rogatis <ramirojavierderogatis@hotmail.com>"}}
{"__type":"$$EventMessageConfirm","confirm":"b3bcc6b8-5684-43bc-80c6-4f8eb32370a0","ts":"2026-10-07T20:51:53.970-04:00","source":{"id":"0","name":"eventBus"}}
{"__type":"$$EventMessageAudit","id":"b8bc5285-b8fe-492e-8abd-50fc8e3e0e2d","ts":"2026-10-07T20:51:54.583-04:00","eventName":"n8n.audit.workflow.executed","message":"n8n.audit.workflow.executed","payload":{"workflowId":"PaLPAf3VhFN11mWP","workflowName":"chimueloBot","executionId":"3705","projectId":"4cXhCbdLbVUJK3Dd","projectName":"Ramiro De Rogatis <ramirojavierderogatis@hotmail.com>","source":"webhook"}}
{"__type":"$$EventMessageConfirm","confirm":"b8bc5285-b8fe-492e-8abd-50fc8e3e0e2d","ts":"2026-10-07T20:51:54.583-04:00","source":{"id":"0","name":"eventBus"}}
{"__type":"$$EventMessageWorkflow","id":"7b01c244-c9ab-416b-ac43-706d55409bfa","ts":"2026-10-07T20:51:54.583-04:00","eventName":"n8n.workflow.started","message":"n8n.workflow.started","payload":{"executionId":"3705","workflowId":"PaLPAf3VhFN11mWP","isManual":false,"mode":"webhook","workflowName":"chimueloBot","projectId":"4cXhCbdLbVUJK3Dd","projectName":"Ramiro De Rogatis <ramirojavierderogatis@hotmail.com>"}}
{"__type":"$$EventMessageConfirm","confirm":"7b01c244-c9ab-416b-ac43-706d55409bfa","ts":"2026-10-07T20:51:54.583-04:00","source":{"id":"0","name":"eventBus"}}
{"__type":"$$EventMessageNode","id":"f27ce1db-36dc-4a58-ae71-fdc5ea6b3181","ts":"2026-10-07T20:51:54.584-04:00","eventName":"n8n.node.started","message":"n8n.node.started","payload":{"workflowId":"PaLPAf3VhFN11mWP","workflowName":"chimueloBot","executionId":"3705","nodeType":"n8n-nodes-base.webhook","nodeName":"Webhook","nodeId":"835eee2e-f5a8-41ae-8da8-c411adda2ef3"}}
{"__type":"$$EventMessageConfirm","confirm":"f27ce1db-36dc-4a58-ae71-fdc5ea6b3181","ts":"2026-10-07T20:51:54.585-04:00","source":{"id":"0","name":"eventBus"}}
{"__type":"$$EventMessageNode","id":"45093544-6c7b-4b53-b1d1-06805b909fc3","ts":"2026-10-07T20:51:54.585-04:00","eventName":"n8n.node.finished","message":"n8n.node.finished","payload":{"workflowId":"PaLPAf3VhFN11mWP","workflowName":"chimueloBot","executionId":"3705","nodeType":"n8n-nodes-base.webhook","nodeName":"Webhook","nodeId":"835eee2e-f5a8-41ae-8da8-c411adda2ef3"}}
{"__type":"$$EventMessageConfirm","confirm":"45093544-6c7b-4b53-b1d1-06805b909fc3","ts":"2026-10-07T20:51:54.585-04:00","source":{"id":"0","name":"eventBus"}}
{"__type":"$$EventMessageNode","id":"409a3777-525b-47be-8307-084ef6bc9ff1","ts":"2026-10-07T20:51:54.585-04:00","eventName":"n8n.node.started","message":"n8n.node.started","payload":{"workflowId":"PaLPAf3VhFN11mWP","workflowName":"chimueloBot","executionId":"3705","nodeType":"n8n-nodes-base.if","nodeName":"If3","nodeId":"95b56f56-a35e-4d78-8c42-25353df18ded"}}
{"__type":"$$EventMessageConfirm","confirm":"409a3777-525b-47be-8307-084ef6bc9ff1","ts":"2026-10-07T20:51:54.585-04:00","source":{"id":"0","name":"eventBus"}}
{"__type":"$$EventMessageNode","id":"80830763-899b-4b8d-82d0-b9aff80e8784","ts":"2026-10-07T20:51:54.592-04:00","eventName":"n8n.node.finished","message":"n8n.node.finished","payload":{"workflowId":"PaLPAf3VhFN11mWP","workflowName":"chimueloBot","executionId":"3705","nodeType":"n8n-nodes-base.if","nodeName":"If3","nodeId":"95b56f56-a35e-4d78-8c42-25353df18ded"}}
{"__type":"$$EventMessageConfirm","confirm":"80830763-899b-4b8d-82d0-b9aff80e8784","ts":"2026-10-07T20:51:54.592-04:00","source":{"id":"0","name":"eventBus"}}
{"__type":"$$EventMessageNode","id":"47c7fc58-9c78-42c5-8cac-7b758651dded","ts":"2026-10-07T20:51:54.592-04:00","eventName":"n8n.node.started","message":"n8n.node.started","payload":{"workflowId":"PaLPAf3VhFN11mWP","workflowName":"chimueloBot","executionId":"3705","nodeType":"n8n-nodes-base.if","nodeName":"If","nodeId":"fce468f6-e692-43e8-a90c-29d403eaad22"}}
{"__type":"$$EventMessageConfirm","confirm":"47c7fc58-9c78-42c5-8cac-7b758651dded","ts":"2026-10-07T20:51:54.592-04:00","source":{"id":"0","name":"eventBus"}}
{"__type":"$$EventMessageNode","id":"866fb437-0772-401c-aae7-864150000599","ts":"2026-10-07T20:51:54.594-04:00","eventName":"n8n.node.finished","message":"n8n.node.finished","payload":{"workflowId":"PaLPAf3VhFN11mWP","workflowName":"chimueloBot","executionId":"3705","nodeType":"n8n-nodes-base.if","nodeName":"If","nodeId":"fce468f6-e692-43e8-a90c-29d403eaad22"}}
{"__type":"$$EventMessageConfirm","confirm":"866fb437-0772-401c-aae7-864150000599","ts":"2026-10-07T20:51:54.594-04:00","source":{"id":"0","name":"eventBus"}}
{"__type":"$$EventMessageNode","id":"0eaa5992-b99c-4321-ac72-7d971fd29d46","ts":"2026-10-07T20:51:54.594-04:00","eventName":"n8n.node.started","message":"n8n.node.started","payload":{"workflowId":"PaLPAf3VhFN11mWP","workflowName":"chimueloBot","executionId":"3705","nodeType":"n8n-nodes-base.if","nodeName":"If1","nodeId":"e019ba3d-6fff-4262-8bed-dfee6e3133d7"}}
{"__type":"$$EventMessageConfirm","confirm":"0eaa5992-b99c-4321-ac72-7d971fd29d46","ts":"2026-10-07T20:51:54.594-04:00","source":{"id":"0","name":"eventBus"}}
{"__type":"$$EventMessageNode","id":"e502dcdf-dfee-4cc5-b2a0-8493f569d148","ts":"2026-10-07T20:51:54.596-04:00","eventName":"n8n.node.finished","message":"n8n.node.finished","payload":{"workflowId":"PaLPAf3VhFN11mWP","workflowName":"chimueloBot","executionId":"3705","nodeType":"n8n-nodes-base.if","nodeName":"If1","nodeId":"e019ba3d-6fff-4262-8bed-dfee6e3133d7"}}
{"__type":"$$EventMessageConfirm","confirm":"e502dcdf-dfee-4cc5-b2a0-8493f569d148","ts":"2026-10-07T20:51:54.596-04:00","source":{"id":"0","name":"eventBus"}}
{"__type":"$$EventMessageNode","id":"8dcfa738-b648-4fc1-b421-d3b82e3a0cf7","ts":"2026-10-07T20:51:54.596-04:00","eventName":"n8n.node.started","message":"n8n.node.started","payload":{"workflowId":"PaLPAf3VhFN11mWP","workflowName":"chimueloBot","executionId":"3705","nodeType":"n8n-nodes-base.if","nodeName":"If2","nodeId":"79a91f8d-afeb-4ddc-b6f8-3c9bb45fc216"}}
{"__type":"$$EventMessageConfirm","confirm":"8dcfa738-b648-4fc1-b421-d3b82e3a0cf7","ts":"2026-10-07T20:51:54.596-04:00","source":{"id":"0","name":"eventBus"}}
{"__type":"$$EventMessageNode","id":"64140aa2-7d13-4b8a-964d-da68ad9f45b5","ts":"2026-10-07T20:51:54.599-04:00","eventName":"n8n.node.finished","message":"n8n.node.finished","payload":{"workflowId":"PaLPAf3VhFN11mWP","workflowName":"chimueloBot","executionId":"3705","nodeType":"n8n-nodes-base.if","nodeName":"If2","nodeId":"79a91f8d-afeb-4ddc-b6f8-3c9bb45fc216"}}
{"__type":"$$EventMessageConfirm","confirm":"64140aa2-7d13-4b8a-964d-da68ad9f45b5","ts":"2026-10-07T20:51:54.599-04:00","source":{"id":"0","name":"eventBus"}}
{"__type":"$$EventMessageWorkflow","id":"8ca27e5f-2760-4dd7-850d-450e0276ba20","ts":"2026-10-07T20:51:54.599-04:00","eventName":"n8n.workflow.success","message":"n8n.workflow.success","payload":{"executionId":"3705","success":true,"isManual":false,"mode":"webhook","workflowId":"PaLPAf3VhFN11mWP","workflowName":"chimueloBot","projectId":"4cXhCbdLbVUJK3Dd","projectName":"Ramiro De Rogatis <ramirojavierderogatis@hotmail.com>"}}
{"__type":"$$EventMessageConfirm","confirm":"8ca27e5f-2760-4dd7-850d-450e0276ba20","ts":"2026-10-07T20:51:54.599-04:00","source":{"id":"0","name":"eventBus"}}
{"__type":"$$EventMessageAudit","id":"d06fef45-a1b4-4b25-8e3a-d8c81a4b9a93","ts":"2026-10-07T20:51:55.479-04:00","eventName":"n8n.audit.workflow.executed","message":"n8n.audit.workflow.executed","payload":{"workflowId":"PaLPAf3VhFN11mWP","workflowName":"chimueloBot","executionId":"3706","projectId":"4cXhCbdLbVUJK3Dd","projectName":"Ramiro De Rogatis <ramirojavierderogatis@hotmail.com>","source":"webhook"}}
{"__type":"$$EventMessageConfirm","confirm":"d06fef45-a1b4-4b25-8e3a-d8c81a4b9a93","ts":"2026-10-07T20:51:55.479-04:00","source":{"id":"0","name":"eventBus"}}
{"__type":"$$EventMessageWorkflow","id":"a12fc699-f5d6-4028-9731-5a4740395be8","ts":"2026-10-07T20:51:55.479-04:00","eventName":"n8n.workflow.started","message":"n8n.workflow.started","payload":{"executionId":"3706","workflowId":"PaLPAf3VhFN11mWP","isManual":false,"mode":"webhook","workflowName":"chimueloBot","projectId":"4cXhCbdLbVUJK3Dd","projectName":"Ramiro De Rogatis <ramirojavierderogatis@hotmail.com>"}}
{"__type":"$$EventMessageConfirm","confirm":"a12fc699-f5d6-4028-9731-5a4740395be8","ts":"2026-10-07T20:51:55.479-04:00","source":{"id":"0","name":"eventBus"}}
{"__type":"$$EventMessageNode","id":"92b5d6bc-971d-404d-a0de-728f3f59afe9","ts":"2026-10-07T20:51:55.480-04:00","eventName":"n8n.node.started","message":"n8n.node.started","payload":{"workflowId":"PaLPAf3VhFN11mWP","workflowName":"chimueloBot","executionId":"3706","nodeType":"n8n-nodes-base.webhook","nodeName":"Webhook","nodeId":"835eee2e-f5a8-41ae-8da8-c411adda2ef3"}}
{"__type":"$$EventMessageConfirm","confirm":"92b5d6bc-971d-404d-a0de-728f3f59afe9","ts":"2026-10-07T20:51:55.480-04:00","source":{"id":"0","name":"eventBus"}}
{"__type":"$$EventMessageNode","id":"277655b0-f6ef-43d1-9c9f-baf8a684a25c","ts":"2026-10-07T20:51:55.480-04:00","eventName":"n8n.node.finished","message":"n8n.node.finished","payload":{"workflowId":"PaLPAf3VhFN11mWP","workflowName":"chimueloBot","executionId":"3706","nodeType":"n8n-nodes-base.webhook","nodeName":"Webhook","nodeId":"835eee2e-f5a8-41ae-8da8-c411adda2ef3"}}
{"__type":"$$EventMessageConfirm","confirm":"277655b0-f6ef-43d1-9c9f-baf8a684a25c","ts":"2026-10-07T20:51:55.480-04:00","source":{"id":"0","name":"eventBus"}}
{"__type":"$$EventMessageNode","id":"ba4d6e11-3a83-45df-82e1-80f886bcd8b2","ts":"2026-10-07T20:51:55.480-04:00","eventName":"n8n.node.started","message":"n8n.node.started","payload":{"workflowId":"PaLPAf3VhFN11mWP","workflowName":"chimueloBot","executionId":"3706","nodeType":"n8n-nodes-base.if","nodeName":"If3","nodeId":"95b56f56-a35e-4d78-8c42-25353df18ded"}}
{"__type":"$$EventMessageConfirm","confirm":"ba4d6e11-3a83-45df-82e1-80f886bcd8b2","ts":"2026-10-07T20:51:55.480-04:00","source":{"id":"0","name":"eventBus"}}
{"__type":"$$EventMessageNode","id":"ec7f2f85-64a5-4a6c-a8de-1c152bb05708","ts":"2026-10-07T20:51:55.487-04:00","eventName":"n8n.node.finished","message":"n8n.node.finished","payload":{"workflowId":"PaLPAf3VhFN11mWP","workflowName":"chimueloBot","executionId":"3706","nodeType":"n8n-nodes-base.if","nodeName":"If3","nodeId":"95b56f56-a35e-4d78-8c42-25353df18ded"}}
{"__type":"$$EventMessageConfirm","confirm":"ec7f2f85-64a5-4a6c-a8de-1c152bb05708","ts":"2026-10-07T20:51:55.488-04:00","source":{"id":"0","name":"eventBus"}}
{"__type":"$$EventMessageNode","id":"83c20b37-08f1-4617-8157-ca9bc47390e6","ts":"2026-10-07T20:51:55.488-04:00","eventName":"n8n.node.started","message":"n8n.node.started","payload":{"workflowId":"PaLPAf3VhFN11mWP","workflowName":"chimueloBot","executionId":"3706","nodeType":"n8n-nodes-base.if","nodeName":"If","nodeId":"fce468f6-e692-43e8-a90c-29d403eaad22"}}
{"__type":"$$EventMessageConfirm","confirm":"83c20b37-08f1-4617-8157-ca9bc47390e6","ts":"2026-10-07T20:51:55.488-04:00","source":{"id":"0","name":"eventBus"}}
{"__type":"$$EventMessageNode","id":"b9f52136-f52c-4480-8490-4c290a06fc57","ts":"2026-10-07T20:51:55.489-04:00","eventName":"n8n.node.finished","message":"n8n.node.finished","payload":{"workflowId":"PaLPAf3VhFN11mWP","workflowName":"chimueloBot","executionId":"3706","nodeType":"n8n-nodes-base.if","nodeName":"If","nodeId":"fce468f6-e692-43e8-a90c-29d403eaad22"}}
{"__type":"$$EventMessageConfirm","confirm":"b9f52136-f52c-4480-8490-4c290a06fc57","ts":"2026-10-07T20:51:55.490-04:00","source":{"id":"0","name":"eventBus"}}
{"__type":"$$EventMessageNode","id":"cdc66e1d-c65d-4582-867d-b86b997e22d6","ts":"2026-10-07T20:51:55.490-04:00","eventName":"n8n.node.started","message":"n8n.node.started","payload":{"workflowId":"PaLPAf3VhFN11mWP","workflowName":"chimueloBot","executionId":"3706","nodeType":"n8n-nodes-base.if","nodeName":"If1","nodeId":"e019ba3d-6fff-4262-8bed-dfee6e3133d7"}}
{"__type":"$$EventMessageConfirm","confirm":"cdc66e1d-c65d-4582-867d-b86b997e22d6","ts":"2026-10-07T20:51:55.490-04:00","source":{"id":"0","name":"eventBus"}}
{"__type":"$$EventMessageNode","id":"db04d0c0-f03d-42bd-9cbe-6447dc066a48","ts":"2026-10-07T20:51:55.492-04:00","eventName":"n8n.node.finished","message":"n8n.node.finished","payload":{"workflowId":"PaLPAf3VhFN11mWP","workflowName":"chimueloBot","executionId":"3706","nodeType":"n8n-nodes-base.if","nodeName":"If1","nodeId":"e019ba3d-6fff-4262-8bed-dfee6e3133d7"}}
{"__type":"$$EventMessageConfirm","confirm":"db04d0c0-f03d-42bd-9cbe-6447dc066a48","ts":"2026-10-07T20:51:55.492-04:00","source":{"id":"0","name":"eventBus"}}
{"__type":"$$EventMessageNode","id":"b3ce7277-73b7-4fab-96dc-56b2c562411a","ts":"2026-10-07T20:51:55.492-04:00","eventName":"n8n.node.started","message":"n8n.node.started","payload":{"workflowId":"PaLPAf3VhFN11mWP","workflowName":"chimueloBot","executionId":"3706","nodeType":"n8n-nodes-base.if","nodeName":"If2","nodeId":"79a91f8d-afeb-4ddc-b6f8-3c9bb45fc216"}}
{"__type":"$$EventMessageConfirm","confirm":"b3ce7277-73b7-4fab-96dc-56b2c562411a","ts":"2026-10-07T20:51:55.492-04:00","source":{"id":"0","name":"eventBus"}}
{"__type":"$$EventMessageNode","id":"a1fb95a3-4499-4a98-81c7-51ed2c1e70c3","ts":"2026-10-07T20:51:55.495-04:00","eventName":"n8n.node.finished","message":"n8n.node.finished","payload":{"workflowId":"PaLPAf3VhFN11mWP","workflowName":"chimueloBot","executionId":"3706","nodeType":"n8n-nodes-base.if","nodeName":"If2","nodeId":"79a91f8d-afeb-4ddc-b6f8-3c9bb45fc216"}}
{"__type":"$$EventMessageConfirm","confirm":"a1fb95a3-4499-4a98-81c7-51ed2c1e70c3","ts":"2026-10-07T20:51:55.495-04:00","source":{"id":"0","name":"eventBus"}}
{"__type":"$$EventMessageWorkflow","id":"24105991-9cd4-436e-b1d7-254b271d3b6d","ts":"2026-10-07T20:51:55.495-04:00","eventName":"n8n.workflow.success","message":"n8n.workflow.success","payload":{"executionId":"3706","success":true,"isManual":false,"mode":"webhook","workflowId":"PaLPAf3VhFN11mWP","workflowName":"chimueloBot","projectId":"4cXhCbdLbVUJK3Dd","projectName":"Ramiro De Rogatis <ramirojavierderogatis@hotmail.com>"}}
{"__type":"$$EventMessageConfirm","confirm":"24105991-9cd4-436e-b1d7-254b271d3b6d","ts":"2026-10-07T20:51:55.495-04:00","source":{"id":"0","name":"eventBus"}}
{"__type":"$$EventMessageAudit","id":"761c58df-2a27-4c2b-b60c-a94f008c8489","ts":"2026-10-07T20:51:57.322-04:00","eventName":"n8n.audit.workflow.executed","message":"n8n.audit.workflow.executed","payload":{"workflowId":"PaLPAf3VhFN11mWP","workflowName":"chimueloBot","executionId":"3707","projectId":"4cXhCbdLbVUJK3Dd","projectName":"Ramiro De Rogatis <ramirojavierderogatis@hotmail.com>","source":"webhook"}}
{"__type":"$$EventMessageConfirm","confirm":"761c58df-2a27-4c2b-b60c-a94f008c8489","ts":"2026-10-07T20:51:57.322-04:00","source":{"id":"0","name":"eventBus"}}
{"__type":"$$EventMessageWorkflow","id":"3dc05358-7a43-4850-8205-f4737ae5efb8","ts":"2026-10-07T20:51:57.322-04:00","eventName":"n8n.workflow.started","message":"n8n.workflow.started","payload":{"executionId":"3707","workflowId":"PaLPAf3VhFN11mWP","isManual":false,"mode":"webhook","workflowName":"chimueloBot","projectId":"4cXhCbdLbVUJK3Dd","projectName":"Ramiro De Rogatis <ramirojavierderogatis@hotmail.com>"}}
{"__type":"$$EventMessageConfirm","confirm":"3dc05358-7a43-4850-8205-f4737ae5efb8","ts":"2026-10-07T20:51:57.322-04:00","source":{"id":"0","name":"eventBus"}}
{"__type":"$$EventMessageNode","id":"cf50402f-2532-4a2c-8016-b14a5851c234","ts":"2026-10-07T20:51:57.323-04:00","eventName":"n8n.node.started","message":"n8n.node.started","payload":{"workflowId":"PaLPAf3VhFN11mWP","workflowName":"chimueloBot","executionId":"3707","nodeType":"n8n-nodes-base.webhook","nodeName":"Webhook","nodeId":"835eee2e-f5a8-41ae-8da8-c411adda2ef3"}}
{"__type":"$$EventMessageConfirm","confirm":"cf50402f-2532-4a2c-8016-b14a5851c234","ts":"2026-10-07T20:51:57.323-04:00","source":{"id":"0","name":"eventBus"}}
{"__type":"$$EventMessageNode","id":"f795e432-9d43-4b67-b8dc-0cd61ae5dd62","ts":"2026-10-07T20:51:57.323-04:00","eventName":"n8n.node.finished","message":"n8n.node.finished","payload":{"workflowId":"PaLPAf3VhFN11mWP","workflowName":"chimueloBot","executionId":"3707","nodeType":"n8n-nodes-base.webhook","nodeName":"Webhook","nodeId":"835eee2e-f5a8-41ae-8da8-c411adda2ef3"}}
{"__type":"$$EventMessageConfirm","confirm":"f795e432-9d43-4b67-b8dc-0cd61ae5dd62","ts":"2026-10-07T20:51:57.323-04:00","source":{"id":"0","name":"eventBus"}}
{"__type":"$$EventMessageNode","id":"ed91f17f-4a56-4b42-88b0-b5e44c78616a","ts":"2026-10-07T20:51:57.323-04:00","eventName":"n8n.node.started","message":"n8n.node.started","payload":{"workflowId":"PaLPAf3VhFN11mWP","workflowName":"chimueloBot","executionId":"3707","nodeType":"n8n-nodes-base.if","nodeName":"If3","nodeId":"95b56f56-a35e-4d78-8c42-25353df18ded"}}
{"__type":"$$EventMessageConfirm","confirm":"ed91f17f-4a56-4b42-88b0-b5e44c78616a","ts":"2026-10-07T20:51:57.323-04:00","source":{"id":"0","name":"eventBus"}}
{"__type":"$$EventMessageNode","id":"0ae08f45-0dfb-40d6-a7e6-bac9094cba83","ts":"2026-10-07T20:51:57.330-04:00","eventName":"n8n.node.finished","message":"n8n.node.finished","payload":{"workflowId":"PaLPAf3VhFN11mWP","workflowName":"chimueloBot","executionId":"3707","nodeType":"n8n-nodes-base.if","nodeName":"If3","nodeId":"95b56f56-a35e-4d78-8c42-25353df18ded"}}
{"__type":"$$EventMessageConfirm","confirm":"0ae08f45-0dfb-40d6-a7e6-bac9094cba83","ts":"2026-10-07T20:51:57.330-04:00","source":{"id":"0","name":"eventBus"}}
{"__type":"$$EventMessageNode","id":"d88cf150-b239-4b91-a6a0-4ed25ab2123f","ts":"2026-10-07T20:51:57.330-04:00","eventName":"n8n.node.started","message":"n8n.node.started","payload":{"workflowId":"PaLPAf3VhFN11mWP","workflowName":"chimueloBot","executionId":"3707","nodeType":"n8n-nodes-base.if","nodeName":"If","nodeId":"fce468f6-e692-43e8-a90c-29d403eaad22"}}
{"__type":"$$EventMessageConfirm","confirm":"d88cf150-b239-4b91-a6a0-4ed25ab2123f","ts":"2026-10-07T20:51:57.330-04:00","source":{"id":"0","name":"eventBus"}}
{"__type":"$$EventMessageNode","id":"40fbdef5-1ac9-42ca-962e-79a1a9366b98","ts":"2026-10-07T20:51:57.332-04:00","eventName":"n8n.node.finished","message":"n8n.node.finished","payload":{"workflowId":"PaLPAf3VhFN11mWP","workflowName":"chimueloBot","executionId":"3707","nodeType":"n8n-nodes-base.if","nodeName":"If","nodeId":"fce468f6-e692-43e8-a90c-29d403eaad22"}}
{"__type":"$$EventMessageConfirm","confirm":"40fbdef5-1ac9-42ca-962e-79a1a9366b98","ts":"2026-10-07T20:51:57.332-04:00","source":{"id":"0","name":"eventBus"}}
{"__type":"$$EventMessageNode","id":"2b521e2b-1725-4a0a-96d5-cf7c0c04ed94","ts":"2026-10-07T20:51:57.332-04:00","eventName":"n8n.node.started","message":"n8n.node.started","payload":{"workflowId":"PaLPAf3VhFN11mWP","workflowName":"chimueloBot","executionId":"3707","nodeType":"n8n-nodes-base.if","nodeName":"If1","nodeId":"e019ba3d-6fff-4262-8bed-dfee6e3133d7"}}
{"__type":"$$EventMessageConfirm","confirm":"2b521e2b-1725-4a0a-96d5-cf7c0c04ed94","ts":"2026-10-07T20:51:57.332-04:00","source":{"id":"0","name":"eventBus"}}
{"__type":"$$EventMessageNode","id":"4053f7a2-e5f1-4df0-b48e-7c9c310066d8","ts":"2026-10-07T20:51:57.334-04:00","eventName":"n8n.node.finished","message":"n8n.node.finished","payload":{"workflowId":"PaLPAf3VhFN11mWP","workflowName":"chimueloBot","executionId":"3707","nodeType":"n8n-nodes-base.if","nodeName":"If1","nodeId":"e019ba3d-6fff-4262-8bed-dfee6e3133d7"}}
{"__type":"$$EventMessageConfirm","confirm":"4053f7a2-e5f1-4df0-b48e-7c9c310066d8","ts":"2026-10-07T20:51:57.334-04:00","source":{"id":"0","name":"eventBus"}}
{"__type":"$$EventMessageNode","id":"e8545950-26d9-4bee-9e40-b205bce9e339","ts":"2026-10-07T20:51:57.334-04:00","eventName":"n8n.node.started","message":"n8n.node.started","payload":{"workflowId":"PaLPAf3VhFN11mWP","workflowName":"chimueloBot","executionId":"3707","nodeType":"n8n-nodes-base.if","nodeName":"If2","nodeId":"79a91f8d-afeb-4ddc-b6f8-3c9bb45fc216"}}
{"__type":"$$EventMessageConfirm","confirm":"e8545950-26d9-4bee-9e40-b205bce9e339","ts":"2026-10-07T20:51:57.334-04:00","source":{"id":"0","name":"eventBus"}}
{"__type":"$$EventMessageNode","id":"7a9fd08a-24d0-4664-815d-a602d9649e77","ts":"2026-10-07T20:51:57.337-04:00","eventName":"n8n.node.finished","message":"n8n.node.finished","payload":{"workflowId":"PaLPAf3VhFN11mWP","workflowName":"chimueloBot","executionId":"3707","nodeType":"n8n-nodes-base.if","nodeName":"If2","nodeId":"79a91f8d-afeb-4ddc-b6f8-3c9bb45fc216"}}
{"__type":"$$EventMessageConfirm","confirm":"7a9fd08a-24d0-4664-815d-a602d9649e77","ts":"2026-10-07T20:51:57.337-04:00","source":{"id":"0","name":"eventBus"}}
{"__type":"$$EventMessageWorkflow","id":"82677528-a692-4499-8371-de1e575b07eb","ts":"2026-10-07T20:51:57.338-04:00","eventName":"n8n.workflow.success","message":"n8n.workflow.success","payload":{"executionId":"3707","success":true,"isManual":false,"mode":"webhook","workflowId":"PaLPAf3VhFN11mWP","workflowName":"chimueloBot","projectId":"4cXhCbdLbVUJK3Dd","projectName":"Ramiro De Rogatis <ramirojavierderogatis@hotmail.com>"}}
{"__type":"$$EventMessageConfirm","confirm":"82677528-a692-4499-8371-de1e575b07eb","ts":"2026-10-07T20:51:57.338-04:00","source":{"id":"0","name":"eventBus"}}
{"__type":"$$EventMessageAudit","id":"f678391a-f163-4f7a-aa98-b7dfb1d66d5c","ts":"2026-10-07T20:51:58.445-04:00","eventName":"n8n.audit.workflow.executed","message":"n8n.audit.workflow.executed","payload":{"workflowId":"PaLPAf3VhFN11mWP","workflowName":"chimueloBot","executionId":"3708","projectId":"4cXhCbdLbVUJK3Dd","projectName":"Ramiro De Rogatis <ramirojavierderogatis@hotmail.com>","source":"webhook"}}
{"__type":"$$EventMessageConfirm","confirm":"f678391a-f163-4f7a-aa98-b7dfb1d66d5c","ts":"2026-10-07T20:51:58.445-04:00","source":{"id":"0","name":"eventBus"}}
{"__type":"$$EventMessageWorkflow","id":"ecadd19c-25e4-4bcb-a686-a83d394cc7c9","ts":"2026-10-07T20:51:58.446-04:00","eventName":"n8n.workflow.started","message":"n8n.workflow.started","payload":{"executionId":"3708","workflowId":"PaLPAf3VhFN11mWP","isManual":false,"mode":"webhook","workflowName":"chimueloBot","projectId":"4cXhCbdLbVUJK3Dd","projectName":"Ramiro De Rogatis <ramirojavierderogatis@hotmail.com>"}}
{"__type":"$$EventMessageConfirm","confirm":"ecadd19c-25e4-4bcb-a686-a83d394cc7c9","ts":"2026-10-07T20:51:58.446-04:00","source":{"id":"0","name":"eventBus"}}
{"__type":"$$EventMessageNode","id":"47b20706-fe15-4988-8ecf-e1f60e4842e6","ts":"2026-10-07T20:51:58.447-04:00","eventName":"n8n.node.started","message":"n8n.node.started","payload":{"workflowId":"PaLPAf3VhFN11mWP","workflowName":"chimueloBot","executionId":"3708","nodeType":"n8n-nodes-base.webhook","nodeName":"Webhook","nodeId":"835eee2e-f5a8-41ae-8da8-c411adda2ef3"}}
{"__type":"$$EventMessageConfirm","confirm":"47b20706-fe15-4988-8ecf-e1f60e4842e6","ts":"2026-10-07T20:51:58.447-04:00","source":{"id":"0","name":"eventBus"}}
{"__type":"$$EventMessageNode","id":"3bfa2e67-3649-45f5-a181-43a3ad0fc31e","ts":"2026-10-07T20:51:58.447-04:00","eventName":"n8n.node.finished","message":"n8n.node.finished","payload":{"workflowId":"PaLPAf3VhFN11mWP","workflowName":"chimueloBot","executionId":"3708","nodeType":"n8n-nodes-base.webhook","nodeName":"Webhook","nodeId":"835eee2e-f5a8-41ae-8da8-c411adda2ef3"}}
{"__type":"$$EventMessageConfirm","confirm":"3bfa2e67-3649-45f5-a181-43a3ad0fc31e","ts":"2026-10-07T20:51:58.447-04:00","source":{"id":"0","name":"eventBus"}}
{"__type":"$$EventMessageNode","id":"6063856c-02cb-46be-a99c-f3075e4e266a","ts":"2026-10-07T20:51:58.447-04:00","eventName":"n8n.node.started","message":"n8n.node.started","payload":{"workflowId":"PaLPAf3VhFN11mWP","workflowName":"chimueloBot","executionId":"3708","nodeType":"n8n-nodes-base.if","nodeName":"If3","nodeId":"95b56f56-a35e-4d78-8c42-25353df18ded"}}
{"__type":"$$EventMessageConfirm","confirm":"6063856c-02cb-46be-a99c-f3075e4e266a","ts":"2026-10-07T20:51:58.447-04:00","source":{"id":"0","name":"eventBus"}}
{"__type":"$$EventMessageNode","id":"979e0630-9a5c-4437-850a-e8c3fbb0e570","ts":"2026-10-07T20:51:58.454-04:00","eventName":"n8n.node.finished","message":"n8n.node.finished","payload":{"workflowId":"PaLPAf3VhFN11mWP","workflowName":"chimueloBot","executionId":"3708","nodeType":"n8n-nodes-base.if","nodeName":"If3","nodeId":"95b56f56-a35e-4d78-8c42-25353df18ded"}}
{"__type":"$$EventMessageConfirm","confirm":"979e0630-9a5c-4437-850a-e8c3fbb0e570","ts":"2026-10-07T20:51:58.455-04:00","source":{"id":"0","name":"eventBus"}}
{"__type":"$$EventMessageNode","id":"4ea53fa8-f9df-43e6-9055-4aa75befd603","ts":"2026-10-07T20:51:58.455-04:00","eventName":"n8n.node.started","message":"n8n.node.started","payload":{"workflowId":"PaLPAf3VhFN11mWP","workflowName":"chimueloBot","executionId":"3708","nodeType":"n8n-nodes-base.if","nodeName":"If","nodeId":"fce468f6-e692-43e8-a90c-29d403eaad22"}}
{"__type":"$$EventMessageConfirm","confirm":"4ea53fa8-f9df-43e6-9055-4aa75befd603","ts":"2026-10-07T20:51:58.455-04:00","source":{"id":"0","name":"eventBus"}}
{"__type":"$$EventMessageNode","id":"7773fae5-ba99-4944-8096-47d303f940f5","ts":"2026-10-07T20:51:58.457-04:00","eventName":"n8n.node.finished","message":"n8n.node.finished","payload":{"workflowId":"PaLPAf3VhFN11mWP","workflowName":"chimueloBot","executionId":"3708","nodeType":"n8n-nodes-base.if","nodeName":"If","nodeId":"fce468f6-e692-43e8-a90c-29d403eaad22"}}
{"__type":"$$EventMessageConfirm","confirm":"7773fae5-ba99-4944-8096-47d303f940f5","ts":"2026-10-07T20:51:58.457-04:00","source":{"id":"0","name":"eventBus"}}
{"__type":"$$EventMessageNode","id":"ae59f2fd-ca61-42f7-8263-ebea12739d10","ts":"2026-10-07T20:51:58.457-04:00","eventName":"n8n.node.started","message":"n8n.node.started","payload":{"workflowId":"PaLPAf3VhFN11mWP","workflowName":"chimueloBot","executionId":"3708","nodeType":"n8n-nodes-base.if","nodeName":"If1","nodeId":"e019ba3d-6fff-4262-8bed-dfee6e3133d7"}}
{"__type":"$$EventMessageConfirm","confirm":"ae59f2fd-ca61-42f7-8263-ebea12739d10","ts":"2026-10-07T20:51:58.457-04:00","source":{"id":"0","name":"eventBus"}}
{"__type":"$$EventMessageNode","id":"d9470e9b-c5ba-44f6-8f60-a2eccd66da6a","ts":"2026-10-07T20:51:58.460-04:00","eventName":"n8n.node.finished","message":"n8n.node.finished","payload":{"workflowId":"PaLPAf3VhFN11mWP","workflowName":"chimueloBot","executionId":"3708","nodeType":"n8n-nodes-base.if","nodeName":"If1","nodeId":"e019ba3d-6fff-4262-8bed-dfee6e3133d7"}}
{"__type":"$$EventMessageConfirm","confirm":"d9470e9b-c5ba-44f6-8f60-a2eccd66da6a","ts":"2026-10-07T20:51:58.460-04:00","source":{"id":"0","name":"eventBus"}}
{"__type":"$$EventMessageNode","id":"140c3960-77a0-4b66-9624-264420d95caf","ts":"2026-10-07T20:51:58.460-04:00","eventName":"n8n.node.started","message":"n8n.node.started","payload":{"workflowId":"PaLPAf3VhFN11mWP","workflowName":"chimueloBot","executionId":"3708","nodeType":"n8n-nodes-base.if","nodeName":"If2","nodeId":"79a91f8d-afeb-4ddc-b6f8-3c9bb45fc216"}}
{"__type":"$$EventMessageConfirm","confirm":"140c3960-77a0-4b66-9624-264420d95caf","ts":"2026-10-07T20:51:58.460-04:00","source":{"id":"0","name":"eventBus"}}
{"__type":"$$EventMessageNode","id":"f2f175e7-f1f4-4b2b-b313-33781c67abbc","ts":"2026-10-07T20:51:58.463-04:00","eventName":"n8n.node.finished","message":"n8n.node.finished","payload":{"workflowId":"PaLPAf3VhFN11mWP","workflowName":"chimueloBot","executionId":"3708","nodeType":"n8n-nodes-base.if","nodeName":"If2","nodeId":"79a91f8d-afeb-4ddc-b6f8-3c9bb45fc216"}}
{"__type":"$$EventMessageConfirm","confirm":"f2f175e7-f1f4-4b2b-b313-33781c67abbc","ts":"2026-10-07T20:51:58.463-04:00","source":{"id":"0","name":"eventBus"}}
{"__type":"$$EventMessageWorkflow","id":"fa85655e-3aa9-4e3b-aecf-4020bfea4e5b","ts":"2026-10-07T20:51:58.464-04:00","eventName":"n8n.workflow.success","message":"n8n.workflow.success","payload":{"executionId":"3708","success":true,"isManual":false,"mode":"webhook","workflowId":"PaLPAf3VhFN11mWP","workflowName":"chimueloBot","projectId":"4cXhCbdLbVUJK3Dd","projectName":"Ramiro De Rogatis <ramirojavierderogatis@hotmail.com>"}}
{"__type":"$$EventMessageConfirm","confirm":"fa85655e-3aa9-4e3b-aecf-4020bfea4e5b","ts":"2026-10-07T20:51:58.464-04:00","source":{"id":"0","name":"eventBus"}}
{"__type":"$$EventMessageAudit","id":"e1f119d2-97a6-479e-9b24-23df75b80831","ts":"2026-10-07T20:51:59.071-04:00","eventName":"n8n.audit.workflow.executed","message":"n8n.audit.workflow.executed","payload":{"workflowId":"PaLPAf3VhFN11mWP","workflowName":"chimueloBot","executionId":"3709","projectId":"4cXhCbdLbVUJK3Dd","projectName":"Ramiro De Rogatis <ramirojavierderogatis@hotmail.com>","source":"webhook"}}
{"__type":"$$EventMessageConfirm","confirm":"e1f119d2-97a6-479e-9b24-23df75b80831","ts":"2026-10-07T20:51:59.071-04:00","source":{"id":"0","name":"eventBus"}}
{"__type":"$$EventMessageWorkflow","id":"86e53732-4973-469a-ace0-5fa829b805ab","ts":"2026-10-07T20:51:59.071-04:00","eventName":"n8n.workflow.started","message":"n8n.workflow.started","payload":{"executionId":"3709","workflowId":"PaLPAf3VhFN11mWP","isManual":false,"mode":"webhook","workflowName":"chimueloBot","projectId":"4cXhCbdLbVUJK3Dd","projectName":"Ramiro De Rogatis <ramirojavierderogatis@hotmail.com>"}}
{"__type":"$$EventMessageConfirm","confirm":"86e53732-4973-469a-ace0-5fa829b805ab","ts":"2026-10-07T20:51:59.071-04:00","source":{"id":"0","name":"eventBus"}}
{"__type":"$$EventMessageNode","id":"07f7eeea-48b9-4e99-9e62-b9131f081335","ts":"2026-10-07T20:51:59.072-04:00","eventName":"n8n.node.started","message":"n8n.node.started","payload":{"workflowId":"PaLPAf3VhFN11mWP","workflowName":"chimueloBot","executionId":"3709","nodeType":"n8n-nodes-base.webhook","nodeName":"Webhook","nodeId":"835eee2e-f5a8-41ae-8da8-c411adda2ef3"}}
{"__type":"$$EventMessageConfirm","confirm":"07f7eeea-48b9-4e99-9e62-b9131f081335","ts":"2026-10-07T20:51:59.072-04:00","source":{"id":"0","name":"eventBus"}}
{"__type":"$$EventMessageNode","id":"433f79b5-1134-44c6-9613-bda3eed0bf03","ts":"2026-10-07T20:51:59.072-04:00","eventName":"n8n.node.finished","message":"n8n.node.finished","payload":{"workflowId":"PaLPAf3VhFN11mWP","workflowName":"chimueloBot","executionId":"3709","nodeType":"n8n-nodes-base.webhook","nodeName":"Webhook","nodeId":"835eee2e-f5a8-41ae-8da8-c411adda2ef3"}}
{"__type":"$$EventMessageConfirm","confirm":"433f79b5-1134-44c6-9613-bda3eed0bf03","ts":"2026-10-07T20:51:59.072-04:00","source":{"id":"0","name":"eventBus"}}
{"__type":"$$EventMessageNode","id":"c869e5b7-ad90-492e-b53b-60340257887c","ts":"2026-10-07T20:51:59.073-04:00","eventName":"n8n.node.started","message":"n8n.node.started","payload":{"workflowId":"PaLPAf3VhFN11mWP","workflowName":"chimueloBot","executionId":"3709","nodeType":"n8n-nodes-base.if","nodeName":"If3","nodeId":"95b56f56-a35e-4d78-8c42-25353df18ded"}}
{"__type":"$$EventMessageConfirm","confirm":"c869e5b7-ad90-492e-b53b-60340257887c","ts":"2026-10-07T20:51:59.073-04:00","source":{"id":"0","name":"eventBus"}}
{"__type":"$$EventMessageNode","id":"29fc363e-b767-4a7c-94d6-f2c0b8d625f3","ts":"2026-10-07T20:51:59.079-04:00","eventName":"n8n.node.finished","message":"n8n.node.finished","payload":{"workflowId":"PaLPAf3VhFN11mWP","workflowName":"chimueloBot","executionId":"3709","nodeType":"n8n-nodes-base.if","nodeName":"If3","nodeId":"95b56f56-a35e-4d78-8c42-25353df18ded"}}
{"__type":"$$EventMessageConfirm","confirm":"29fc363e-b767-4a7c-94d6-f2c0b8d625f3","ts":"2026-10-07T20:51:59.079-04:00","source":{"id":"0","name":"eventBus"}}
{"__type":"$$EventMessageNode","id":"5b535ce6-dfe6-4ebe-a88e-80bb6f0182b6","ts":"2026-10-07T20:51:59.079-04:00","eventName":"n8n.node.started","message":"n8n.node.started","payload":{"workflowId":"PaLPAf3VhFN11mWP","workflowName":"chimueloBot","executionId":"3709","nodeType":"n8n-nodes-base.if","nodeName":"If","nodeId":"fce468f6-e692-43e8-a90c-29d403eaad22"}}
{"__type":"$$EventMessageConfirm","confirm":"5b535ce6-dfe6-4ebe-a88e-80bb6f0182b6","ts":"2026-10-07T20:51:59.079-04:00","source":{"id":"0","name":"eventBus"}}
{"__type":"$$EventMessageNode","id":"86ee59f2-b0d1-4119-9e56-6e3765cad31b","ts":"2026-10-07T20:51:59.082-04:00","eventName":"n8n.node.finished","message":"n8n.node.finished","payload":{"workflowId":"PaLPAf3VhFN11mWP","workflowName":"chimueloBot","executionId":"3709","nodeType":"n8n-nodes-base.if","nodeName":"If","nodeId":"fce468f6-e692-43e8-a90c-29d403eaad22"}}
{"__type":"$$EventMessageConfirm","confirm":"86ee59f2-b0d1-4119-9e56-6e3765cad31b","ts":"2026-10-07T20:51:59.082-04:00","source":{"id":"0","name":"eventBus"}}
{"__type":"$$EventMessageNode","id":"546d3e27-349f-4491-9fd4-41abea3b38e3","ts":"2026-10-07T20:51:59.082-04:00","eventName":"n8n.node.started","message":"n8n.node.started","payload":{"workflowId":"PaLPAf3VhFN11mWP","workflowName":"chimueloBot","executionId":"3709","nodeType":"n8n-nodes-base.if","nodeName":"If1","nodeId":"e019ba3d-6fff-4262-8bed-dfee6e3133d7"}}
{"__type":"$$EventMessageConfirm","confirm":"546d3e27-349f-4491-9fd4-41abea3b38e3","ts":"2026-10-07T20:51:59.082-04:00","source":{"id":"0","name":"eventBus"}}
{"__type":"$$EventMessageNode","id":"96dfa8f2-348e-438d-958c-a2257e9c90fd","ts":"2026-10-07T20:51:59.084-04:00","eventName":"n8n.node.finished","message":"n8n.node.finished","payload":{"workflowId":"PaLPAf3VhFN11mWP","workflowName":"chimueloBot","executionId":"3709","nodeType":"n8n-nodes-base.if","nodeName":"If1","nodeId":"e019ba3d-6fff-4262-8bed-dfee6e3133d7"}}
{"__type":"$$EventMessageConfirm","confirm":"96dfa8f2-348e-438d-958c-a2257e9c90fd","ts":"2026-10-07T20:51:59.084-04:00","source":{"id":"0","name":"eventBus"}}
{"__type":"$$EventMessageNode","id":"56703e75-43ea-4412-a716-f5f9169343b0","ts":"2026-10-07T20:51:59.085-04:00","eventName":"n8n.node.started","message":"n8n.node.started","payload":{"workflowId":"PaLPAf3VhFN11mWP","workflowName":"chimueloBot","executionId":"3709","nodeType":"n8n-nodes-base.if","nodeName":"If2","nodeId":"79a91f8d-afeb-4ddc-b6f8-3c9bb45fc216"}}
{"__type":"$$EventMessageConfirm","confirm":"56703e75-43ea-4412-a716-f5f9169343b0","ts":"2026-10-07T20:51:59.085-04:00","source":{"id":"0","name":"eventBus"}}
{"__type":"$$EventMessageNode","id":"decd5722-8e27-44d7-8152-3f8f5f4fb344","ts":"2026-10-07T20:51:59.089-04:00","eventName":"n8n.node.finished","message":"n8n.node.finished","payload":{"workflowId":"PaLPAf3VhFN11mWP","workflowName":"chimueloBot","executionId":"3709","nodeType":"n8n-nodes-base.if","nodeName":"If2","nodeId":"79a91f8d-afeb-4ddc-b6f8-3c9bb45fc216"}}
{"__type":"$$EventMessageConfirm","confirm":"decd5722-8e27-44d7-8152-3f8f5f4fb344","ts":"2026-10-07T20:51:59.089-04:00","source":{"id":"0","name":"eventBus"}}
{"__type":"$$EventMessageWorkflow","id":"e2e049cc-b3dd-4f04-9619-aca5ebf9206b","ts":"2026-10-07T20:51:59.090-04:00","eventName":"n8n.workflow.success","message":"n8n.workflow.success","payload":{"executionId":"3709","success":true,"isManual":false,"mode":"webhook","workflowId":"PaLPAf3VhFN11mWP","workflowName":"chimueloBot","projectId":"4cXhCbdLbVUJK3Dd","projectName":"Ramiro De Rogatis <ramirojavierderogatis@hotmail.com>"}}
{"__type":"$$EventMessageConfirm","confirm":"e2e049cc-b3dd-4f04-9619-aca5ebf9206b","ts":"2026-10-07T20:51:59.090-04:00","source":{"id":"0","name":"eventBus"}}
{"__type":"$$EventMessageAudit","id":"d560a12b-8500-4a51-ab46-0c2d347a7369","ts":"2026-10-07T20:51:59.782-04:00","eventName":"n8n.audit.workflow.executed","message":"n8n.audit.workflow.executed","payload":{"workflowId":"PaLPAf3VhFN11mWP","workflowName":"chimueloBot","executionId":"3710","projectId":"4cXhCbdLbVUJK3Dd","projectName":"Ramiro De Rogatis <ramirojavierderogatis@hotmail.com>","source":"webhook"}}
{"__type":"$$EventMessageConfirm","confirm":"d560a12b-8500-4a51-ab46-0c2d347a7369","ts":"2026-10-07T20:51:59.782-04:00","source":{"id":"0","name":"eventBus"}}
{"__type":"$$EventMessageWorkflow","id":"72fecfa2-cb80-4027-b205-387c0003b926","ts":"2026-10-07T20:51:59.782-04:00","eventName":"n8n.workflow.started","message":"n8n.workflow.started","payload":{"executionId":"3710","workflowId":"PaLPAf3VhFN11mWP","isManual":false,"mode":"webhook","workflowName":"chimueloBot","projectId":"4cXhCbdLbVUJK3Dd","projectName":"Ramiro De Rogatis <ramirojavierderogatis@hotmail.com>"}}
{"__type":"$$EventMessageConfirm","confirm":"72fecfa2-cb80-4027-b205-387c0003b926","ts":"2026-10-07T20:51:59.782-04:00","source":{"id":"0","name":"eventBus"}}
{"__type":"$$EventMessageNode","id":"193b600e-420a-4b77-bac2-af2c4c6eebf2","ts":"2026-10-07T20:51:59.783-04:00","eventName":"n8n.node.started","message":"n8n.node.started","payload":{"workflowId":"PaLPAf3VhFN11mWP","workflowName":"chimueloBot","executionId":"3710","nodeType":"n8n-nodes-base.webhook","nodeName":"Webhook","nodeId":"835eee2e-f5a8-41ae-8da8-c411adda2ef3"}}
{"__type":"$$EventMessageConfirm","confirm":"193b600e-420a-4b77-bac2-af2c4c6eebf2","ts":"2026-10-07T20:51:59.783-04:00","source":{"id":"0","name":"eventBus"}}
{"__type":"$$EventMessageNode","id":"b2ec8e70-1996-4d5f-a527-b8b56f8dd807","ts":"2026-10-07T20:51:59.783-04:00","eventName":"n8n.node.finished","message":"n8n.node.finished","payload":{"workflowId":"PaLPAf3VhFN11mWP","workflowName":"chimueloBot","executionId":"3710","nodeType":"n8n-nodes-base.webhook","nodeName":"Webhook","nodeId":"835eee2e-f5a8-41ae-8da8-c411adda2ef3"}}
{"__type":"$$EventMessageConfirm","confirm":"b2ec8e70-1996-4d5f-a527-b8b56f8dd807","ts":"2026-10-07T20:51:59.783-04:00","source":{"id":"0","name":"eventBus"}}
{"__type":"$$EventMessageNode","id":"83876d67-2263-43fe-beaa-8ac7429c27e0","ts":"2026-10-07T20:51:59.783-04:00","eventName":"n8n.node.started","message":"n8n.node.started","payload":{"workflowId":"PaLPAf3VhFN11mWP","workflowName":"chimueloBot","executionId":"3710","nodeType":"n8n-nodes-base.if","nodeName":"If3","nodeId":"95b56f56-a35e-4d78-8c42-25353df18ded"}}
{"__type":"$$EventMessageConfirm","confirm":"83876d67-2263-43fe-beaa-8ac7429c27e0","ts":"2026-10-07T20:51:59.783-04:00","source":{"id":"0","name":"eventBus"}}
{"__type":"$$EventMessageNode","id":"fb165ab6-d7bc-4479-ac1d-d0e83266bf57","ts":"2026-10-07T20:51:59.789-04:00","eventName":"n8n.node.finished","message":"n8n.node.finished","payload":{"workflowId":"PaLPAf3VhFN11mWP","workflowName":"chimueloBot","executionId":"3710","nodeType":"n8n-nodes-base.if","nodeName":"If3","nodeId":"95b56f56-a35e-4d78-8c42-25353df18ded"}}
{"__type":"$$EventMessageConfirm","confirm":"fb165ab6-d7bc-4479-ac1d-d0e83266bf57","ts":"2026-10-07T20:51:59.789-04:00","source":{"id":"0","name":"eventBus"}}
{"__type":"$$EventMessageNode","id":"dd8a0df1-c9dd-48b1-973c-094b6e96a9cf","ts":"2026-10-07T20:51:59.789-04:00","eventName":"n8n.node.started","message":"n8n.node.started","payload":{"workflowId":"PaLPAf3VhFN11mWP","workflowName":"chimueloBot","executionId":"3710","nodeType":"n8n-nodes-base.if","nodeName":"If","nodeId":"fce468f6-e692-43e8-a90c-29d403eaad22"}}
{"__type":"$$EventMessageConfirm","confirm":"dd8a0df1-c9dd-48b1-973c-094b6e96a9cf","ts":"2026-10-07T20:51:59.789-04:00","source":{"id":"0","name":"eventBus"}}
{"__type":"$$EventMessageNode","id":"2aa01ae6-b112-4a33-81f1-80e55cb8b5a9","ts":"2026-10-07T20:51:59.791-04:00","eventName":"n8n.node.finished","message":"n8n.node.finished","payload":{"workflowId":"PaLPAf3VhFN11mWP","workflowName":"chimueloBot","executionId":"3710","nodeType":"n8n-nodes-base.if","nodeName":"If","nodeId":"fce468f6-e692-43e8-a90c-29d403eaad22"}}
{"__type":"$$EventMessageConfirm","confirm":"2aa01ae6-b112-4a33-81f1-80e55cb8b5a9","ts":"2026-10-07T20:51:59.791-04:00","source":{"id":"0","name":"eventBus"}}
{"__type":"$$EventMessageNode","id":"31397c5d-890e-4f7c-869a-527a42997327","ts":"2026-10-07T20:51:59.791-04:00","eventName":"n8n.node.started","message":"n8n.node.started","payload":{"workflowId":"PaLPAf3VhFN11mWP","workflowName":"chimueloBot","executionId":"3710","nodeType":"n8n-nodes-base.if","nodeName":"If1","nodeId":"e019ba3d-6fff-4262-8bed-dfee6e3133d7"}}
{"__type":"$$EventMessageConfirm","confirm":"31397c5d-890e-4f7c-869a-527a42997327","ts":"2026-10-07T20:51:59.791-04:00","source":{"id":"0","name":"eventBus"}}
{"__type":"$$EventMessageNode","id":"f1040886-c251-49d5-910b-f009bbc4d14d","ts":"2026-10-07T20:51:59.793-04:00","eventName":"n8n.node.finished","message":"n8n.node.finished","payload":{"workflowId":"PaLPAf3VhFN11mWP","workflowName":"chimueloBot","executionId":"3710","nodeType":"n8n-nodes-base.if","nodeName":"If1","nodeId":"e019ba3d-6fff-4262-8bed-dfee6e3133d7"}}
{"__type":"$$EventMessageConfirm","confirm":"f1040886-c251-49d5-910b-f009bbc4d14d","ts":"2026-10-07T20:51:59.793-04:00","source":{"id":"0","name":"eventBus"}}
{"__type":"$$EventMessageNode","id":"bf580b92-5c89-41c9-a681-79643091e8e3","ts":"2026-10-07T20:51:59.793-04:00","eventName":"n8n.node.started","message":"n8n.node.started","payload":{"workflowId":"PaLPAf3VhFN11mWP","workflowName":"chimueloBot","executionId":"3710","nodeType":"n8n-nodes-base.if","nodeName":"If2","nodeId":"79a91f8d-afeb-4ddc-b6f8-3c9bb45fc216"}}
{"__type":"$$EventMessageConfirm","confirm":"bf580b92-5c89-41c9-a681-79643091e8e3","ts":"2026-10-07T20:51:59.793-04:00","source":{"id":"0","name":"eventBus"}}
{"__type":"$$EventMessageNode","id":"c81b04ec-6d4b-479d-8a8a-650913982bb6","ts":"2026-10-07T20:51:59.797-04:00","eventName":"n8n.node.finished","message":"n8n.node.finished","payload":{"workflowId":"PaLPAf3VhFN11mWP","workflowName":"chimueloBot","executionId":"3710","nodeType":"n8n-nodes-base.if","nodeName":"If2","nodeId":"79a91f8d-afeb-4ddc-b6f8-3c9bb45fc216"}}
{"__type":"$$EventMessageConfirm","confirm":"c81b04ec-6d4b-479d-8a8a-650913982bb6","ts":"2026-10-07T20:51:59.797-04:00","source":{"id":"0","name":"eventBus"}}
{"__type":"$$EventMessageWorkflow","id":"843efa58-af79-4bd8-b9d5-e1763a5bf8f6","ts":"2026-10-07T20:51:59.797-04:00","eventName":"n8n.workflow.success","message":"n8n.workflow.success","payload":{"executionId":"3710","success":true,"isManual":false,"mode":"webhook","workflowId":"PaLPAf3VhFN11mWP","workflowName":"chimueloBot","projectId":"4cXhCbdLbVUJK3Dd","projectName":"Ramiro De Rogatis <ramirojavierderogatis@hotmail.com>"}}
{"__type":"$$EventMessageConfirm","confirm":"843efa58-af79-4bd8-b9d5-e1763a5bf8f6","ts":"2026-10-07T20:51:59.797-04:00","source":{"id":"0","name":"eventBus"}}
{"__type":"$$EventMessageAudit","id":"c466e672-481a-4468-8fd3-643bbcc0cfb0","ts":"2026-10-07T20:52:00.521-04:00","eventName":"n8n.audit.workflow.executed","message":"n8n.audit.workflow.executed","payload":{"workflowId":"PaLPAf3VhFN11mWP","workflowName":"chimueloBot","executionId":"3711","projectId":"4cXhCbdLbVUJK3Dd","projectName":"Ramiro De Rogatis <ramirojavierderogatis@hotmail.com>","source":"webhook"}}
{"__type":"$$EventMessageConfirm","confirm":"c466e672-481a-4468-8fd3-643bbcc0cfb0","ts":"2026-10-07T20:52:00.521-04:00","source":{"id":"0","name":"eventBus"}}
{"__type":"$$EventMessageWorkflow","id":"2e158ad6-6e5b-45e3-9db7-296b0380d9a6","ts":"2026-10-07T20:52:00.521-04:00","eventName":"n8n.workflow.started","message":"n8n.workflow.started","payload":{"executionId":"3711","workflowId":"PaLPAf3VhFN11mWP","isManual":false,"mode":"webhook","workflowName":"chimueloBot","projectId":"4cXhCbdLbVUJK3Dd","projectName":"Ramiro De Rogatis <ramirojavierderogatis@hotmail.com>"}}
{"__type":"$$EventMessageConfirm","confirm":"2e158ad6-6e5b-45e3-9db7-296b0380d9a6","ts":"2026-10-07T20:52:00.521-04:00","source":{"id":"0","name":"eventBus"}}
{"__type":"$$EventMessageNode","id":"3e0ce30a-1471-443e-89c8-577ed87928fd","ts":"2026-10-07T20:52:00.522-04:00","eventName":"n8n.node.started","message":"n8n.node.started","payload":{"workflowId":"PaLPAf3VhFN11mWP","workflowName":"chimueloBot","executionId":"3711","nodeType":"n8n-nodes-base.webhook","nodeName":"Webhook","nodeId":"835eee2e-f5a8-41ae-8da8-c411adda2ef3"}}
{"__type":"$$EventMessageConfirm","confirm":"3e0ce30a-1471-443e-89c8-577ed87928fd","ts":"2026-10-07T20:52:00.522-04:00","source":{"id":"0","name":"eventBus"}}
{"__type":"$$EventMessageNode","id":"c3cab5e3-7198-43f9-ad05-9a0f50956e63","ts":"2026-10-07T20:52:00.522-04:00","eventName":"n8n.node.finished","message":"n8n.node.finished","payload":{"workflowId":"PaLPAf3VhFN11mWP","workflowName":"chimueloBot","executionId":"3711","nodeType":"n8n-nodes-base.webhook","nodeName":"Webhook","nodeId":"835eee2e-f5a8-41ae-8da8-c411adda2ef3"}}
{"__type":"$$EventMessageConfirm","confirm":"c3cab5e3-7198-43f9-ad05-9a0f50956e63","ts":"2026-10-07T20:52:00.522-04:00","source":{"id":"0","name":"eventBus"}}
{"__type":"$$EventMessageNode","id":"710b5bf1-04f7-4c27-9e38-8394f898cf85","ts":"2026-10-07T20:52:00.522-04:00","eventName":"n8n.node.started","message":"n8n.node.started","payload":{"workflowId":"PaLPAf3VhFN11mWP","workflowName":"chimueloBot","executionId":"3711","nodeType":"n8n-nodes-base.if","nodeName":"If3","nodeId":"95b56f56-a35e-4d78-8c42-25353df18ded"}}
{"__type":"$$EventMessageConfirm","confirm":"710b5bf1-04f7-4c27-9e38-8394f898cf85","ts":"2026-10-07T20:52:00.522-04:00","source":{"id":"0","name":"eventBus"}}
{"__type":"$$EventMessageNode","id":"f2a2f85e-1855-4dc0-b26f-b226a9eb6f1a","ts":"2026-10-07T20:52:00.530-04:00","eventName":"n8n.node.finished","message":"n8n.node.finished","payload":{"workflowId":"PaLPAf3VhFN11mWP","workflowName":"chimueloBot","executionId":"3711","nodeType":"n8n-nodes-base.if","nodeName":"If3","nodeId":"95b56f56-a35e-4d78-8c42-25353df18ded"}}
{"__type":"$$EventMessageConfirm","confirm":"f2a2f85e-1855-4dc0-b26f-b226a9eb6f1a","ts":"2026-10-07T20:52:00.530-04:00","source":{"id":"0","name":"eventBus"}}
{"__type":"$$EventMessageNode","id":"054c4634-324d-4f2a-bfb0-8a820e91df79","ts":"2026-10-07T20:52:00.530-04:00","eventName":"n8n.node.started","message":"n8n.node.started","payload":{"workflowId":"PaLPAf3VhFN11mWP","workflowName":"chimueloBot","executionId":"3711","nodeType":"n8n-nodes-base.if","nodeName":"If","nodeId":"fce468f6-e692-43e8-a90c-29d403eaad22"}}
{"__type":"$$EventMessageConfirm","confirm":"054c4634-324d-4f2a-bfb0-8a820e91df79","ts":"2026-10-07T20:52:00.530-04:00","source":{"id":"0","name":"eventBus"}}
{"__type":"$$EventMessageNode","id":"7132b853-0c37-40ed-b3f6-8a9483c51c11","ts":"2026-10-07T20:52:00.532-04:00","eventName":"n8n.node.finished","message":"n8n.node.finished","payload":{"workflowId":"PaLPAf3VhFN11mWP","workflowName":"chimueloBot","executionId":"3711","nodeType":"n8n-nodes-base.if","nodeName":"If","nodeId":"fce468f6-e692-43e8-a90c-29d403eaad22"}}
{"__type":"$$EventMessageConfirm","confirm":"7132b853-0c37-40ed-b3f6-8a9483c51c11","ts":"2026-10-07T20:52:00.532-04:00","source":{"id":"0","name":"eventBus"}}
{"__type":"$$EventMessageNode","id":"f9cccf08-494b-46f7-9fb4-b36813fdcafc","ts":"2026-10-07T20:52:00.532-04:00","eventName":"n8n.node.started","message":"n8n.node.started","payload":{"workflowId":"PaLPAf3VhFN11mWP","workflowName":"chimueloBot","executionId":"3711","nodeType":"n8n-nodes-base.if","nodeName":"If1","nodeId":"e019ba3d-6fff-4262-8bed-dfee6e3133d7"}}
{"__type":"$$EventMessageConfirm","confirm":"f9cccf08-494b-46f7-9fb4-b36813fdcafc","ts":"2026-10-07T20:52:00.532-04:00","source":{"id":"0","name":"eventBus"}}
{"__type":"$$EventMessageNode","id":"2d55b68a-ce1f-4581-a817-8fca0ab859e2","ts":"2026-10-07T20:52:00.534-04:00","eventName":"n8n.node.finished","message":"n8n.node.finished","payload":{"workflowId":"PaLPAf3VhFN11mWP","workflowName":"chimueloBot","executionId":"3711","nodeType":"n8n-nodes-base.if","nodeName":"If1","nodeId":"e019ba3d-6fff-4262-8bed-dfee6e3133d7"}}
{"__type":"$$EventMessageConfirm","confirm":"2d55b68a-ce1f-4581-a817-8fca0ab859e2","ts":"2026-10-07T20:52:00.534-04:00","source":{"id":"0","name":"eventBus"}}
{"__type":"$$EventMessageNode","id":"b70b77c7-baa3-4699-ad50-f78a37685068","ts":"2026-10-07T20:52:00.534-04:00","eventName":"n8n.node.started","message":"n8n.node.started","payload":{"workflowId":"PaLPAf3VhFN11mWP","workflowName":"chimueloBot","executionId":"3711","nodeType":"n8n-nodes-base.if","nodeName":"If2","nodeId":"79a91f8d-afeb-4ddc-b6f8-3c9bb45fc216"}}
{"__type":"$$EventMessageConfirm","confirm":"b70b77c7-baa3-4699-ad50-f78a37685068","ts":"2026-10-07T20:52:00.534-04:00","source":{"id":"0","name":"eventBus"}}
{"__type":"$$EventMessageNode","id":"0c1c88c8-208b-4f4d-a440-0f79090ff11e","ts":"2026-10-07T20:52:00.538-04:00","eventName":"n8n.node.finished","message":"n8n.node.finished","payload":{"workflowId":"PaLPAf3VhFN11mWP","workflowName":"chimueloBot","executionId":"3711","nodeType":"n8n-nodes-base.if","nodeName":"If2","nodeId":"79a91f8d-afeb-4ddc-b6f8-3c9bb45fc216"}}
{"__type":"$$EventMessageConfirm","confirm":"0c1c88c8-208b-4f4d-a440-0f79090ff11e","ts":"2026-10-07T20:52:00.538-04:00","source":{"id":"0","name":"eventBus"}}
{"__type":"$$EventMessageWorkflow","id":"6dd39910-6477-47b0-8247-aa69201ae3c8","ts":"2026-10-07T20:52:00.538-04:00","eventName":"n8n.workflow.success","message":"n8n.workflow.success","payload":{"executionId":"3711","success":true,"isManual":false,"mode":"webhook","workflowId":"PaLPAf3VhFN11mWP","workflowName":"chimueloBot","projectId":"4cXhCbdLbVUJK3Dd","projectName":"Ramiro De Rogatis <ramirojavierderogatis@hotmail.com>"}}
{"__type":"$$EventMessageConfirm","confirm":"6dd39910-6477-47b0-8247-aa69201ae3c8","ts":"2026-10-07T20:52:00.538-04:00","source":{"id":"0","name":"eventBus"}}
{"__type":"$$EventMessageAudit","id":"1fb1c787-424d-458a-9dc7-b76a9e7a17ee","ts":"2026-10-07T20:52:01.131-04:00","eventName":"n8n.audit.workflow.executed","message":"n8n.audit.workflow.executed","payload":{"workflowId":"PaLPAf3VhFN11mWP","workflowName":"chimueloBot","executionId":"3712","projectId":"4cXhCbdLbVUJK3Dd","projectName":"Ramiro De Rogatis <ramirojavierderogatis@hotmail.com>","source":"webhook"}}
{"__type":"$$EventMessageConfirm","confirm":"1fb1c787-424d-458a-9dc7-b76a9e7a17ee","ts":"2026-10-07T20:52:01.131-04:00","source":{"id":"0","name":"eventBus"}}
{"__type":"$$EventMessageWorkflow","id":"5bba9646-dfde-4f0a-b1e2-3c7be75682eb","ts":"2026-10-07T20:52:01.131-04:00","eventName":"n8n.workflow.started","message":"n8n.workflow.started","payload":{"executionId":"3712","workflowId":"PaLPAf3VhFN11mWP","isManual":false,"mode":"webhook","workflowName":"chimueloBot","projectId":"4cXhCbdLbVUJK3Dd","projectName":"Ramiro De Rogatis <ramirojavierderogatis@hotmail.com>"}}
{"__type":"$$EventMessageConfirm","confirm":"5bba9646-dfde-4f0a-b1e2-3c7be75682eb","ts":"2026-10-07T20:52:01.131-04:00","source":{"id":"0","name":"eventBus"}}
{"__type":"$$EventMessageNode","id":"e59799f4-17c4-4f3b-b097-389ab38130ad","ts":"2026-10-07T20:52:01.132-04:00","eventName":"n8n.node.started","message":"n8n.node.started","payload":{"workflowId":"PaLPAf3VhFN11mWP","workflowName":"chimueloBot","executionId":"3712","nodeType":"n8n-nodes-base.webhook","nodeName":"Webhook","nodeId":"835eee2e-f5a8-41ae-8da8-c411adda2ef3"}}
{"__type":"$$EventMessageConfirm","confirm":"e59799f4-17c4-4f3b-b097-389ab38130ad","ts":"2026-10-07T20:52:01.132-04:00","source":{"id":"0","name":"eventBus"}}
{"__type":"$$EventMessageNode","id":"aaf2c437-2e43-4bac-b990-e753b6dea1b7","ts":"2026-10-07T20:52:01.133-04:00","eventName":"n8n.node.finished","message":"n8n.node.finished","payload":{"workflowId":"PaLPAf3VhFN11mWP","workflowName":"chimueloBot","executionId":"3712","nodeType":"n8n-nodes-base.webhook","nodeName":"Webhook","nodeId":"835eee2e-f5a8-41ae-8da8-c411adda2ef3"}}
{"__type":"$$EventMessageConfirm","confirm":"aaf2c437-2e43-4bac-b990-e753b6dea1b7","ts":"2026-10-07T20:52:01.133-04:00","source":{"id":"0","name":"eventBus"}}
{"__type":"$$EventMessageNode","id":"247ad82f-ff3a-4822-8e21-cb7dd80fa2cc","ts":"2026-10-07T20:52:01.133-04:00","eventName":"n8n.node.started","message":"n8n.node.started","payload":{"workflowId":"PaLPAf3VhFN11mWP","workflowName":"chimueloBot","executionId":"3712","nodeType":"n8n-nodes-base.if","nodeName":"If3","nodeId":"95b56f56-a35e-4d78-8c42-25353df18ded"}}
{"__type":"$$EventMessageConfirm","confirm":"247ad82f-ff3a-4822-8e21-cb7dd80fa2cc","ts":"2026-10-07T20:52:01.133-04:00","source":{"id":"0","name":"eventBus"}}
{"__type":"$$EventMessageNode","id":"7dd15be6-ed76-451f-9274-308ce855098b","ts":"2026-10-07T20:52:01.140-04:00","eventName":"n8n.node.finished","message":"n8n.node.finished","payload":{"workflowId":"PaLPAf3VhFN11mWP","workflowName":"chimueloBot","executionId":"3712","nodeType":"n8n-nodes-base.if","nodeName":"If3","nodeId":"95b56f56-a35e-4d78-8c42-25353df18ded"}}
{"__type":"$$EventMessageConfirm","confirm":"7dd15be6-ed76-451f-9274-308ce855098b","ts":"2026-10-07T20:52:01.140-04:00","source":{"id":"0","name":"eventBus"}}
{"__type":"$$EventMessageNode","id":"78c35640-178f-4a2e-aa00-eb888973ef56","ts":"2026-10-07T20:52:01.140-04:00","eventName":"n8n.node.started","message":"n8n.node.started","payload":{"workflowId":"PaLPAf3VhFN11mWP","workflowName":"chimueloBot","executionId":"3712","nodeType":"n8n-nodes-base.if","nodeName":"If","nodeId":"fce468f6-e692-43e8-a90c-29d403eaad22"}}
{"__type":"$$EventMessageConfirm","confirm":"78c35640-178f-4a2e-aa00-eb888973ef56","ts":"2026-10-07T20:52:01.140-04:00","source":{"id":"0","name":"eventBus"}}
{"__type":"$$EventMessageNode","id":"be432a8e-1a78-4a61-a766-dbde83258048","ts":"2026-10-07T20:52:01.142-04:00","eventName":"n8n.node.finished","message":"n8n.node.finished","payload":{"workflowId":"PaLPAf3VhFN11mWP","workflowName":"chimueloBot","executionId":"3712","nodeType":"n8n-nodes-base.if","nodeName":"If","nodeId":"fce468f6-e692-43e8-a90c-29d403eaad22"}}
{"__type":"$$EventMessageConfirm","confirm":"be432a8e-1a78-4a61-a766-dbde83258048","ts":"2026-10-07T20:52:01.142-04:00","source":{"id":"0","name":"eventBus"}}
{"__type":"$$EventMessageNode","id":"e0c55329-b7a5-4e20-b427-0e71ae7be7dc","ts":"2026-10-07T20:52:01.143-04:00","eventName":"n8n.node.started","message":"n8n.node.started","payload":{"workflowId":"PaLPAf3VhFN11mWP","workflowName":"chimueloBot","executionId":"3712","nodeType":"n8n-nodes-base.if","nodeName":"If1","nodeId":"e019ba3d-6fff-4262-8bed-dfee6e3133d7"}}
{"__type":"$$EventMessageConfirm","confirm":"e0c55329-b7a5-4e20-b427-0e71ae7be7dc","ts":"2026-10-07T20:52:01.143-04:00","source":{"id":"0","name":"eventBus"}}
{"__type":"$$EventMessageNode","id":"9bc8c2b6-04ee-4426-b5f8-61d5a0a5ae2a","ts":"2026-10-07T20:52:01.145-04:00","eventName":"n8n.node.finished","message":"n8n.node.finished","payload":{"workflowId":"PaLPAf3VhFN11mWP","workflowName":"chimueloBot","executionId":"3712","nodeType":"n8n-nodes-base.if","nodeName":"If1","nodeId":"e019ba3d-6fff-4262-8bed-dfee6e3133d7"}}
{"__type":"$$EventMessageConfirm","confirm":"9bc8c2b6-04ee-4426-b5f8-61d5a0a5ae2a","ts":"2026-10-07T20:52:01.145-04:00","source":{"id":"0","name":"eventBus"}}
{"__type":"$$EventMessageNode","id":"f2cd0657-cf39-409b-80ef-deae11e1cf43","ts":"2026-10-07T20:52:01.145-04:00","eventName":"n8n.node.started","message":"n8n.node.started","payload":{"workflowId":"PaLPAf3VhFN11mWP","workflowName":"chimueloBot","executionId":"3712","nodeType":"n8n-nodes-base.if","nodeName":"If2","nodeId":"79a91f8d-afeb-4ddc-b6f8-3c9bb45fc216"}}
{"__type":"$$EventMessageConfirm","confirm":"f2cd0657-cf39-409b-80ef-deae11e1cf43","ts":"2026-10-07T20:52:01.145-04:00","source":{"id":"0","name":"eventBus"}}
{"__type":"$$EventMessageNode","id":"b8ccf9f8-de4f-4ae9-9a86-8dbd7a3143b6","ts":"2026-10-07T20:52:01.149-04:00","eventName":"n8n.node.finished","message":"n8n.node.finished","payload":{"workflowId":"PaLPAf3VhFN11mWP","workflowName":"chimueloBot","executionId":"3712","nodeType":"n8n-nodes-base.if","nodeName":"If2","nodeId":"79a91f8d-afeb-4ddc-b6f8-3c9bb45fc216"}}
{"__type":"$$EventMessageConfirm","confirm":"b8ccf9f8-de4f-4ae9-9a86-8dbd7a3143b6","ts":"2026-10-07T20:52:01.149-04:00","source":{"id":"0","name":"eventBus"}}
{"__type":"$$EventMessageWorkflow","id":"3fc81236-dc2b-4b71-aa60-e722560a351f","ts":"2026-10-07T20:52:01.149-04:00","eventName":"n8n.workflow.success","message":"n8n.workflow.success","payload":{"executionId":"3712","success":true,"isManual":false,"mode":"webhook","workflowId":"PaLPAf3VhFN11mWP","workflowName":"chimueloBot","projectId":"4cXhCbdLbVUJK3Dd","projectName":"Ramiro De Rogatis <ramirojavierderogatis@hotmail.com>"}}
{"__type":"$$EventMessageConfirm","confirm":"3fc81236-dc2b-4b71-aa60-e722560a351f","ts":"2026-10-07T20:52:01.149-04:00","source":{"id":"0","name":"eventBus"}}
{"__type":"$$EventMessageAudit","id":"d17d100b-95c2-4395-8821-75f5b7861e4f","ts":"2026-10-07T20:52:01.771-04:00","eventName":"n8n.audit.workflow.executed","message":"n8n.audit.workflow.executed","payload":{"workflowId":"PaLPAf3VhFN11mWP","workflowName":"chimueloBot","executionId":"3713","projectId":"4cXhCbdLbVUJK3Dd","projectName":"Ramiro De Rogatis <ramirojavierderogatis@hotmail.com>","source":"webhook"}}
{"__type":"$$EventMessageConfirm","confirm":"d17d100b-95c2-4395-8821-75f5b7861e4f","ts":"2026-10-07T20:52:01.771-04:00","source":{"id":"0","name":"eventBus"}}
{"__type":"$$EventMessageWorkflow","id":"e37b3960-5bc4-4b9b-9fad-8824a3b5298a","ts":"2026-10-07T20:52:01.771-04:00","eventName":"n8n.workflow.started","message":"n8n.workflow.started","payload":{"executionId":"3713","workflowId":"PaLPAf3VhFN11mWP","isManual":false,"mode":"webhook","workflowName":"chimueloBot","projectId":"4cXhCbdLbVUJK3Dd","projectName":"Ramiro De Rogatis <ramirojavierderogatis@hotmail.com>"}}
{"__type":"$$EventMessageConfirm","confirm":"e37b3960-5bc4-4b9b-9fad-8824a3b5298a","ts":"2026-10-07T20:52:01.772-04:00","source":{"id":"0","name":"eventBus"}}
{"__type":"$$EventMessageNode","id":"02ba6124-d118-424c-8f3b-a3bda449a4bf","ts":"2026-10-07T20:52:01.773-04:00","eventName":"n8n.node.started","message":"n8n.node.started","payload":{"workflowId":"PaLPAf3VhFN11mWP","workflowName":"chimueloBot","executionId":"3713","nodeType":"n8n-nodes-base.webhook","nodeName":"Webhook","nodeId":"835eee2e-f5a8-41ae-8da8-c411adda2ef3"}}
{"__type":"$$EventMessageConfirm","confirm":"02ba6124-d118-424c-8f3b-a3bda449a4bf","ts":"2026-10-07T20:52:01.773-04:00","source":{"id":"0","name":"eventBus"}}
{"__type":"$$EventMessageNode","id":"92e0ac2f-2973-4c97-a09c-1f162bffcb79","ts":"2026-10-07T20:52:01.773-04:00","eventName":"n8n.node.finished","message":"n8n.node.finished","payload":{"workflowId":"PaLPAf3VhFN11mWP","workflowName":"chimueloBot","executionId":"3713","nodeType":"n8n-nodes-base.webhook","nodeName":"Webhook","nodeId":"835eee2e-f5a8-41ae-8da8-c411adda2ef3"}}
{"__type":"$$EventMessageConfirm","confirm":"92e0ac2f-2973-4c97-a09c-1f162bffcb79","ts":"2026-10-07T20:52:01.773-04:00","source":{"id":"0","name":"eventBus"}}
{"__type":"$$EventMessageNode","id":"97f35751-319b-40ca-a653-2b131dd69be1","ts":"2026-10-07T20:52:01.774-04:00","eventName":"n8n.node.started","message":"n8n.node.started","payload":{"workflowId":"PaLPAf3VhFN11mWP","workflowName":"chimueloBot","executionId":"3713","nodeType":"n8n-nodes-base.if","nodeName":"If3","nodeId":"95b56f56-a35e-4d78-8c42-25353df18ded"}}
{"__type":"$$EventMessageConfirm","confirm":"97f35751-319b-40ca-a653-2b131dd69be1","ts":"2026-10-07T20:52:01.774-04:00","source":{"id":"0","name":"eventBus"}}
{"__type":"$$EventMessageNode","id":"049250ae-8a82-49cf-902e-12a795b3eb2f","ts":"2026-10-07T20:52:01.782-04:00","eventName":"n8n.node.finished","message":"n8n.node.finished","payload":{"workflowId":"PaLPAf3VhFN11mWP","workflowName":"chimueloBot","executionId":"3713","nodeType":"n8n-nodes-base.if","nodeName":"If3","nodeId":"95b56f56-a35e-4d78-8c42-25353df18ded"}}
{"__type":"$$EventMessageConfirm","confirm":"049250ae-8a82-49cf-902e-12a795b3eb2f","ts":"2026-10-07T20:52:01.782-04:00","source":{"id":"0","name":"eventBus"}}
{"__type":"$$EventMessageNode","id":"13a2cf4a-ccf9-461a-b0ef-6748fe64764e","ts":"2026-10-07T20:52:01.782-04:00","eventName":"n8n.node.started","message":"n8n.node.started","payload":{"workflowId":"PaLPAf3VhFN11mWP","workflowName":"chimueloBot","executionId":"3713","nodeType":"n8n-nodes-base.if","nodeName":"If","nodeId":"fce468f6-e692-43e8-a90c-29d403eaad22"}}
{"__type":"$$EventMessageConfirm","confirm":"13a2cf4a-ccf9-461a-b0ef-6748fe64764e","ts":"2026-10-07T20:52:01.782-04:00","source":{"id":"0","name":"eventBus"}}
{"__type":"$$EventMessageNode","id":"274b0814-8cb5-452f-8b8a-cd7858750c30","ts":"2026-10-07T20:52:01.785-04:00","eventName":"n8n.node.finished","message":"n8n.node.finished","payload":{"workflowId":"PaLPAf3VhFN11mWP","workflowName":"chimueloBot","executionId":"3713","nodeType":"n8n-nodes-base.if","nodeName":"If","nodeId":"fce468f6-e692-43e8-a90c-29d403eaad22"}}
{"__type":"$$EventMessageConfirm","confirm":"274b0814-8cb5-452f-8b8a-cd7858750c30","ts":"2026-10-07T20:52:01.785-04:00","source":{"id":"0","name":"eventBus"}}
{"__type":"$$EventMessageNode","id":"96555393-5484-429f-a76d-adf9d0e0d669","ts":"2026-10-07T20:52:01.785-04:00","eventName":"n8n.node.started","message":"n8n.node.started","payload":{"workflowId":"PaLPAf3VhFN11mWP","workflowName":"chimueloBot","executionId":"3713","nodeType":"n8n-nodes-base.if","nodeName":"If1","nodeId":"e019ba3d-6fff-4262-8bed-dfee6e3133d7"}}
{"__type":"$$EventMessageConfirm","confirm":"96555393-5484-429f-a76d-adf9d0e0d669","ts":"2026-10-07T20:52:01.785-04:00","source":{"id":"0","name":"eventBus"}}
{"__type":"$$EventMessageNode","id":"887054c4-cee2-4510-9aae-d018388be45b","ts":"2026-10-07T20:52:01.787-04:00","eventName":"n8n.node.finished","message":"n8n.node.finished","payload":{"workflowId":"PaLPAf3VhFN11mWP","workflowName":"chimueloBot","executionId":"3713","nodeType":"n8n-nodes-base.if","nodeName":"If1","nodeId":"e019ba3d-6fff-4262-8bed-dfee6e3133d7"}}
{"__type":"$$EventMessageConfirm","confirm":"887054c4-cee2-4510-9aae-d018388be45b","ts":"2026-10-07T20:52:01.787-04:00","source":{"id":"0","name":"eventBus"}}
{"__type":"$$EventMessageNode","id":"ccdd0eff-90bc-4bdd-acef-ffee2c79a2d3","ts":"2026-10-07T20:52:01.787-04:00","eventName":"n8n.node.started","message":"n8n.node.started","payload":{"workflowId":"PaLPAf3VhFN11mWP","workflowName":"chimueloBot","executionId":"3713","nodeType":"n8n-nodes-base.if","nodeName":"If2","nodeId":"79a91f8d-afeb-4ddc-b6f8-3c9bb45fc216"}}
{"__type":"$$EventMessageConfirm","confirm":"ccdd0eff-90bc-4bdd-acef-ffee2c79a2d3","ts":"2026-10-07T20:52:01.788-04:00","source":{"id":"0","name":"eventBus"}}
{"__type":"$$EventMessageNode","id":"db899ee8-f49a-4fe6-b9a0-e1eb8db207af","ts":"2026-10-07T20:52:01.792-04:00","eventName":"n8n.node.finished","message":"n8n.node.finished","payload":{"workflowId":"PaLPAf3VhFN11mWP","workflowName":"chimueloBot","executionId":"3713","nodeType":"n8n-nodes-base.if","nodeName":"If2","nodeId":"79a91f8d-afeb-4ddc-b6f8-3c9bb45fc216"}}
{"__type":"$$EventMessageConfirm","confirm":"db899ee8-f49a-4fe6-b9a0-e1eb8db207af","ts":"2026-10-07T20:52:01.792-04:00","source":{"id":"0","name":"eventBus"}}
{"__type":"$$EventMessageWorkflow","id":"b54f5074-bbd1-4110-a140-76ee6626bc9b","ts":"2026-10-07T20:52:01.792-04:00","eventName":"n8n.workflow.success","message":"n8n.workflow.success","payload":{"executionId":"3713","success":true,"isManual":false,"mode":"webhook","workflowId":"PaLPAf3VhFN11mWP","workflowName":"chimueloBot","projectId":"4cXhCbdLbVUJK3Dd","projectName":"Ramiro De Rogatis <ramirojavierderogatis@hotmail.com>"}}
{"__type":"$$EventMessageConfirm","confirm":"b54f5074-bbd1-4110-a140-76ee6626bc9b","ts":"2026-10-07T20:52:01.792-04:00","source":{"id":"0","name":"eventBus"}}
{"__type":"$$EventMessageAudit","id":"861405c4-8d21-490e-a2bc-4ceaa2aa8f7b","ts":"2026-10-07T20:52:02.415-04:00","eventName":"n8n.audit.workflow.executed","message":"n8n.audit.workflow.executed","payload":{"workflowId":"PaLPAf3VhFN11mWP","workflowName":"chimueloBot","executionId":"3714","projectId":"4cXhCbdLbVUJK3Dd","projectName":"Ramiro De Rogatis <ramirojavierderogatis@hotmail.com>","source":"webhook"}}
{"__type":"$$EventMessageConfirm","confirm":"861405c4-8d21-490e-a2bc-4ceaa2aa8f7b","ts":"2026-10-07T20:52:02.415-04:00","source":{"id":"0","name":"eventBus"}}
{"__type":"$$EventMessageWorkflow","id":"ae3caf93-c0f7-45b8-91e7-73da63531746","ts":"2026-10-07T20:52:02.415-04:00","eventName":"n8n.workflow.started","message":"n8n.workflow.started","payload":{"executionId":"3714","workflowId":"PaLPAf3VhFN11mWP","isManual":false,"mode":"webhook","workflowName":"chimueloBot","projectId":"4cXhCbdLbVUJK3Dd","projectName":"Ramiro De Rogatis <ramirojavierderogatis@hotmail.com>"}}
{"__type":"$$EventMessageConfirm","confirm":"ae3caf93-c0f7-45b8-91e7-73da63531746","ts":"2026-10-07T20:52:02.415-04:00","source":{"id":"0","name":"eventBus"}}
{"__type":"$$EventMessageNode","id":"fbed866a-4b3e-4ee8-83ca-342f8357de26","ts":"2026-10-07T20:52:02.416-04:00","eventName":"n8n.node.started","message":"n8n.node.started","payload":{"workflowId":"PaLPAf3VhFN11mWP","workflowName":"chimueloBot","executionId":"3714","nodeType":"n8n-nodes-base.webhook","nodeName":"Webhook","nodeId":"835eee2e-f5a8-41ae-8da8-c411adda2ef3"}}
{"__type":"$$EventMessageConfirm","confirm":"fbed866a-4b3e-4ee8-83ca-342f8357de26","ts":"2026-10-07T20:52:02.416-04:00","source":{"id":"0","name":"eventBus"}}
{"__type":"$$EventMessageNode","id":"84278ecd-bb96-452e-a2ff-9ee27f50be0c","ts":"2026-10-07T20:52:02.416-04:00","eventName":"n8n.node.finished","message":"n8n.node.finished","payload":{"workflowId":"PaLPAf3VhFN11mWP","workflowName":"chimueloBot","executionId":"3714","nodeType":"n8n-nodes-base.webhook","nodeName":"Webhook","nodeId":"835eee2e-f5a8-41ae-8da8-c411adda2ef3"}}
{"__type":"$$EventMessageConfirm","confirm":"84278ecd-bb96-452e-a2ff-9ee27f50be0c","ts":"2026-10-07T20:52:02.416-04:00","source":{"id":"0","name":"eventBus"}}
{"__type":"$$EventMessageNode","id":"f6994359-3cd5-45cc-8cb6-aaec4af3a0fc","ts":"2026-10-07T20:52:02.417-04:00","eventName":"n8n.node.started","message":"n8n.node.started","payload":{"workflowId":"PaLPAf3VhFN11mWP","workflowName":"chimueloBot","executionId":"3714","nodeType":"n8n-nodes-base.if","nodeName":"If3","nodeId":"95b56f56-a35e-4d78-8c42-25353df18ded"}}
{"__type":"$$EventMessageConfirm","confirm":"f6994359-3cd5-45cc-8cb6-aaec4af3a0fc","ts":"2026-10-07T20:52:02.417-04:00","source":{"id":"0","name":"eventBus"}}
{"__type":"$$EventMessageNode","id":"c702074c-94fb-4656-833d-cb1114a5f508","ts":"2026-10-07T20:52:02.424-04:00","eventName":"n8n.node.finished","message":"n8n.node.finished","payload":{"workflowId":"PaLPAf3VhFN11mWP","workflowName":"chimueloBot","executionId":"3714","nodeType":"n8n-nodes-base.if","nodeName":"If3","nodeId":"95b56f56-a35e-4d78-8c42-25353df18ded"}}
{"__type":"$$EventMessageConfirm","confirm":"c702074c-94fb-4656-833d-cb1114a5f508","ts":"2026-10-07T20:52:02.424-04:00","source":{"id":"0","name":"eventBus"}}
{"__type":"$$EventMessageNode","id":"587ada52-c0e2-4325-aad5-b59a82c4f4c9","ts":"2026-10-07T20:52:02.425-04:00","eventName":"n8n.node.started","message":"n8n.node.started","payload":{"workflowId":"PaLPAf3VhFN11mWP","workflowName":"chimueloBot","executionId":"3714","nodeType":"n8n-nodes-base.if","nodeName":"If","nodeId":"fce468f6-e692-43e8-a90c-29d403eaad22"}}
{"__type":"$$EventMessageConfirm","confirm":"587ada52-c0e2-4325-aad5-b59a82c4f4c9","ts":"2026-10-07T20:52:02.425-04:00","source":{"id":"0","name":"eventBus"}}
{"__type":"$$EventMessageNode","id":"45a0c6ed-0955-43ee-8e72-ea870579aa4c","ts":"2026-10-07T20:52:02.427-04:00","eventName":"n8n.node.finished","message":"n8n.node.finished","payload":{"workflowId":"PaLPAf3VhFN11mWP","workflowName":"chimueloBot","executionId":"3714","nodeType":"n8n-nodes-base.if","nodeName":"If","nodeId":"fce468f6-e692-43e8-a90c-29d403eaad22"}}
{"__type":"$$EventMessageConfirm","confirm":"45a0c6ed-0955-43ee-8e72-ea870579aa4c","ts":"2026-10-07T20:52:02.427-04:00","source":{"id":"0","name":"eventBus"}}
{"__type":"$$EventMessageNode","id":"88e09bd4-7888-4835-a833-e26cea610cb5","ts":"2026-10-07T20:52:02.427-04:00","eventName":"n8n.node.started","message":"n8n.node.started","payload":{"workflowId":"PaLPAf3VhFN11mWP","workflowName":"chimueloBot","executionId":"3714","nodeType":"n8n-nodes-base.if","nodeName":"If1","nodeId":"e019ba3d-6fff-4262-8bed-dfee6e3133d7"}}
{"__type":"$$EventMessageConfirm","confirm":"88e09bd4-7888-4835-a833-e26cea610cb5","ts":"2026-10-07T20:52:02.427-04:00","source":{"id":"0","name":"eventBus"}}
{"__type":"$$EventMessageNode","id":"8eab0a43-7566-4c5b-b617-ca0a14298cef","ts":"2026-10-07T20:52:02.429-04:00","eventName":"n8n.node.finished","message":"n8n.node.finished","payload":{"workflowId":"PaLPAf3VhFN11mWP","workflowName":"chimueloBot","executionId":"3714","nodeType":"n8n-nodes-base.if","nodeName":"If1","nodeId":"e019ba3d-6fff-4262-8bed-dfee6e3133d7"}}
{"__type":"$$EventMessageConfirm","confirm":"8eab0a43-7566-4c5b-b617-ca0a14298cef","ts":"2026-10-07T20:52:02.429-04:00","source":{"id":"0","name":"eventBus"}}
{"__type":"$$EventMessageNode","id":"88a80aef-5932-4ae3-b52d-119ee24a6ff3","ts":"2026-10-07T20:52:02.430-04:00","eventName":"n8n.node.started","message":"n8n.node.started","payload":{"workflowId":"PaLPAf3VhFN11mWP","workflowName":"chimueloBot","executionId":"3714","nodeType":"n8n-nodes-base.if","nodeName":"If2","nodeId":"79a91f8d-afeb-4ddc-b6f8-3c9bb45fc216"}}
{"__type":"$$EventMessageConfirm","confirm":"88a80aef-5932-4ae3-b52d-119ee24a6ff3","ts":"2026-10-07T20:52:02.430-04:00","source":{"id":"0","name":"eventBus"}}
{"__type":"$$EventMessageNode","id":"ebfb65f6-6a74-4bce-a913-cccd007b8c5d","ts":"2026-10-07T20:52:02.433-04:00","eventName":"n8n.node.finished","message":"n8n.node.finished","payload":{"workflowId":"PaLPAf3VhFN11mWP","workflowName":"chimueloBot","executionId":"3714","nodeType":"n8n-nodes-base.if","nodeName":"If2","nodeId":"79a91f8d-afeb-4ddc-b6f8-3c9bb45fc216"}}
{"__type":"$$EventMessageConfirm","confirm":"ebfb65f6-6a74-4bce-a913-cccd007b8c5d","ts":"2026-10-07T20:52:02.433-04:00","source":{"id":"0","name":"eventBus"}}
{"__type":"$$EventMessageWorkflow","id":"cf6dfa6d-81d6-4c44-a0ec-5a323860c920","ts":"2026-10-07T20:52:02.433-04:00","eventName":"n8n.workflow.success","message":"n8n.workflow.success","payload":{"executionId":"3714","success":true,"isManual":false,"mode":"webhook","workflowId":"PaLPAf3VhFN11mWP","workflowName":"chimueloBot","projectId":"4cXhCbdLbVUJK3Dd","projectName":"Ramiro De Rogatis <ramirojavierderogatis@hotmail.com>"}}
{"__type":"$$EventMessageConfirm","confirm":"cf6dfa6d-81d6-4c44-a0ec-5a323860c920","ts":"2026-10-07T20:52:02.433-04:00","source":{"id":"0","name":"eventBus"}}
{"__type":"$$EventMessageAudit","id":"81a9ac09-6d94-4329-9c34-a47b3d25b7e0","ts":"2026-10-07T20:52:03.058-04:00","eventName":"n8n.audit.workflow.executed","message":"n8n.audit.workflow.executed","payload":{"workflowId":"PaLPAf3VhFN11mWP","workflowName":"chimueloBot","executionId":"3715","projectId":"4cXhCbdLbVUJK3Dd","projectName":"Ramiro De Rogatis <ramirojavierderogatis@hotmail.com>","source":"webhook"}}
{"__type":"$$EventMessageConfirm","confirm":"81a9ac09-6d94-4329-9c34-a47b3d25b7e0","ts":"2026-10-07T20:52:03.058-04:00","source":{"id":"0","name":"eventBus"}}
{"__type":"$$EventMessageWorkflow","id":"76693570-2226-4838-840e-7a0d32c121ca","ts":"2026-10-07T20:52:03.058-04:00","eventName":"n8n.workflow.started","message":"n8n.workflow.started","payload":{"executionId":"3715","workflowId":"PaLPAf3VhFN11mWP","isManual":false,"mode":"webhook","workflowName":"chimueloBot","projectId":"4cXhCbdLbVUJK3Dd","projectName":"Ramiro De Rogatis <ramirojavierderogatis@hotmail.com>"}}
{"__type":"$$EventMessageConfirm","confirm":"76693570-2226-4838-840e-7a0d32c121ca","ts":"2026-10-07T20:52:03.058-04:00","source":{"id":"0","name":"eventBus"}}
{"__type":"$$EventMessageNode","id":"d7429fd7-84a1-47d2-8b4b-481866ea7180","ts":"2026-10-07T20:52:03.059-04:00","eventName":"n8n.node.started","message":"n8n.node.started","payload":{"workflowId":"PaLPAf3VhFN11mWP","workflowName":"chimueloBot","executionId":"3715","nodeType":"n8n-nodes-base.webhook","nodeName":"Webhook","nodeId":"835eee2e-f5a8-41ae-8da8-c411adda2ef3"}}
{"__type":"$$EventMessageConfirm","confirm":"d7429fd7-84a1-47d2-8b4b-481866ea7180","ts":"2026-10-07T20:52:03.059-04:00","source":{"id":"0","name":"eventBus"}}
{"__type":"$$EventMessageNode","id":"ba6772b5-209a-4c43-a608-668e610e9995","ts":"2026-10-07T20:52:03.060-04:00","eventName":"n8n.node.finished","message":"n8n.node.finished","payload":{"workflowId":"PaLPAf3VhFN11mWP","workflowName":"chimueloBot","executionId":"3715","nodeType":"n8n-nodes-base.webhook","nodeName":"Webhook","nodeId":"835eee2e-f5a8-41ae-8da8-c411adda2ef3"}}
{"__type":"$$EventMessageConfirm","confirm":"ba6772b5-209a-4c43-a608-668e610e9995","ts":"2026-10-07T20:52:03.060-04:00","source":{"id":"0","name":"eventBus"}}
{"__type":"$$EventMessageNode","id":"03cbec65-3dbb-4ea9-bdb2-cc43be0ceda5","ts":"2026-10-07T20:52:03.060-04:00","eventName":"n8n.node.started","message":"n8n.node.started","payload":{"workflowId":"PaLPAf3VhFN11mWP","workflowName":"chimueloBot","executionId":"3715","nodeType":"n8n-nodes-base.if","nodeName":"If3","nodeId":"95b56f56-a35e-4d78-8c42-25353df18ded"}}
{"__type":"$$EventMessageConfirm","confirm":"03cbec65-3dbb-4ea9-bdb2-cc43be0ceda5","ts":"2026-10-07T20:52:03.060-04:00","source":{"id":"0","name":"eventBus"}}
{"__type":"$$EventMessageNode","id":"3e35791b-2943-4501-87e7-825001048c9b","ts":"2026-10-07T20:52:03.067-04:00","eventName":"n8n.node.finished","message":"n8n.node.finished","payload":{"workflowId":"PaLPAf3VhFN11mWP","workflowName":"chimueloBot","executionId":"3715","nodeType":"n8n-nodes-base.if","nodeName":"If3","nodeId":"95b56f56-a35e-4d78-8c42-25353df18ded"}}
{"__type":"$$EventMessageConfirm","confirm":"3e35791b-2943-4501-87e7-825001048c9b","ts":"2026-10-07T20:52:03.067-04:00","source":{"id":"0","name":"eventBus"}}
{"__type":"$$EventMessageNode","id":"03c33daa-77f0-4fc6-bcf2-17e0394ee79a","ts":"2026-10-07T20:52:03.067-04:00","eventName":"n8n.node.started","message":"n8n.node.started","payload":{"workflowId":"PaLPAf3VhFN11mWP","workflowName":"chimueloBot","executionId":"3715","nodeType":"n8n-nodes-base.if","nodeName":"If","nodeId":"fce468f6-e692-43e8-a90c-29d403eaad22"}}
{"__type":"$$EventMessageConfirm","confirm":"03c33daa-77f0-4fc6-bcf2-17e0394ee79a","ts":"2026-10-07T20:52:03.067-04:00","source":{"id":"0","name":"eventBus"}}
{"__type":"$$EventMessageNode","id":"23d434d5-8aad-43cc-b6c2-dbaa7eaf4572","ts":"2026-10-07T20:52:03.069-04:00","eventName":"n8n.node.finished","message":"n8n.node.finished","payload":{"workflowId":"PaLPAf3VhFN11mWP","workflowName":"chimueloBot","executionId":"3715","nodeType":"n8n-nodes-base.if","nodeName":"If","nodeId":"fce468f6-e692-43e8-a90c-29d403eaad22"}}
{"__type":"$$EventMessageConfirm","confirm":"23d434d5-8aad-43cc-b6c2-dbaa7eaf4572","ts":"2026-10-07T20:52:03.069-04:00","source":{"id":"0","name":"eventBus"}}
{"__type":"$$EventMessageNode","id":"2acc0b60-5472-42c0-af7b-87f79934eee8","ts":"2026-10-07T20:52:03.069-04:00","eventName":"n8n.node.started","message":"n8n.node.started","payload":{"workflowId":"PaLPAf3VhFN11mWP","workflowName":"chimueloBot","executionId":"3715","nodeType":"n8n-nodes-base.if","nodeName":"If1","nodeId":"e019ba3d-6fff-4262-8bed-dfee6e3133d7"}}
{"__type":"$$EventMessageConfirm","confirm":"2acc0b60-5472-42c0-af7b-87f79934eee8","ts":"2026-10-07T20:52:03.070-04:00","source":{"id":"0","name":"eventBus"}}
{"__type":"$$EventMessageNode","id":"a686fb40-8793-459f-b217-84269033763b","ts":"2026-10-07T20:52:03.072-04:00","eventName":"n8n.node.finished","message":"n8n.node.finished","payload":{"workflowId":"PaLPAf3VhFN11mWP","workflowName":"chimueloBot","executionId":"3715","nodeType":"n8n-nodes-base.if","nodeName":"If1","nodeId":"e019ba3d-6fff-4262-8bed-dfee6e3133d7"}}
{"__type":"$$EventMessageConfirm","confirm":"a686fb40-8793-459f-b217-84269033763b","ts":"2026-10-07T20:52:03.072-04:00","source":{"id":"0","name":"eventBus"}}
{"__type":"$$EventMessageNode","id":"3a718002-3044-447a-8d49-e1b55a7f798c","ts":"2026-10-07T20:52:03.072-04:00","eventName":"n8n.node.started","message":"n8n.node.started","payload":{"workflowId":"PaLPAf3VhFN11mWP","workflowName":"chimueloBot","executionId":"3715","nodeType":"n8n-nodes-base.if","nodeName":"If2","nodeId":"79a91f8d-afeb-4ddc-b6f8-3c9bb45fc216"}}
{"__type":"$$EventMessageConfirm","confirm":"3a718002-3044-447a-8d49-e1b55a7f798c","ts":"2026-10-07T20:52:03.072-04:00","source":{"id":"0","name":"eventBus"}}
{"__type":"$$EventMessageNode","id":"f15a00d5-8449-4325-a0a3-df1165a7c05d","ts":"2026-10-07T20:52:03.079-04:00","eventName":"n8n.node.finished","message":"n8n.node.finished","payload":{"workflowId":"PaLPAf3VhFN11mWP","workflowName":"chimueloBot","executionId":"3715","nodeType":"n8n-nodes-base.if","nodeName":"If2","nodeId":"79a91f8d-afeb-4ddc-b6f8-3c9bb45fc216"}}
{"__type":"$$EventMessageConfirm","confirm":"f15a00d5-8449-4325-a0a3-df1165a7c05d","ts":"2026-10-07T20:52:03.079-04:00","source":{"id":"0","name":"eventBus"}}
{"__type":"$$EventMessageWorkflow","id":"d9c70798-bffd-449d-96be-ef4e34a3901e","ts":"2026-10-07T20:52:03.079-04:00","eventName":"n8n.workflow.success","message":"n8n.workflow.success","payload":{"executionId":"3715","success":true,"isManual":false,"mode":"webhook","workflowId":"PaLPAf3VhFN11mWP","workflowName":"chimueloBot","projectId":"4cXhCbdLbVUJK3Dd","projectName":"Ramiro De Rogatis <ramirojavierderogatis@hotmail.com>"}}
{"__type":"$$EventMessageConfirm","confirm":"d9c70798-bffd-449d-96be-ef4e34a3901e","ts":"2026-10-07T20:52:03.079-04:00","source":{"id":"0","name":"eventBus"}}
{"__type":"$$EventMessageAudit","id":"78d2bb84-3c67-446a-8e49-fd8f9088cdd2","ts":"2026-10-07T20:52:03.698-04:00","eventName":"n8n.audit.workflow.executed","message":"n8n.audit.workflow.executed","payload":{"workflowId":"PaLPAf3VhFN11mWP","workflowName":"chimueloBot","executionId":"3716","projectId":"4cXhCbdLbVUJK3Dd","projectName":"Ramiro De Rogatis <ramirojavierderogatis@hotmail.com>","source":"webhook"}}
{"__type":"$$EventMessageConfirm","confirm":"78d2bb84-3c67-446a-8e49-fd8f9088cdd2","ts":"2026-10-07T20:52:03.698-04:00","source":{"id":"0","name":"eventBus"}}
{"__type":"$$EventMessageWorkflow","id":"7d0e985b-b00f-4ff5-8e79-285fb9aa214a","ts":"2026-10-07T20:52:03.698-04:00","eventName":"n8n.workflow.started","message":"n8n.workflow.started","payload":{"executionId":"3716","workflowId":"PaLPAf3VhFN11mWP","isManual":false,"mode":"webhook","workflowName":"chimueloBot","projectId":"4cXhCbdLbVUJK3Dd","projectName":"Ramiro De Rogatis <ramirojavierderogatis@hotmail.com>"}}
{"__type":"$$EventMessageConfirm","confirm":"7d0e985b-b00f-4ff5-8e79-285fb9aa214a","ts":"2026-10-07T20:52:03.698-04:00","source":{"id":"0","name":"eventBus"}}
{"__type":"$$EventMessageNode","id":"3092d34c-be30-429f-b49f-9a1d33abdfeb","ts":"2026-10-07T20:52:03.699-04:00","eventName":"n8n.node.started","message":"n8n.node.started","payload":{"workflowId":"PaLPAf3VhFN11mWP","workflowName":"chimueloBot","executionId":"3716","nodeType":"n8n-nodes-base.webhook","nodeName":"Webhook","nodeId":"835eee2e-f5a8-41ae-8da8-c411adda2ef3"}}
{"__type":"$$EventMessageConfirm","confirm":"3092d34c-be30-429f-b49f-9a1d33abdfeb","ts":"2026-10-07T20:52:03.699-04:00","source":{"id":"0","name":"eventBus"}}
{"__type":"$$EventMessageNode","id":"5a8110da-2631-4437-8209-c06e73bd9b78","ts":"2026-10-07T20:52:03.699-04:00","eventName":"n8n.node.finished","message":"n8n.node.finished","payload":{"workflowId":"PaLPAf3VhFN11mWP","workflowName":"chimueloBot","executionId":"3716","nodeType":"n8n-nodes-base.webhook","nodeName":"Webhook","nodeId":"835eee2e-f5a8-41ae-8da8-c411adda2ef3"}}
{"__type":"$$EventMessageConfirm","confirm":"5a8110da-2631-4437-8209-c06e73bd9b78","ts":"2026-10-07T20:52:03.699-04:00","source":{"id":"0","name":"eventBus"}}
{"__type":"$$EventMessageNode","id":"302c3f34-0db0-4f5d-83cb-36b8cb2b1827","ts":"2026-10-07T20:52:03.700-04:00","eventName":"n8n.node.started","message":"n8n.node.started","payload":{"workflowId":"PaLPAf3VhFN11mWP","workflowName":"chimueloBot","executionId":"3716","nodeType":"n8n-nodes-base.if","nodeName":"If3","nodeId":"95b56f56-a35e-4d78-8c42-25353df18ded"}}
{"__type":"$$EventMessageConfirm","confirm":"302c3f34-0db0-4f5d-83cb-36b8cb2b1827","ts":"2026-10-07T20:52:03.700-04:00","source":{"id":"0","name":"eventBus"}}
{"__type":"$$EventMessageNode","id":"c590584c-6107-4c67-af51-bd7657adac16","ts":"2026-10-07T20:52:03.706-04:00","eventName":"n8n.node.finished","message":"n8n.node.finished","payload":{"workflowId":"PaLPAf3VhFN11mWP","workflowName":"chimueloBot","executionId":"3716","nodeType":"n8n-nodes-base.if","nodeName":"If3","nodeId":"95b56f56-a35e-4d78-8c42-25353df18ded"}}
{"__type":"$$EventMessageConfirm","confirm":"c590584c-6107-4c67-af51-bd7657adac16","ts":"2026-10-07T20:52:03.707-04:00","source":{"id":"0","name":"eventBus"}}
{"__type":"$$EventMessageNode","id":"69e23021-e0a1-4d9a-9f70-b8c7e34e7768","ts":"2026-10-07T20:52:03.707-04:00","eventName":"n8n.node.started","message":"n8n.node.started","payload":{"workflowId":"PaLPAf3VhFN11mWP","workflowName":"chimueloBot","executionId":"3716","nodeType":"n8n-nodes-base.if","nodeName":"If","nodeId":"fce468f6-e692-43e8-a90c-29d403eaad22"}}
{"__type":"$$EventMessageConfirm","confirm":"69e23021-e0a1-4d9a-9f70-b8c7e34e7768","ts":"2026-10-07T20:52:03.707-04:00","source":{"id":"0","name":"eventBus"}}
{"__type":"$$EventMessageNode","id":"642ca6a8-ffeb-48c8-bf69-5ea4136af4c9","ts":"2026-10-07T20:52:03.709-04:00","eventName":"n8n.node.finished","message":"n8n.node.finished","payload":{"workflowId":"PaLPAf3VhFN11mWP","workflowName":"chimueloBot","executionId":"3716","nodeType":"n8n-nodes-base.if","nodeName":"If","nodeId":"fce468f6-e692-43e8-a90c-29d403eaad22"}}
{"__type":"$$EventMessageConfirm","confirm":"642ca6a8-ffeb-48c8-bf69-5ea4136af4c9","ts":"2026-10-07T20:52:03.709-04:00","source":{"id":"0","name":"eventBus"}}
{"__type":"$$EventMessageNode","id":"0830d7e8-6037-4374-b5bf-fa536d80343a","ts":"2026-10-07T20:52:03.709-04:00","eventName":"n8n.node.started","message":"n8n.node.started","payload":{"workflowId":"PaLPAf3VhFN11mWP","workflowName":"chimueloBot","executionId":"3716","nodeType":"n8n-nodes-base.if","nodeName":"If1","nodeId":"e019ba3d-6fff-4262-8bed-dfee6e3133d7"}}
{"__type":"$$EventMessageConfirm","confirm":"0830d7e8-6037-4374-b5bf-fa536d80343a","ts":"2026-10-07T20:52:03.709-04:00","source":{"id":"0","name":"eventBus"}}
{"__type":"$$EventMessageNode","id":"6d0480ff-b8d2-41a8-93b0-5368defe73dd","ts":"2026-10-07T20:52:03.712-04:00","eventName":"n8n.node.finished","message":"n8n.node.finished","payload":{"workflowId":"PaLPAf3VhFN11mWP","workflowName":"chimueloBot","executionId":"3716","nodeType":"n8n-nodes-base.if","nodeName":"If1","nodeId":"e019ba3d-6fff-4262-8bed-dfee6e3133d7"}}
{"__type":"$$EventMessageConfirm","confirm":"6d0480ff-b8d2-41a8-93b0-5368defe73dd","ts":"2026-10-07T20:52:03.712-04:00","source":{"id":"0","name":"eventBus"}}
{"__type":"$$EventMessageNode","id":"af82b74c-7fa5-4c53-b142-85394a54d863","ts":"2026-10-07T20:52:03.712-04:00","eventName":"n8n.node.started","message":"n8n.node.started","payload":{"workflowId":"PaLPAf3VhFN11mWP","workflowName":"chimueloBot","executionId":"3716","nodeType":"n8n-nodes-base.if","nodeName":"If2","nodeId":"79a91f8d-afeb-4ddc-b6f8-3c9bb45fc216"}}
{"__type":"$$EventMessageConfirm","confirm":"af82b74c-7fa5-4c53-b142-85394a54d863","ts":"2026-10-07T20:52:03.712-04:00","source":{"id":"0","name":"eventBus"}}
{"__type":"$$EventMessageNode","id":"973188c4-ee81-4cc9-874d-28cda03ec505","ts":"2026-10-07T20:52:03.715-04:00","eventName":"n8n.node.finished","message":"n8n.node.finished","payload":{"workflowId":"PaLPAf3VhFN11mWP","workflowName":"chimueloBot","executionId":"3716","nodeType":"n8n-nodes-base.if","nodeName":"If2","nodeId":"79a91f8d-afeb-4ddc-b6f8-3c9bb45fc216"}}
{"__type":"$$EventMessageConfirm","confirm":"973188c4-ee81-4cc9-874d-28cda03ec505","ts":"2026-10-07T20:52:03.715-04:00","source":{"id":"0","name":"eventBus"}}
{"__type":"$$EventMessageWorkflow","id":"76a440f1-37ee-425b-983d-a5c5c6eba971","ts":"2026-10-07T20:52:03.715-04:00","eventName":"n8n.workflow.success","message":"n8n.workflow.success","payload":{"executionId":"3716","success":true,"isManual":false,"mode":"webhook","workflowId":"PaLPAf3VhFN11mWP","workflowName":"chimueloBot","projectId":"4cXhCbdLbVUJK3Dd","projectName":"Ramiro De Rogatis <ramirojavierderogatis@hotmail.com>"}}
{"__type":"$$EventMessageConfirm","confirm":"76a440f1-37ee-425b-983d-a5c5c6eba971","ts":"2026-10-07T20:52:03.715-04:00","source":{"id":"0","name":"eventBus"}}
{"__type":"$$EventMessageAudit","id":"c7e0be55-3ed0-4848-ad27-1552a68acf7f","ts":"2026-10-07T20:52:04.328-04:00","eventName":"n8n.audit.workflow.executed","message":"n8n.audit.workflow.executed","payload":{"workflowId":"PaLPAf3VhFN11mWP","workflowName":"chimueloBot","executionId":"3717","projectId":"4cXhCbdLbVUJK3Dd","projectName":"Ramiro De Rogatis <ramirojavierderogatis@hotmail.com>","source":"webhook"}}
{"__type":"$$EventMessageConfirm","confirm":"c7e0be55-3ed0-4848-ad27-1552a68acf7f","ts":"2026-10-07T20:52:04.329-04:00","source":{"id":"0","name":"eventBus"}}
{"__type":"$$EventMessageWorkflow","id":"3b669809-e9c7-4924-99cd-6076c4367773","ts":"2026-10-07T20:52:04.329-04:00","eventName":"n8n.workflow.started","message":"n8n.workflow.started","payload":{"executionId":"3717","workflowId":"PaLPAf3VhFN11mWP","isManual":false,"mode":"webhook","workflowName":"chimueloBot","projectId":"4cXhCbdLbVUJK3Dd","projectName":"Ramiro De Rogatis <ramirojavierderogatis@hotmail.com>"}}
{"__type":"$$EventMessageConfirm","confirm":"3b669809-e9c7-4924-99cd-6076c4367773","ts":"2026-10-07T20:52:04.329-04:00","source":{"id":"0","name":"eventBus"}}
{"__type":"$$EventMessageNode","id":"4264403b-e370-44b0-bfcd-5fc9710a7fcd","ts":"2026-10-07T20:52:04.329-04:00","eventName":"n8n.node.started","message":"n8n.node.started","payload":{"workflowId":"PaLPAf3VhFN11mWP","workflowName":"chimueloBot","executionId":"3717","nodeType":"n8n-nodes-base.webhook","nodeName":"Webhook","nodeId":"835eee2e-f5a8-41ae-8da8-c411adda2ef3"}}
{"__type":"$$EventMessageConfirm","confirm":"4264403b-e370-44b0-bfcd-5fc9710a7fcd","ts":"2026-10-07T20:52:04.330-04:00","source":{"id":"0","name":"eventBus"}}
{"__type":"$$EventMessageNode","id":"aee8364b-1755-4060-a55c-b7ef48edc09d","ts":"2026-10-07T20:52:04.330-04:00","eventName":"n8n.node.finished","message":"n8n.node.finished","payload":{"workflowId":"PaLPAf3VhFN11mWP","workflowName":"chimueloBot","executionId":"3717","nodeType":"n8n-nodes-base.webhook","nodeName":"Webhook","nodeId":"835eee2e-f5a8-41ae-8da8-c411adda2ef3"}}
{"__type":"$$EventMessageConfirm","confirm":"aee8364b-1755-4060-a55c-b7ef48edc09d","ts":"2026-10-07T20:52:04.330-04:00","source":{"id":"0","name":"eventBus"}}
{"__type":"$$EventMessageNode","id":"a3673ca6-fb4d-462e-8221-2b072f7e16a5","ts":"2026-10-07T20:52:04.330-04:00","eventName":"n8n.node.started","message":"n8n.node.started","payload":{"workflowId":"PaLPAf3VhFN11mWP","workflowName":"chimueloBot","executionId":"3717","nodeType":"n8n-nodes-base.if","nodeName":"If3","nodeId":"95b56f56-a35e-4d78-8c42-25353df18ded"}}
{"__type":"$$EventMessageConfirm","confirm":"a3673ca6-fb4d-462e-8221-2b072f7e16a5","ts":"2026-10-07T20:52:04.330-04:00","source":{"id":"0","name":"eventBus"}}
{"__type":"$$EventMessageNode","id":"e6c2a5bf-5a15-4ff5-9b34-6cd0f6cb5fe6","ts":"2026-10-07T20:52:04.337-04:00","eventName":"n8n.node.finished","message":"n8n.node.finished","payload":{"workflowId":"PaLPAf3VhFN11mWP","workflowName":"chimueloBot","executionId":"3717","nodeType":"n8n-nodes-base.if","nodeName":"If3","nodeId":"95b56f56-a35e-4d78-8c42-25353df18ded"}}
{"__type":"$$EventMessageConfirm","confirm":"e6c2a5bf-5a15-4ff5-9b34-6cd0f6cb5fe6","ts":"2026-10-07T20:52:04.337-04:00","source":{"id":"0","name":"eventBus"}}
{"__type":"$$EventMessageNode","id":"e204334d-3ae0-4f7b-8b25-9a2e09249a09","ts":"2026-10-07T20:52:04.337-04:00","eventName":"n8n.node.started","message":"n8n.node.started","payload":{"workflowId":"PaLPAf3VhFN11mWP","workflowName":"chimueloBot","executionId":"3717","nodeType":"n8n-nodes-base.if","nodeName":"If","nodeId":"fce468f6-e692-43e8-a90c-29d403eaad22"}}
{"__type":"$$EventMessageConfirm","confirm":"e204334d-3ae0-4f7b-8b25-9a2e09249a09","ts":"2026-10-07T20:52:04.337-04:00","source":{"id":"0","name":"eventBus"}}
{"__type":"$$EventMessageNode","id":"ae7cbe3a-75d0-4820-9a56-36b4edb3f4d7","ts":"2026-10-07T20:52:04.339-04:00","eventName":"n8n.node.finished","message":"n8n.node.finished","payload":{"workflowId":"PaLPAf3VhFN11mWP","workflowName":"chimueloBot","executionId":"3717","nodeType":"n8n-nodes-base.if","nodeName":"If","nodeId":"fce468f6-e692-43e8-a90c-29d403eaad22"}}
{"__type":"$$EventMessageConfirm","confirm":"ae7cbe3a-75d0-4820-9a56-36b4edb3f4d7","ts":"2026-10-07T20:52:04.339-04:00","source":{"id":"0","name":"eventBus"}}
{"__type":"$$EventMessageNode","id":"75c2d829-d409-4e43-b95c-32c2c9c24837","ts":"2026-10-07T20:52:04.339-04:00","eventName":"n8n.node.started","message":"n8n.node.started","payload":{"workflowId":"PaLPAf3VhFN11mWP","workflowName":"chimueloBot","executionId":"3717","nodeType":"n8n-nodes-base.if","nodeName":"If1","nodeId":"e019ba3d-6fff-4262-8bed-dfee6e3133d7"}}
{"__type":"$$EventMessageConfirm","confirm":"75c2d829-d409-4e43-b95c-32c2c9c24837","ts":"2026-10-07T20:52:04.339-04:00","source":{"id":"0","name":"eventBus"}}
{"__type":"$$EventMessageNode","id":"11a6d4f4-4879-4119-97bc-fc7b151f367f","ts":"2026-10-07T20:52:04.342-04:00","eventName":"n8n.node.finished","message":"n8n.node.finished","payload":{"workflowId":"PaLPAf3VhFN11mWP","workflowName":"chimueloBot","executionId":"3717","nodeType":"n8n-nodes-base.if","nodeName":"If1","nodeId":"e019ba3d-6fff-4262-8bed-dfee6e3133d7"}}
{"__type":"$$EventMessageConfirm","confirm":"11a6d4f4-4879-4119-97bc-fc7b151f367f","ts":"2026-10-07T20:52:04.342-04:00","source":{"id":"0","name":"eventBus"}}
{"__type":"$$EventMessageNode","id":"f4e99667-e67a-46a6-a18b-0f2a15169d46","ts":"2026-10-07T20:52:04.342-04:00","eventName":"n8n.node.started","message":"n8n.node.started","payload":{"workflowId":"PaLPAf3VhFN11mWP","workflowName":"chimueloBot","executionId":"3717","nodeType":"n8n-nodes-base.if","nodeName":"If2","nodeId":"79a91f8d-afeb-4ddc-b6f8-3c9bb45fc216"}}
{"__type":"$$EventMessageConfirm","confirm":"f4e99667-e67a-46a6-a18b-0f2a15169d46","ts":"2026-10-07T20:52:04.342-04:00","source":{"id":"0","name":"eventBus"}}
{"__type":"$$EventMessageNode","id":"0a199bfa-ab71-4284-865d-d45bcc139db6","ts":"2026-10-07T20:52:04.346-04:00","eventName":"n8n.node.finished","message":"n8n.node.finished","payload":{"workflowId":"PaLPAf3VhFN11mWP","workflowName":"chimueloBot","executionId":"3717","nodeType":"n8n-nodes-base.if","nodeName":"If2","nodeId":"79a91f8d-afeb-4ddc-b6f8-3c9bb45fc216"}}
{"__type":"$$EventMessageConfirm","confirm":"0a199bfa-ab71-4284-865d-d45bcc139db6","ts":"2026-10-07T20:52:04.346-04:00","source":{"id":"0","name":"eventBus"}}
{"__type":"$$EventMessageWorkflow","id":"de2b3f2b-3051-485d-9173-c943f4269d19","ts":"2026-10-07T20:52:04.346-04:00","eventName":"n8n.workflow.success","message":"n8n.workflow.success","payload":{"executionId":"3717","success":true,"isManual":false,"mode":"webhook","workflowId":"PaLPAf3VhFN11mWP","workflowName":"chimueloBot","projectId":"4cXhCbdLbVUJK3Dd","projectName":"Ramiro De Rogatis <ramirojavierderogatis@hotmail.com>"}}
{"__type":"$$EventMessageConfirm","confirm":"de2b3f2b-3051-485d-9173-c943f4269d19","ts":"2026-10-07T20:52:04.346-04:00","source":{"id":"0","name":"eventBus"}}
{"__type":"$$EventMessageAudit","id":"8c27c30f-1a34-428d-a1ea-1d5abc81a2bc","ts":"2026-10-07T20:52:04.976-04:00","eventName":"n8n.audit.workflow.executed","message":"n8n.audit.workflow.executed","payload":{"workflowId":"PaLPAf3VhFN11mWP","workflowName":"chimueloBot","executionId":"3718","projectId":"4cXhCbdLbVUJK3Dd","projectName":"Ramiro De Rogatis <ramirojavierderogatis@hotmail.com>","source":"webhook"}}
{"__type":"$$EventMessageConfirm","confirm":"8c27c30f-1a34-428d-a1ea-1d5abc81a2bc","ts":"2026-10-07T20:52:04.976-04:00","source":{"id":"0","name":"eventBus"}}
{"__type":"$$EventMessageWorkflow","id":"afdf0ad9-98f7-4a99-a80c-9e88ab0bd21c","ts":"2026-10-07T20:52:04.976-04:00","eventName":"n8n.workflow.started","message":"n8n.workflow.started","payload":{"executionId":"3718","workflowId":"PaLPAf3VhFN11mWP","isManual":false,"mode":"webhook","workflowName":"chimueloBot","projectId":"4cXhCbdLbVUJK3Dd","projectName":"Ramiro De Rogatis <ramirojavierderogatis@hotmail.com>"}}
{"__type":"$$EventMessageConfirm","confirm":"afdf0ad9-98f7-4a99-a80c-9e88ab0bd21c","ts":"2026-10-07T20:52:04.976-04:00","source":{"id":"0","name":"eventBus"}}
{"__type":"$$EventMessageNode","id":"13e2b7a5-622e-4dc7-8660-ad4f2de66c2c","ts":"2026-10-07T20:52:04.977-04:00","eventName":"n8n.node.started","message":"n8n.node.started","payload":{"workflowId":"PaLPAf3VhFN11mWP","workflowName":"chimueloBot","executionId":"3718","nodeType":"n8n-nodes-base.webhook","nodeName":"Webhook","nodeId":"835eee2e-f5a8-41ae-8da8-c411adda2ef3"}}
{"__type":"$$EventMessageConfirm","confirm":"13e2b7a5-622e-4dc7-8660-ad4f2de66c2c","ts":"2026-10-07T20:52:04.977-04:00","source":{"id":"0","name":"eventBus"}}
{"__type":"$$EventMessageNode","id":"27dc9b41-ff93-44fd-b9a9-82c74ecaad9e","ts":"2026-10-07T20:52:04.977-04:00","eventName":"n8n.node.finished","message":"n8n.node.finished","payload":{"workflowId":"PaLPAf3VhFN11mWP","workflowName":"chimueloBot","executionId":"3718","nodeType":"n8n-nodes-base.webhook","nodeName":"Webhook","nodeId":"835eee2e-f5a8-41ae-8da8-c411adda2ef3"}}
{"__type":"$$EventMessageConfirm","confirm":"27dc9b41-ff93-44fd-b9a9-82c74ecaad9e","ts":"2026-10-07T20:52:04.977-04:00","source":{"id":"0","name":"eventBus"}}
{"__type":"$$EventMessageNode","id":"1a6a867a-e483-43f8-bddb-c187694550eb","ts":"2026-10-07T20:52:04.977-04:00","eventName":"n8n.node.started","message":"n8n.node.started","payload":{"workflowId":"PaLPAf3VhFN11mWP","workflowName":"chimueloBot","executionId":"3718","nodeType":"n8n-nodes-base.if","nodeName":"If3","nodeId":"95b56f56-a35e-4d78-8c42-25353df18ded"}}
{"__type":"$$EventMessageConfirm","confirm":"1a6a867a-e483-43f8-bddb-c187694550eb","ts":"2026-10-07T20:52:04.977-04:00","source":{"id":"0","name":"eventBus"}}
{"__type":"$$EventMessageNode","id":"31bd48ff-7ba8-4636-aa8f-f50e951b6195","ts":"2026-10-07T20:52:04.984-04:00","eventName":"n8n.node.finished","message":"n8n.node.finished","payload":{"workflowId":"PaLPAf3VhFN11mWP","workflowName":"chimueloBot","executionId":"3718","nodeType":"n8n-nodes-base.if","nodeName":"If3","nodeId":"95b56f56-a35e-4d78-8c42-25353df18ded"}}
{"__type":"$$EventMessageConfirm","confirm":"31bd48ff-7ba8-4636-aa8f-f50e951b6195","ts":"2026-10-07T20:52:04.984-04:00","source":{"id":"0","name":"eventBus"}}
{"__type":"$$EventMessageNode","id":"dee86c08-40ef-4f1a-98d4-acffac76fdd7","ts":"2026-10-07T20:52:04.984-04:00","eventName":"n8n.node.started","message":"n8n.node.started","payload":{"workflowId":"PaLPAf3VhFN11mWP","workflowName":"chimueloBot","executionId":"3718","nodeType":"n8n-nodes-base.if","nodeName":"If","nodeId":"fce468f6-e692-43e8-a90c-29d403eaad22"}}
{"__type":"$$EventMessageConfirm","confirm":"dee86c08-40ef-4f1a-98d4-acffac76fdd7","ts":"2026-10-07T20:52:04.984-04:00","source":{"id":"0","name":"eventBus"}}
{"__type":"$$EventMessageNode","id":"45577da9-1760-4d86-ba36-c369bd54e4e7","ts":"2026-10-07T20:52:04.987-04:00","eventName":"n8n.node.finished","message":"n8n.node.finished","payload":{"workflowId":"PaLPAf3VhFN11mWP","workflowName":"chimueloBot","executionId":"3718","nodeType":"n8n-nodes-base.if","nodeName":"If","nodeId":"fce468f6-e692-43e8-a90c-29d403eaad22"}}
{"__type":"$$EventMessageConfirm","confirm":"45577da9-1760-4d86-ba36-c369bd54e4e7","ts":"2026-10-07T20:52:04.987-04:00","source":{"id":"0","name":"eventBus"}}
{"__type":"$$EventMessageNode","id":"b2058d06-0f33-4242-93b2-6a3ec6e0a6d7","ts":"2026-10-07T20:52:04.987-04:00","eventName":"n8n.node.started","message":"n8n.node.started","payload":{"workflowId":"PaLPAf3VhFN11mWP","workflowName":"chimueloBot","executionId":"3718","nodeType":"n8n-nodes-base.if","nodeName":"If1","nodeId":"e019ba3d-6fff-4262-8bed-dfee6e3133d7"}}
{"__type":"$$EventMessageConfirm","confirm":"b2058d06-0f33-4242-93b2-6a3ec6e0a6d7","ts":"2026-10-07T20:52:04.987-04:00","source":{"id":"0","name":"eventBus"}}
{"__type":"$$EventMessageNode","id":"62ece78a-ada9-468f-9248-9c12e1e1bd27","ts":"2026-10-07T20:52:04.989-04:00","eventName":"n8n.node.finished","message":"n8n.node.finished","payload":{"workflowId":"PaLPAf3VhFN11mWP","workflowName":"chimueloBot","executionId":"3718","nodeType":"n8n-nodes-base.if","nodeName":"If1","nodeId":"e019ba3d-6fff-4262-8bed-dfee6e3133d7"}}
{"__type":"$$EventMessageConfirm","confirm":"62ece78a-ada9-468f-9248-9c12e1e1bd27","ts":"2026-10-07T20:52:04.989-04:00","source":{"id":"0","name":"eventBus"}}
{"__type":"$$EventMessageNode","id":"210037c8-4b6e-42a8-9b3d-713ec1332c29","ts":"2026-10-07T20:52:04.989-04:00","eventName":"n8n.node.started","message":"n8n.node.started","payload":{"workflowId":"PaLPAf3VhFN11mWP","workflowName":"chimueloBot","executionId":"3718","nodeType":"n8n-nodes-base.if","nodeName":"If2","nodeId":"79a91f8d-afeb-4ddc-b6f8-3c9bb45fc216"}}
{"__type":"$$EventMessageConfirm","confirm":"210037c8-4b6e-42a8-9b3d-713ec1332c29","ts":"2026-10-07T20:52:04.989-04:00","source":{"id":"0","name":"eventBus"}}
{"__type":"$$EventMessageNode","id":"9261e26f-5728-40ab-bb34-6e1a63ed48aa","ts":"2026-10-07T20:52:04.992-04:00","eventName":"n8n.node.finished","message":"n8n.node.finished","payload":{"workflowId":"PaLPAf3VhFN11mWP","workflowName":"chimueloBot","executionId":"3718","nodeType":"n8n-nodes-base.if","nodeName":"If2","nodeId":"79a91f8d-afeb-4ddc-b6f8-3c9bb45fc216"}}
{"__type":"$$EventMessageConfirm","confirm":"9261e26f-5728-40ab-bb34-6e1a63ed48aa","ts":"2026-10-07T20:52:04.992-04:00","source":{"id":"0","name":"eventBus"}}
{"__type":"$$EventMessageWorkflow","id":"9d1e9d01-f6f4-422e-b7ab-975d8e64fef7","ts":"2026-10-07T20:52:04.993-04:00","eventName":"n8n.workflow.success","message":"n8n.workflow.success","payload":{"executionId":"3718","success":true,"isManual":false,"mode":"webhook","workflowId":"PaLPAf3VhFN11mWP","workflowName":"chimueloBot","projectId":"4cXhCbdLbVUJK3Dd","projectName":"Ramiro De Rogatis <ramirojavierderogatis@hotmail.com>"}}
{"__type":"$$EventMessageConfirm","confirm":"9d1e9d01-f6f4-422e-b7ab-975d8e64fef7","ts":"2026-10-07T20:52:04.993-04:00","source":{"id":"0","name":"eventBus"}}
{"__type":"$$EventMessageAudit","id":"46967748-3318-41ba-ad43-fd082cf7fcbb","ts":"2026-10-07T20:52:05.635-04:00","eventName":"n8n.audit.workflow.executed","message":"n8n.audit.workflow.executed","payload":{"workflowId":"PaLPAf3VhFN11mWP","workflowName":"chimueloBot","executionId":"3719","projectId":"4cXhCbdLbVUJK3Dd","projectName":"Ramiro De Rogatis <ramirojavierderogatis@hotmail.com>","source":"webhook"}}
{"__type":"$$EventMessageConfirm","confirm":"46967748-3318-41ba-ad43-fd082cf7fcbb","ts":"2026-10-07T20:52:05.635-04:00","source":{"id":"0","name":"eventBus"}}
{"__type":"$$EventMessageWorkflow","id":"904e6b45-49a6-4cca-9175-845f9daf0765","ts":"2026-10-07T20:52:05.635-04:00","eventName":"n8n.workflow.started","message":"n8n.workflow.started","payload":{"executionId":"3719","workflowId":"PaLPAf3VhFN11mWP","isManual":false,"mode":"webhook","workflowName":"chimueloBot","projectId":"4cXhCbdLbVUJK3Dd","projectName":"Ramiro De Rogatis <ramirojavierderogatis@hotmail.com>"}}
{"__type":"$$EventMessageConfirm","confirm":"904e6b45-49a6-4cca-9175-845f9daf0765","ts":"2026-10-07T20:52:05.635-04:00","source":{"id":"0","name":"eventBus"}}
{"__type":"$$EventMessageNode","id":"d4505dac-5da2-460d-a193-0ce9ed04b579","ts":"2026-10-07T20:52:05.636-04:00","eventName":"n8n.node.started","message":"n8n.node.started","payload":{"workflowId":"PaLPAf3VhFN11mWP","workflowName":"chimueloBot","executionId":"3719","nodeType":"n8n-nodes-base.webhook","nodeName":"Webhook","nodeId":"835eee2e-f5a8-41ae-8da8-c411adda2ef3"}}
{"__type":"$$EventMessageConfirm","confirm":"d4505dac-5da2-460d-a193-0ce9ed04b579","ts":"2026-10-07T20:52:05.636-04:00","source":{"id":"0","name":"eventBus"}}
{"__type":"$$EventMessageNode","id":"3c2471ac-ba83-42e3-8c2b-e2d43b72b3f2","ts":"2026-10-07T20:52:05.637-04:00","eventName":"n8n.node.finished","message":"n8n.node.finished","payload":{"workflowId":"PaLPAf3VhFN11mWP","workflowName":"chimueloBot","executionId":"3719","nodeType":"n8n-nodes-base.webhook","nodeName":"Webhook","nodeId":"835eee2e-f5a8-41ae-8da8-c411adda2ef3"}}
{"__type":"$$EventMessageConfirm","confirm":"3c2471ac-ba83-42e3-8c2b-e2d43b72b3f2","ts":"2026-10-07T20:52:05.637-04:00","source":{"id":"0","name":"eventBus"}}
{"__type":"$$EventMessageNode","id":"50f1e817-21b0-4b3d-a607-56a103ed3413","ts":"2026-10-07T20:52:05.637-04:00","eventName":"n8n.node.started","message":"n8n.node.started","payload":{"workflowId":"PaLPAf3VhFN11mWP","workflowName":"chimueloBot","executionId":"3719","nodeType":"n8n-nodes-base.if","nodeName":"If3","nodeId":"95b56f56-a35e-4d78-8c42-25353df18ded"}}
{"__type":"$$EventMessageConfirm","confirm":"50f1e817-21b0-4b3d-a607-56a103ed3413","ts":"2026-10-07T20:52:05.637-04:00","source":{"id":"0","name":"eventBus"}}
{"__type":"$$EventMessageNode","id":"842d332e-c0e6-4d29-a312-abb4bffd500f","ts":"2026-10-07T20:52:05.644-04:00","eventName":"n8n.node.finished","message":"n8n.node.finished","payload":{"workflowId":"PaLPAf3VhFN11mWP","workflowName":"chimueloBot","executionId":"3719","nodeType":"n8n-nodes-base.if","nodeName":"If3","nodeId":"95b56f56-a35e-4d78-8c42-25353df18ded"}}
{"__type":"$$EventMessageConfirm","confirm":"842d332e-c0e6-4d29-a312-abb4bffd500f","ts":"2026-10-07T20:52:05.644-04:00","source":{"id":"0","name":"eventBus"}}
{"__type":"$$EventMessageNode","id":"aba13be5-fee4-497c-8815-04570f6a955e","ts":"2026-10-07T20:52:05.644-04:00","eventName":"n8n.node.started","message":"n8n.node.started","payload":{"workflowId":"PaLPAf3VhFN11mWP","workflowName":"chimueloBot","executionId":"3719","nodeType":"n8n-nodes-base.if","nodeName":"If","nodeId":"fce468f6-e692-43e8-a90c-29d403eaad22"}}
{"__type":"$$EventMessageConfirm","confirm":"aba13be5-fee4-497c-8815-04570f6a955e","ts":"2026-10-07T20:52:05.644-04:00","source":{"id":"0","name":"eventBus"}}
{"__type":"$$EventMessageNode","id":"5c48226e-ccb1-4cd8-9356-00b5ab3c6233","ts":"2026-10-07T20:52:05.646-04:00","eventName":"n8n.node.finished","message":"n8n.node.finished","payload":{"workflowId":"PaLPAf3VhFN11mWP","workflowName":"chimueloBot","executionId":"3719","nodeType":"n8n-nodes-base.if","nodeName":"If","nodeId":"fce468f6-e692-43e8-a90c-29d403eaad22"}}
{"__type":"$$EventMessageConfirm","confirm":"5c48226e-ccb1-4cd8-9356-00b5ab3c6233","ts":"2026-10-07T20:52:05.647-04:00","source":{"id":"0","name":"eventBus"}}
{"__type":"$$EventMessageNode","id":"560dab4e-c47f-4fb1-ab9c-d3ff3b4fdb6d","ts":"2026-10-07T20:52:05.647-04:00","eventName":"n8n.node.started","message":"n8n.node.started","payload":{"workflowId":"PaLPAf3VhFN11mWP","workflowName":"chimueloBot","executionId":"3719","nodeType":"n8n-nodes-base.if","nodeName":"If1","nodeId":"e019ba3d-6fff-4262-8bed-dfee6e3133d7"}}
{"__type":"$$EventMessageConfirm","confirm":"560dab4e-c47f-4fb1-ab9c-d3ff3b4fdb6d","ts":"2026-10-07T20:52:05.647-04:00","source":{"id":"0","name":"eventBus"}}
{"__type":"$$EventMessageNode","id":"e690e95a-ffd4-446e-8581-46a442847bb8","ts":"2026-10-07T20:52:05.649-04:00","eventName":"n8n.node.finished","message":"n8n.node.finished","payload":{"workflowId":"PaLPAf3VhFN11mWP","workflowName":"chimueloBot","executionId":"3719","nodeType":"n8n-nodes-base.if","nodeName":"If1","nodeId":"e019ba3d-6fff-4262-8bed-dfee6e3133d7"}}
{"__type":"$$EventMessageConfirm","confirm":"e690e95a-ffd4-446e-8581-46a442847bb8","ts":"2026-10-07T20:52:05.649-04:00","source":{"id":"0","name":"eventBus"}}
{"__type":"$$EventMessageNode","id":"c0d249d2-882c-4a0b-971f-d8e9b6657114","ts":"2026-10-07T20:52:05.649-04:00","eventName":"n8n.node.started","message":"n8n.node.started","payload":{"workflowId":"PaLPAf3VhFN11mWP","workflowName":"chimueloBot","executionId":"3719","nodeType":"n8n-nodes-base.if","nodeName":"If2","nodeId":"79a91f8d-afeb-4ddc-b6f8-3c9bb45fc216"}}
{"__type":"$$EventMessageConfirm","confirm":"c0d249d2-882c-4a0b-971f-d8e9b6657114","ts":"2026-10-07T20:52:05.649-04:00","source":{"id":"0","name":"eventBus"}}
{"__type":"$$EventMessageNode","id":"49394fb1-5be7-4b21-9eaa-d88dac1e6ea3","ts":"2026-10-07T20:52:05.652-04:00","eventName":"n8n.node.finished","message":"n8n.node.finished","payload":{"workflowId":"PaLPAf3VhFN11mWP","workflowName":"chimueloBot","executionId":"3719","nodeType":"n8n-nodes-base.if","nodeName":"If2","nodeId":"79a91f8d-afeb-4ddc-b6f8-3c9bb45fc216"}}
{"__type":"$$EventMessageConfirm","confirm":"49394fb1-5be7-4b21-9eaa-d88dac1e6ea3","ts":"2026-10-07T20:52:05.652-04:00","source":{"id":"0","name":"eventBus"}}
{"__type":"$$EventMessageWorkflow","id":"0c54fbc5-3fa6-4175-a8c5-201067c1d577","ts":"2026-10-07T20:52:05.652-04:00","eventName":"n8n.workflow.success","message":"n8n.workflow.success","payload":{"executionId":"3719","success":true,"isManual":false,"mode":"webhook","workflowId":"PaLPAf3VhFN11mWP","workflowName":"chimueloBot","projectId":"4cXhCbdLbVUJK3Dd","projectName":"Ramiro De Rogatis <ramirojavierderogatis@hotmail.com>"}}
{"__type":"$$EventMessageConfirm","confirm":"0c54fbc5-3fa6-4175-a8c5-201067c1d577","ts":"2026-10-07T20:52:05.652-04:00","source":{"id":"0","name":"eventBus"}}
{"__type":"$$EventMessageAudit","id":"02b37360-465d-415a-8370-8fbcec34dd68","ts":"2026-10-07T20:52:06.276-04:00","eventName":"n8n.audit.workflow.executed","message":"n8n.audit.workflow.executed","payload":{"workflowId":"PaLPAf3VhFN11mWP","workflowName":"chimueloBot","executionId":"3720","projectId":"4cXhCbdLbVUJK3Dd","projectName":"Ramiro De Rogatis <ramirojavierderogatis@hotmail.com>","source":"webhook"}}
{"__type":"$$EventMessageConfirm","confirm":"02b37360-465d-415a-8370-8fbcec34dd68","ts":"2026-10-07T20:52:06.277-04:00","source":{"id":"0","name":"eventBus"}}
{"__type":"$$EventMessageWorkflow","id":"552a8767-5067-41fd-a9fa-360d1666b404","ts":"2026-10-07T20:52:06.277-04:00","eventName":"n8n.workflow.started","message":"n8n.workflow.started","payload":{"executionId":"3720","workflowId":"PaLPAf3VhFN11mWP","isManual":false,"mode":"webhook","workflowName":"chimueloBot","projectId":"4cXhCbdLbVUJK3Dd","projectName":"Ramiro De Rogatis <ramirojavierderogatis@hotmail.com>"}}
{"__type":"$$EventMessageConfirm","confirm":"552a8767-5067-41fd-a9fa-360d1666b404","ts":"2026-10-07T20:52:06.277-04:00","source":{"id":"0","name":"eventBus"}}
{"__type":"$$EventMessageNode","id":"5a1540d5-f188-461b-9a84-f8400a097b95","ts":"2026-10-07T20:52:06.277-04:00","eventName":"n8n.node.started","message":"n8n.node.started","payload":{"workflowId":"PaLPAf3VhFN11mWP","workflowName":"chimueloBot","executionId":"3720","nodeType":"n8n-nodes-base.webhook","nodeName":"Webhook","nodeId":"835eee2e-f5a8-41ae-8da8-c411adda2ef3"}}
{"__type":"$$EventMessageConfirm","confirm":"5a1540d5-f188-461b-9a84-f8400a097b95","ts":"2026-10-07T20:52:06.277-04:00","source":{"id":"0","name":"eventBus"}}
{"__type":"$$EventMessageNode","id":"355e2f0a-3a7e-4ffa-8b9b-5e69ce96ab58","ts":"2026-10-07T20:52:06.278-04:00","eventName":"n8n.node.finished","message":"n8n.node.finished","payload":{"workflowId":"PaLPAf3VhFN11mWP","workflowName":"chimueloBot","executionId":"3720","nodeType":"n8n-nodes-base.webhook","nodeName":"Webhook","nodeId":"835eee2e-f5a8-41ae-8da8-c411adda2ef3"}}
{"__type":"$$EventMessageConfirm","confirm":"355e2f0a-3a7e-4ffa-8b9b-5e69ce96ab58","ts":"2026-10-07T20:52:06.278-04:00","source":{"id":"0","name":"eventBus"}}
{"__type":"$$EventMessageNode","id":"f9942c13-c47a-40f2-857f-8e5164a7446d","ts":"2026-10-07T20:52:06.278-04:00","eventName":"n8n.node.started","message":"n8n.node.started","payload":{"workflowId":"PaLPAf3VhFN11mWP","workflowName":"chimueloBot","executionId":"3720","nodeType":"n8n-nodes-base.if","nodeName":"If3","nodeId":"95b56f56-a35e-4d78-8c42-25353df18ded"}}
{"__type":"$$EventMessageConfirm","confirm":"f9942c13-c47a-40f2-857f-8e5164a7446d","ts":"2026-10-07T20:52:06.278-04:00","source":{"id":"0","name":"eventBus"}}
{"__type":"$$EventMessageNode","id":"f6ad20c6-54bf-4b8e-b3a6-8d38d89d00fc","ts":"2026-10-07T20:52:06.286-04:00","eventName":"n8n.node.finished","message":"n8n.node.finished","payload":{"workflowId":"PaLPAf3VhFN11mWP","workflowName":"chimueloBot","executionId":"3720","nodeType":"n8n-nodes-base.if","nodeName":"If3","nodeId":"95b56f56-a35e-4d78-8c42-25353df18ded"}}
{"__type":"$$EventMessageConfirm","confirm":"f6ad20c6-54bf-4b8e-b3a6-8d38d89d00fc","ts":"2026-10-07T20:52:06.286-04:00","source":{"id":"0","name":"eventBus"}}
{"__type":"$$EventMessageNode","id":"a2e4c00f-1c73-4c37-afaa-834f5bbf2b19","ts":"2026-10-07T20:52:06.287-04:00","eventName":"n8n.node.started","message":"n8n.node.started","payload":{"workflowId":"PaLPAf3VhFN11mWP","workflowName":"chimueloBot","executionId":"3720","nodeType":"n8n-nodes-base.if","nodeName":"If","nodeId":"fce468f6-e692-43e8-a90c-29d403eaad22"}}
{"__type":"$$EventMessageConfirm","confirm":"a2e4c00f-1c73-4c37-afaa-834f5bbf2b19","ts":"2026-10-07T20:52:06.287-04:00","source":{"id":"0","name":"eventBus"}}
{"__type":"$$EventMessageNode","id":"e66e7fd7-825e-45b3-8a9d-d98f562375b7","ts":"2026-10-07T20:52:06.289-04:00","eventName":"n8n.node.finished","message":"n8n.node.finished","payload":{"workflowId":"PaLPAf3VhFN11mWP","workflowName":"chimueloBot","executionId":"3720","nodeType":"n8n-nodes-base.if","nodeName":"If","nodeId":"fce468f6-e692-43e8-a90c-29d403eaad22"}}
{"__type":"$$EventMessageConfirm","confirm":"e66e7fd7-825e-45b3-8a9d-d98f562375b7","ts":"2026-10-07T20:52:06.289-04:00","source":{"id":"0","name":"eventBus"}}
{"__type":"$$EventMessageNode","id":"dfe70e46-2455-4efb-b15c-178b9f649aa5","ts":"2026-10-07T20:52:06.289-04:00","eventName":"n8n.node.started","message":"n8n.node.started","payload":{"workflowId":"PaLPAf3VhFN11mWP","workflowName":"chimueloBot","executionId":"3720","nodeType":"n8n-nodes-base.if","nodeName":"If1","nodeId":"e019ba3d-6fff-4262-8bed-dfee6e3133d7"}}
{"__type":"$$EventMessageConfirm","confirm":"dfe70e46-2455-4efb-b15c-178b9f649aa5","ts":"2026-10-07T20:52:06.289-04:00","source":{"id":"0","name":"eventBus"}}
{"__type":"$$EventMessageNode","id":"9235f694-bfaa-4e30-b4a8-ea81ad95ddae","ts":"2026-10-07T20:52:06.291-04:00","eventName":"n8n.node.finished","message":"n8n.node.finished","payload":{"workflowId":"PaLPAf3VhFN11mWP","workflowName":"chimueloBot","executionId":"3720","nodeType":"n8n-nodes-base.if","nodeName":"If1","nodeId":"e019ba3d-6fff-4262-8bed-dfee6e3133d7"}}
{"__type":"$$EventMessageConfirm","confirm":"9235f694-bfaa-4e30-b4a8-ea81ad95ddae","ts":"2026-10-07T20:52:06.291-04:00","source":{"id":"0","name":"eventBus"}}
{"__type":"$$EventMessageNode","id":"768089f5-f665-449c-8eb7-bc48f79d0e95","ts":"2026-10-07T20:52:06.292-04:00","eventName":"n8n.node.started","message":"n8n.node.started","payload":{"workflowId":"PaLPAf3VhFN11mWP","workflowName":"chimueloBot","executionId":"3720","nodeType":"n8n-nodes-base.if","nodeName":"If2","nodeId":"79a91f8d-afeb-4ddc-b6f8-3c9bb45fc216"}}
{"__type":"$$EventMessageConfirm","confirm":"768089f5-f665-449c-8eb7-bc48f79d0e95","ts":"2026-10-07T20:52:06.292-04:00","source":{"id":"0","name":"eventBus"}}
{"__type":"$$EventMessageNode","id":"8e0eed6f-7265-44d2-be9b-53d62c31626e","ts":"2026-10-07T20:52:06.295-04:00","eventName":"n8n.node.finished","message":"n8n.node.finished","payload":{"workflowId":"PaLPAf3VhFN11mWP","workflowName":"chimueloBot","executionId":"3720","nodeType":"n8n-nodes-base.if","nodeName":"If2","nodeId":"79a91f8d-afeb-4ddc-b6f8-3c9bb45fc216"}}
{"__type":"$$EventMessageConfirm","confirm":"8e0eed6f-7265-44d2-be9b-53d62c31626e","ts":"2026-10-07T20:52:06.295-04:00","source":{"id":"0","name":"eventBus"}}
{"__type":"$$EventMessageWorkflow","id":"1de93c8f-fe1a-4df1-89b8-437c017f8c33","ts":"2026-10-07T20:52:06.296-04:00","eventName":"n8n.workflow.success","message":"n8n.workflow.success","payload":{"executionId":"3720","success":true,"isManual":false,"mode":"webhook","workflowId":"PaLPAf3VhFN11mWP","workflowName":"chimueloBot","projectId":"4cXhCbdLbVUJK3Dd","projectName":"Ramiro De Rogatis <ramirojavierderogatis@hotmail.com>"}}
{"__type":"$$EventMessageConfirm","confirm":"1de93c8f-fe1a-4df1-89b8-437c017f8c33","ts":"2026-10-07T20:52:06.296-04:00","source":{"id":"0","name":"eventBus"}}
{"__type":"$$EventMessageAudit","id":"fefff464-8669-4cd4-9e54-32a13e1ab8a5","ts":"2026-10-07T20:52:07.135-04:00","eventName":"n8n.audit.workflow.executed","message":"n8n.audit.workflow.executed","payload":{"workflowId":"PaLPAf3VhFN11mWP","workflowName":"chimueloBot","executionId":"3721","projectId":"4cXhCbdLbVUJK3Dd","projectName":"Ramiro De Rogatis <ramirojavierderogatis@hotmail.com>","source":"webhook"}}
{"__type":"$$EventMessageConfirm","confirm":"fefff464-8669-4cd4-9e54-32a13e1ab8a5","ts":"2026-10-07T20:52:07.135-04:00","source":{"id":"0","name":"eventBus"}}
{"__type":"$$EventMessageWorkflow","id":"5c7b3975-ab5b-4d33-94e5-7bf9a1525c41","ts":"2026-10-07T20:52:07.135-04:00","eventName":"n8n.workflow.started","message":"n8n.workflow.started","payload":{"executionId":"3721","workflowId":"PaLPAf3VhFN11mWP","isManual":false,"mode":"webhook","workflowName":"chimueloBot","projectId":"4cXhCbdLbVUJK3Dd","projectName":"Ramiro De Rogatis <ramirojavierderogatis@hotmail.com>"}}
{"__type":"$$EventMessageConfirm","confirm":"5c7b3975-ab5b-4d33-94e5-7bf9a1525c41","ts":"2026-10-07T20:52:07.135-04:00","source":{"id":"0","name":"eventBus"}}
{"__type":"$$EventMessageNode","id":"d20c6510-2a86-4555-a8e8-e01ef21d0669","ts":"2026-10-07T20:52:07.136-04:00","eventName":"n8n.node.started","message":"n8n.node.started","payload":{"workflowId":"PaLPAf3VhFN11mWP","workflowName":"chimueloBot","executionId":"3721","nodeType":"n8n-nodes-base.webhook","nodeName":"Webhook","nodeId":"835eee2e-f5a8-41ae-8da8-c411adda2ef3"}}
{"__type":"$$EventMessageConfirm","confirm":"d20c6510-2a86-4555-a8e8-e01ef21d0669","ts":"2026-10-07T20:52:07.136-04:00","source":{"id":"0","name":"eventBus"}}
{"__type":"$$EventMessageNode","id":"d490df89-3da0-4447-a85e-05bce5273b48","ts":"2026-10-07T20:52:07.136-04:00","eventName":"n8n.node.finished","message":"n8n.node.finished","payload":{"workflowId":"PaLPAf3VhFN11mWP","workflowName":"chimueloBot","executionId":"3721","nodeType":"n8n-nodes-base.webhook","nodeName":"Webhook","nodeId":"835eee2e-f5a8-41ae-8da8-c411adda2ef3"}}
{"__type":"$$EventMessageConfirm","confirm":"d490df89-3da0-4447-a85e-05bce5273b48","ts":"2026-10-07T20:52:07.136-04:00","source":{"id":"0","name":"eventBus"}}
{"__type":"$$EventMessageNode","id":"bf43f39f-0161-4652-8701-79a6815ac3e9","ts":"2026-10-07T20:52:07.137-04:00","eventName":"n8n.node.started","message":"n8n.node.started","payload":{"workflowId":"PaLPAf3VhFN11mWP","workflowName":"chimueloBot","executionId":"3721","nodeType":"n8n-nodes-base.if","nodeName":"If3","nodeId":"95b56f56-a35e-4d78-8c42-25353df18ded"}}
{"__type":"$$EventMessageConfirm","confirm":"bf43f39f-0161-4652-8701-79a6815ac3e9","ts":"2026-10-07T20:52:07.137-04:00","source":{"id":"0","name":"eventBus"}}
{"__type":"$$EventMessageNode","id":"5268ef77-73a1-44b8-acaf-bcac124394b3","ts":"2026-10-07T20:52:07.145-04:00","eventName":"n8n.node.finished","message":"n8n.node.finished","payload":{"workflowId":"PaLPAf3VhFN11mWP","workflowName":"chimueloBot","executionId":"3721","nodeType":"n8n-nodes-base.if","nodeName":"If3","nodeId":"95b56f56-a35e-4d78-8c42-25353df18ded"}}
{"__type":"$$EventMessageConfirm","confirm":"5268ef77-73a1-44b8-acaf-bcac124394b3","ts":"2026-10-07T20:52:07.145-04:00","source":{"id":"0","name":"eventBus"}}
{"__type":"$$EventMessageNode","id":"0412d51c-7ec7-4c4d-977f-1c8b24d73474","ts":"2026-10-07T20:52:07.145-04:00","eventName":"n8n.node.started","message":"n8n.node.started","payload":{"workflowId":"PaLPAf3VhFN11mWP","workflowName":"chimueloBot","executionId":"3721","nodeType":"n8n-nodes-base.if","nodeName":"If","nodeId":"fce468f6-e692-43e8-a90c-29d403eaad22"}}
{"__type":"$$EventMessageConfirm","confirm":"0412d51c-7ec7-4c4d-977f-1c8b24d73474","ts":"2026-10-07T20:52:07.145-04:00","source":{"id":"0","name":"eventBus"}}
{"__type":"$$EventMessageNode","id":"42be60a4-ab6e-4969-8ea1-b4bdabf9404a","ts":"2026-10-07T20:52:07.147-04:00","eventName":"n8n.node.finished","message":"n8n.node.finished","payload":{"workflowId":"PaLPAf3VhFN11mWP","workflowName":"chimueloBot","executionId":"3721","nodeType":"n8n-nodes-base.if","nodeName":"If","nodeId":"fce468f6-e692-43e8-a90c-29d403eaad22"}}
{"__type":"$$EventMessageConfirm","confirm":"42be60a4-ab6e-4969-8ea1-b4bdabf9404a","ts":"2026-10-07T20:52:07.147-04:00","source":{"id":"0","name":"eventBus"}}
{"__type":"$$EventMessageNode","id":"b34c73b4-dbb9-464f-b8ba-bc3f15f28dc7","ts":"2026-10-07T20:52:07.147-04:00","eventName":"n8n.node.started","message":"n8n.node.started","payload":{"workflowId":"PaLPAf3VhFN11mWP","workflowName":"chimueloBot","executionId":"3721","nodeType":"n8n-nodes-base.if","nodeName":"If1","nodeId":"e019ba3d-6fff-4262-8bed-dfee6e3133d7"}}
{"__type":"$$EventMessageConfirm","confirm":"b34c73b4-dbb9-464f-b8ba-bc3f15f28dc7","ts":"2026-10-07T20:52:07.147-04:00","source":{"id":"0","name":"eventBus"}}
{"__type":"$$EventMessageNode","id":"bc9e8fe6-0486-4443-97d1-3b5f65a66546","ts":"2026-10-07T20:52:07.149-04:00","eventName":"n8n.node.finished","message":"n8n.node.finished","payload":{"workflowId":"PaLPAf3VhFN11mWP","workflowName":"chimueloBot","executionId":"3721","nodeType":"n8n-nodes-base.if","nodeName":"If1","nodeId":"e019ba3d-6fff-4262-8bed-dfee6e3133d7"}}
{"__type":"$$EventMessageConfirm","confirm":"bc9e8fe6-0486-4443-97d1-3b5f65a66546","ts":"2026-10-07T20:52:07.149-04:00","source":{"id":"0","name":"eventBus"}}
{"__type":"$$EventMessageNode","id":"6d5c8a06-d1df-4c8f-9bee-833460f14e3f","ts":"2026-10-07T20:52:07.149-04:00","eventName":"n8n.node.started","message":"n8n.node.started","payload":{"workflowId":"PaLPAf3VhFN11mWP","workflowName":"chimueloBot","executionId":"3721","nodeType":"n8n-nodes-base.if","nodeName":"If2","nodeId":"79a91f8d-afeb-4ddc-b6f8-3c9bb45fc216"}}
{"__type":"$$EventMessageConfirm","confirm":"6d5c8a06-d1df-4c8f-9bee-833460f14e3f","ts":"2026-10-07T20:52:07.149-04:00","source":{"id":"0","name":"eventBus"}}
{"__type":"$$EventMessageNode","id":"e21141fd-f2b7-42f9-9d6d-36a2595d3f59","ts":"2026-10-07T20:52:07.154-04:00","eventName":"n8n.node.finished","message":"n8n.node.finished","payload":{"workflowId":"PaLPAf3VhFN11mWP","workflowName":"chimueloBot","executionId":"3721","nodeType":"n8n-nodes-base.if","nodeName":"If2","nodeId":"79a91f8d-afeb-4ddc-b6f8-3c9bb45fc216"}}
{"__type":"$$EventMessageConfirm","confirm":"e21141fd-f2b7-42f9-9d6d-36a2595d3f59","ts":"2026-10-07T20:52:07.154-04:00","source":{"id":"0","name":"eventBus"}}
{"__type":"$$EventMessageWorkflow","id":"d14d35e7-6c4d-42cb-826e-4832fd6fc305","ts":"2026-10-07T20:52:07.154-04:00","eventName":"n8n.workflow.success","message":"n8n.workflow.success","payload":{"executionId":"3721","success":true,"isManual":false,"mode":"webhook","workflowId":"PaLPAf3VhFN11mWP","workflowName":"chimueloBot","projectId":"4cXhCbdLbVUJK3Dd","projectName":"Ramiro De Rogatis <ramirojavierderogatis@hotmail.com>"}}
{"__type":"$$EventMessageConfirm","confirm":"d14d35e7-6c4d-42cb-826e-4832fd6fc305","ts":"2026-10-07T20:52:07.154-04:00","source":{"id":"0","name":"eventBus"}}
{"__type":"$$EventMessageAudit","id":"0fb8ceba-42e4-4703-9890-e1baefaf6156","ts":"2026-10-07T20:52:07.987-04:00","eventName":"n8n.audit.workflow.executed","message":"n8n.audit.workflow.executed","payload":{"workflowId":"PaLPAf3VhFN11mWP","workflowName":"chimueloBot","executionId":"3722","projectId":"4cXhCbdLbVUJK3Dd","projectName":"Ramiro De Rogatis <ramirojavierderogatis@hotmail.com>","source":"webhook"}}
{"__type":"$$EventMessageConfirm","confirm":"0fb8ceba-42e4-4703-9890-e1baefaf6156","ts":"2026-10-07T20:52:07.987-04:00","source":{"id":"0","name":"eventBus"}}
{"__type":"$$EventMessageWorkflow","id":"9ef5d79c-d7f9-47b6-a521-3662df795126","ts":"2026-10-07T20:52:07.987-04:00","eventName":"n8n.workflow.started","message":"n8n.workflow.started","payload":{"executionId":"3722","workflowId":"PaLPAf3VhFN11mWP","isManual":false,"mode":"webhook","workflowName":"chimueloBot","projectId":"4cXhCbdLbVUJK3Dd","projectName":"Ramiro De Rogatis <ramirojavierderogatis@hotmail.com>"}}
{"__type":"$$EventMessageConfirm","confirm":"9ef5d79c-d7f9-47b6-a521-3662df795126","ts":"2026-10-07T20:52:07.987-04:00","source":{"id":"0","name":"eventBus"}}
{"__type":"$$EventMessageNode","id":"00e6b158-bfea-4d30-96d6-b347b1d7a503","ts":"2026-10-07T20:52:07.988-04:00","eventName":"n8n.node.started","message":"n8n.node.started","payload":{"workflowId":"PaLPAf3VhFN11mWP","workflowName":"chimueloBot","executionId":"3722","nodeType":"n8n-nodes-base.webhook","nodeName":"Webhook","nodeId":"835eee2e-f5a8-41ae-8da8-c411adda2ef3"}}
{"__type":"$$EventMessageConfirm","confirm":"00e6b158-bfea-4d30-96d6-b347b1d7a503","ts":"2026-10-07T20:52:07.988-04:00","source":{"id":"0","name":"eventBus"}}
{"__type":"$$EventMessageNode","id":"f52e7d09-9fd3-4f64-998a-570f9fdf3ab4","ts":"2026-10-07T20:52:07.988-04:00","eventName":"n8n.node.finished","message":"n8n.node.finished","payload":{"workflowId":"PaLPAf3VhFN11mWP","workflowName":"chimueloBot","executionId":"3722","nodeType":"n8n-nodes-base.webhook","nodeName":"Webhook","nodeId":"835eee2e-f5a8-41ae-8da8-c411adda2ef3"}}
{"__type":"$$EventMessageConfirm","confirm":"f52e7d09-9fd3-4f64-998a-570f9fdf3ab4","ts":"2026-10-07T20:52:07.988-04:00","source":{"id":"0","name":"eventBus"}}
{"__type":"$$EventMessageNode","id":"02ce2f64-a767-4c1a-965b-65d6b1eab06a","ts":"2026-10-07T20:52:07.988-04:00","eventName":"n8n.node.started","message":"n8n.node.started","payload":{"workflowId":"PaLPAf3VhFN11mWP","workflowName":"chimueloBot","executionId":"3722","nodeType":"n8n-nodes-base.if","nodeName":"If3","nodeId":"95b56f56-a35e-4d78-8c42-25353df18ded"}}
{"__type":"$$EventMessageConfirm","confirm":"02ce2f64-a767-4c1a-965b-65d6b1eab06a","ts":"2026-10-07T20:52:07.988-04:00","source":{"id":"0","name":"eventBus"}}
{"__type":"$$EventMessageNode","id":"32da6a3f-fae5-48c3-bb23-08f62690fec5","ts":"2026-10-07T20:52:07.995-04:00","eventName":"n8n.node.finished","message":"n8n.node.finished","payload":{"workflowId":"PaLPAf3VhFN11mWP","workflowName":"chimueloBot","executionId":"3722","nodeType":"n8n-nodes-base.if","nodeName":"If3","nodeId":"95b56f56-a35e-4d78-8c42-25353df18ded"}}
{"__type":"$$EventMessageConfirm","confirm":"32da6a3f-fae5-48c3-bb23-08f62690fec5","ts":"2026-10-07T20:52:07.995-04:00","source":{"id":"0","name":"eventBus"}}
{"__type":"$$EventMessageNode","id":"27faf299-c54d-4d80-9cb2-f34bfb1ee269","ts":"2026-10-07T20:52:07.995-04:00","eventName":"n8n.node.started","message":"n8n.node.started","payload":{"workflowId":"PaLPAf3VhFN11mWP","workflowName":"chimueloBot","executionId":"3722","nodeType":"n8n-nodes-base.if","nodeName":"If","nodeId":"fce468f6-e692-43e8-a90c-29d403eaad22"}}
{"__type":"$$EventMessageConfirm","confirm":"27faf299-c54d-4d80-9cb2-f34bfb1ee269","ts":"2026-10-07T20:52:07.995-04:00","source":{"id":"0","name":"eventBus"}}
{"__type":"$$EventMessageNode","id":"35c462f5-cb88-4941-baf6-3a963b621d0f","ts":"2026-10-07T20:52:07.997-04:00","eventName":"n8n.node.finished","message":"n8n.node.finished","payload":{"workflowId":"PaLPAf3VhFN11mWP","workflowName":"chimueloBot","executionId":"3722","nodeType":"n8n-nodes-base.if","nodeName":"If","nodeId":"fce468f6-e692-43e8-a90c-29d403eaad22"}}
{"__type":"$$EventMessageConfirm","confirm":"35c462f5-cb88-4941-baf6-3a963b621d0f","ts":"2026-10-07T20:52:07.997-04:00","source":{"id":"0","name":"eventBus"}}
{"__type":"$$EventMessageNode","id":"c7d954a4-56d8-4452-8dc3-20e1297a551b","ts":"2026-10-07T20:52:07.997-04:00","eventName":"n8n.node.started","message":"n8n.node.started","payload":{"workflowId":"PaLPAf3VhFN11mWP","workflowName":"chimueloBot","executionId":"3722","nodeType":"n8n-nodes-base.if","nodeName":"If1","nodeId":"e019ba3d-6fff-4262-8bed-dfee6e3133d7"}}
{"__type":"$$EventMessageConfirm","confirm":"c7d954a4-56d8-4452-8dc3-20e1297a551b","ts":"2026-10-07T20:52:07.997-04:00","source":{"id":"0","name":"eventBus"}}
{"__type":"$$EventMessageNode","id":"1365e475-a316-440c-a04f-442751d478a4","ts":"2026-10-07T20:52:07.999-04:00","eventName":"n8n.node.finished","message":"n8n.node.finished","payload":{"workflowId":"PaLPAf3VhFN11mWP","workflowName":"chimueloBot","executionId":"3722","nodeType":"n8n-nodes-base.if","nodeName":"If1","nodeId":"e019ba3d-6fff-4262-8bed-dfee6e3133d7"}}
{"__type":"$$EventMessageConfirm","confirm":"1365e475-a316-440c-a04f-442751d478a4","ts":"2026-10-07T20:52:07.999-04:00","source":{"id":"0","name":"eventBus"}}
{"__type":"$$EventMessageNode","id":"1201b135-1b7b-4155-9091-eee43531ab6b","ts":"2026-10-07T20:52:07.999-04:00","eventName":"n8n.node.started","message":"n8n.node.started","payload":{"workflowId":"PaLPAf3VhFN11mWP","workflowName":"chimueloBot","executionId":"3722","nodeType":"n8n-nodes-base.if","nodeName":"If2","nodeId":"79a91f8d-afeb-4ddc-b6f8-3c9bb45fc216"}}
{"__type":"$$EventMessageConfirm","confirm":"1201b135-1b7b-4155-9091-eee43531ab6b","ts":"2026-10-07T20:52:07.999-04:00","source":{"id":"0","name":"eventBus"}}
{"__type":"$$EventMessageNode","id":"81b684e1-f21b-4420-a0c8-d2c3ac54a760","ts":"2026-10-07T20:52:08.003-04:00","eventName":"n8n.node.finished","message":"n8n.node.finished","payload":{"workflowId":"PaLPAf3VhFN11mWP","workflowName":"chimueloBot","executionId":"3722","nodeType":"n8n-nodes-base.if","nodeName":"If2","nodeId":"79a91f8d-afeb-4ddc-b6f8-3c9bb45fc216"}}
{"__type":"$$EventMessageConfirm","confirm":"81b684e1-f21b-4420-a0c8-d2c3ac54a760","ts":"2026-10-07T20:52:08.003-04:00","source":{"id":"0","name":"eventBus"}}
{"__type":"$$EventMessageWorkflow","id":"4fc43b04-78b6-464d-9355-7184f8eccd5e","ts":"2026-10-07T20:52:08.003-04:00","eventName":"n8n.workflow.success","message":"n8n.workflow.success","payload":{"executionId":"3722","success":true,"isManual":false,"mode":"webhook","workflowId":"PaLPAf3VhFN11mWP","workflowName":"chimueloBot","projectId":"4cXhCbdLbVUJK3Dd","projectName":"Ramiro De Rogatis <ramirojavierderogatis@hotmail.com>"}}
{"__type":"$$EventMessageConfirm","confirm":"4fc43b04-78b6-464d-9355-7184f8eccd5e","ts":"2026-10-07T20:52:08.003-04:00","source":{"id":"0","name":"eventBus"}}
{"__type":"$$EventMessageAudit","id":"bc3376b7-268d-4cec-bf1f-613117b2f120","ts":"2026-10-07T20:52:08.608-04:00","eventName":"n8n.audit.workflow.executed","message":"n8n.audit.workflow.executed","payload":{"workflowId":"PaLPAf3VhFN11mWP","workflowName":"chimueloBot","executionId":"3723","projectId":"4cXhCbdLbVUJK3Dd","projectName":"Ramiro De Rogatis <ramirojavierderogatis@hotmail.com>","source":"webhook"}}
{"__type":"$$EventMessageConfirm","confirm":"bc3376b7-268d-4cec-bf1f-613117b2f120","ts":"2026-10-07T20:52:08.608-04:00","source":{"id":"0","name":"eventBus"}}
{"__type":"$$EventMessageWorkflow","id":"4f7310c2-4423-4410-82db-63168e3b7825","ts":"2026-10-07T20:52:08.608-04:00","eventName":"n8n.workflow.started","message":"n8n.workflow.started","payload":{"executionId":"3723","workflowId":"PaLPAf3VhFN11mWP","isManual":false,"mode":"webhook","workflowName":"chimueloBot","projectId":"4cXhCbdLbVUJK3Dd","projectName":"Ramiro De Rogatis <ramirojavierderogatis@hotmail.com>"}}
{"__type":"$$EventMessageConfirm","confirm":"4f7310c2-4423-4410-82db-63168e3b7825","ts":"2026-10-07T20:52:08.608-04:00","source":{"id":"0","name":"eventBus"}}
{"__type":"$$EventMessageNode","id":"f75d5280-378d-43a6-bec8-0fa4c32be30c","ts":"2026-10-07T20:52:08.609-04:00","eventName":"n8n.node.started","message":"n8n.node.started","payload":{"workflowId":"PaLPAf3VhFN11mWP","workflowName":"chimueloBot","executionId":"3723","nodeType":"n8n-nodes-base.webhook","nodeName":"Webhook","nodeId":"835eee2e-f5a8-41ae-8da8-c411adda2ef3"}}
{"__type":"$$EventMessageConfirm","confirm":"f75d5280-378d-43a6-bec8-0fa4c32be30c","ts":"2026-10-07T20:52:08.609-04:00","source":{"id":"0","name":"eventBus"}}
{"__type":"$$EventMessageNode","id":"40daa02e-85cb-4c75-a979-7c239ff39abf","ts":"2026-10-07T20:52:08.609-04:00","eventName":"n8n.node.finished","message":"n8n.node.finished","payload":{"workflowId":"PaLPAf3VhFN11mWP","workflowName":"chimueloBot","executionId":"3723","nodeType":"n8n-nodes-base.webhook","nodeName":"Webhook","nodeId":"835eee2e-f5a8-41ae-8da8-c411adda2ef3"}}
{"__type":"$$EventMessageConfirm","confirm":"40daa02e-85cb-4c75-a979-7c239ff39abf","ts":"2026-10-07T20:52:08.609-04:00","source":{"id":"0","name":"eventBus"}}
{"__type":"$$EventMessageNode","id":"e31e250a-6c6a-4e71-90ab-570e4289a8da","ts":"2026-10-07T20:52:08.609-04:00","eventName":"n8n.node.started","message":"n8n.node.started","payload":{"workflowId":"PaLPAf3VhFN11mWP","workflowName":"chimueloBot","executionId":"3723","nodeType":"n8n-nodes-base.if","nodeName":"If3","nodeId":"95b56f56-a35e-4d78-8c42-25353df18ded"}}
{"__type":"$$EventMessageConfirm","confirm":"e31e250a-6c6a-4e71-90ab-570e4289a8da","ts":"2026-10-07T20:52:08.609-04:00","source":{"id":"0","name":"eventBus"}}
{"__type":"$$EventMessageNode","id":"ef541079-ceb6-4ce9-8632-be21b0530e3a","ts":"2026-10-07T20:52:08.616-04:00","eventName":"n8n.node.finished","message":"n8n.node.finished","payload":{"workflowId":"PaLPAf3VhFN11mWP","workflowName":"chimueloBot","executionId":"3723","nodeType":"n8n-nodes-base.if","nodeName":"If3","nodeId":"95b56f56-a35e-4d78-8c42-25353df18ded"}}
{"__type":"$$EventMessageConfirm","confirm":"ef541079-ceb6-4ce9-8632-be21b0530e3a","ts":"2026-10-07T20:52:08.616-04:00","source":{"id":"0","name":"eventBus"}}
{"__type":"$$EventMessageNode","id":"668bc543-3c29-40ca-989f-923df12e419b","ts":"2026-10-07T20:52:08.616-04:00","eventName":"n8n.node.started","message":"n8n.node.started","payload":{"workflowId":"PaLPAf3VhFN11mWP","workflowName":"chimueloBot","executionId":"3723","nodeType":"n8n-nodes-base.if","nodeName":"If","nodeId":"fce468f6-e692-43e8-a90c-29d403eaad22"}}
{"__type":"$$EventMessageConfirm","confirm":"668bc543-3c29-40ca-989f-923df12e419b","ts":"2026-10-07T20:52:08.616-04:00","source":{"id":"0","name":"eventBus"}}
{"__type":"$$EventMessageNode","id":"ae03e78a-9030-4499-afda-ce1949a6cd2c","ts":"2026-10-07T20:52:08.619-04:00","eventName":"n8n.node.finished","message":"n8n.node.finished","payload":{"workflowId":"PaLPAf3VhFN11mWP","workflowName":"chimueloBot","executionId":"3723","nodeType":"n8n-nodes-base.if","nodeName":"If","nodeId":"fce468f6-e692-43e8-a90c-29d403eaad22"}}
{"__type":"$$EventMessageConfirm","confirm":"ae03e78a-9030-4499-afda-ce1949a6cd2c","ts":"2026-10-07T20:52:08.619-04:00","source":{"id":"0","name":"eventBus"}}
{"__type":"$$EventMessageNode","id":"596861a9-24d6-4260-ab1e-c6b97b831282","ts":"2026-10-07T20:52:08.619-04:00","eventName":"n8n.node.started","message":"n8n.node.started","payload":{"workflowId":"PaLPAf3VhFN11mWP","workflowName":"chimueloBot","executionId":"3723","nodeType":"n8n-nodes-base.if","nodeName":"If1","nodeId":"e019ba3d-6fff-4262-8bed-dfee6e3133d7"}}
{"__type":"$$EventMessageConfirm","confirm":"596861a9-24d6-4260-ab1e-c6b97b831282","ts":"2026-10-07T20:52:08.619-04:00","source":{"id":"0","name":"eventBus"}}
{"__type":"$$EventMessageNode","id":"6273d9d8-7ae4-4f82-a463-b30af674f856","ts":"2026-10-07T20:52:08.621-04:00","eventName":"n8n.node.finished","message":"n8n.node.finished","payload":{"workflowId":"PaLPAf3VhFN11mWP","workflowName":"chimueloBot","executionId":"3723","nodeType":"n8n-nodes-base.if","nodeName":"If1","nodeId":"e019ba3d-6fff-4262-8bed-dfee6e3133d7"}}
{"__type":"$$EventMessageConfirm","confirm":"6273d9d8-7ae4-4f82-a463-b30af674f856","ts":"2026-10-07T20:52:08.621-04:00","source":{"id":"0","name":"eventBus"}}
{"__type":"$$EventMessageNode","id":"618018b6-b8cb-48fc-8b95-c02ef3f884c4","ts":"2026-10-07T20:52:08.621-04:00","eventName":"n8n.node.started","message":"n8n.node.started","payload":{"workflowId":"PaLPAf3VhFN11mWP","workflowName":"chimueloBot","executionId":"3723","nodeType":"n8n-nodes-base.if","nodeName":"If2","nodeId":"79a91f8d-afeb-4ddc-b6f8-3c9bb45fc216"}}
{"__type":"$$EventMessageConfirm","confirm":"618018b6-b8cb-48fc-8b95-c02ef3f884c4","ts":"2026-10-07T20:52:08.621-04:00","source":{"id":"0","name":"eventBus"}}
{"__type":"$$EventMessageNode","id":"fcbcaf6f-e279-42d2-a49a-20a903f79782","ts":"2026-10-07T20:52:08.624-04:00","eventName":"n8n.node.finished","message":"n8n.node.finished","payload":{"workflowId":"PaLPAf3VhFN11mWP","workflowName":"chimueloBot","executionId":"3723","nodeType":"n8n-nodes-base.if","nodeName":"If2","nodeId":"79a91f8d-afeb-4ddc-b6f8-3c9bb45fc216"}}
{"__type":"$$EventMessageConfirm","confirm":"fcbcaf6f-e279-42d2-a49a-20a903f79782","ts":"2026-10-07T20:52:08.625-04:00","source":{"id":"0","name":"eventBus"}}
{"__type":"$$EventMessageWorkflow","id":"cbd5d0eb-c2e4-4487-a0a5-eb4f629dea9d","ts":"2026-10-07T20:52:08.625-04:00","eventName":"n8n.workflow.success","message":"n8n.workflow.success","payload":{"executionId":"3723","success":true,"isManual":false,"mode":"webhook","workflowId":"PaLPAf3VhFN11mWP","workflowName":"chimueloBot","projectId":"4cXhCbdLbVUJK3Dd","projectName":"Ramiro De Rogatis <ramirojavierderogatis@hotmail.com>"}}
{"__type":"$$EventMessageConfirm","confirm":"cbd5d0eb-c2e4-4487-a0a5-eb4f629dea9d","ts":"2026-10-07T20:52:08.625-04:00","source":{"id":"0","name":"eventBus"}}
{"__type":"$$EventMessageAudit","id":"d6c1bae2-a63d-4587-b627-fea0b31c6139","ts":"2026-10-07T20:52:09.304-04:00","eventName":"n8n.audit.workflow.executed","message":"n8n.audit.workflow.executed","payload":{"workflowId":"PaLPAf3VhFN11mWP","workflowName":"chimueloBot","executionId":"3724","projectId":"4cXhCbdLbVUJK3Dd","projectName":"Ramiro De Rogatis <ramirojavierderogatis@hotmail.com>","source":"webhook"}}
{"__type":"$$EventMessageConfirm","confirm":"d6c1bae2-a63d-4587-b627-fea0b31c6139","ts":"2026-10-07T20:52:09.304-04:00","source":{"id":"0","name":"eventBus"}}
{"__type":"$$EventMessageWorkflow","id":"8b5f188e-181a-4a1b-b8fa-30670b25df47","ts":"2026-10-07T20:52:09.304-04:00","eventName":"n8n.workflow.started","message":"n8n.workflow.started","payload":{"executionId":"3724","workflowId":"PaLPAf3VhFN11mWP","isManual":false,"mode":"webhook","workflowName":"chimueloBot","projectId":"4cXhCbdLbVUJK3Dd","projectName":"Ramiro De Rogatis <ramirojavierderogatis@hotmail.com>"}}
{"__type":"$$EventMessageConfirm","confirm":"8b5f188e-181a-4a1b-b8fa-30670b25df47","ts":"2026-10-07T20:52:09.304-04:00","source":{"id":"0","name":"eventBus"}}
{"__type":"$$EventMessageNode","id":"711f39e4-4623-4b67-b769-07eec15d6f03","ts":"2026-10-07T20:52:09.305-04:00","eventName":"n8n.node.started","message":"n8n.node.started","payload":{"workflowId":"PaLPAf3VhFN11mWP","workflowName":"chimueloBot","executionId":"3724","nodeType":"n8n-nodes-base.webhook","nodeName":"Webhook","nodeId":"835eee2e-f5a8-41ae-8da8-c411adda2ef3"}}
{"__type":"$$EventMessageConfirm","confirm":"711f39e4-4623-4b67-b769-07eec15d6f03","ts":"2026-10-07T20:52:09.305-04:00","source":{"id":"0","name":"eventBus"}}
{"__type":"$$EventMessageNode","id":"9cba6b34-3d84-4d4f-b20c-5537fc82f428","ts":"2026-10-07T20:52:09.305-04:00","eventName":"n8n.node.finished","message":"n8n.node.finished","payload":{"workflowId":"PaLPAf3VhFN11mWP","workflowName":"chimueloBot","executionId":"3724","nodeType":"n8n-nodes-base.webhook","nodeName":"Webhook","nodeId":"835eee2e-f5a8-41ae-8da8-c411adda2ef3"}}
{"__type":"$$EventMessageConfirm","confirm":"9cba6b34-3d84-4d4f-b20c-5537fc82f428","ts":"2026-10-07T20:52:09.305-04:00","source":{"id":"0","name":"eventBus"}}
{"__type":"$$EventMessageNode","id":"ce7427aa-0407-4511-98cc-4ced105eef8e","ts":"2026-10-07T20:52:09.305-04:00","eventName":"n8n.node.started","message":"n8n.node.started","payload":{"workflowId":"PaLPAf3VhFN11mWP","workflowName":"chimueloBot","executionId":"3724","nodeType":"n8n-nodes-base.if","nodeName":"If3","nodeId":"95b56f56-a35e-4d78-8c42-25353df18ded"}}
{"__type":"$$EventMessageConfirm","confirm":"ce7427aa-0407-4511-98cc-4ced105eef8e","ts":"2026-10-07T20:52:09.305-04:00","source":{"id":"0","name":"eventBus"}}
{"__type":"$$EventMessageNode","id":"beb30ab8-f74c-49ec-a4f3-b501eeb937c0","ts":"2026-10-07T20:52:09.311-04:00","eventName":"n8n.node.finished","message":"n8n.node.finished","payload":{"workflowId":"PaLPAf3VhFN11mWP","workflowName":"chimueloBot","executionId":"3724","nodeType":"n8n-nodes-base.if","nodeName":"If3","nodeId":"95b56f56-a35e-4d78-8c42-25353df18ded"}}
{"__type":"$$EventMessageConfirm","confirm":"beb30ab8-f74c-49ec-a4f3-b501eeb937c0","ts":"2026-10-07T20:52:09.312-04:00","source":{"id":"0","name":"eventBus"}}
{"__type":"$$EventMessageNode","id":"2f599a48-d5ea-4104-96ae-6f8d0c7ad60c","ts":"2026-10-07T20:52:09.312-04:00","eventName":"n8n.node.started","message":"n8n.node.started","payload":{"workflowId":"PaLPAf3VhFN11mWP","workflowName":"chimueloBot","executionId":"3724","nodeType":"n8n-nodes-base.if","nodeName":"If","nodeId":"fce468f6-e692-43e8-a90c-29d403eaad22"}}
{"__type":"$$EventMessageConfirm","confirm":"2f599a48-d5ea-4104-96ae-6f8d0c7ad60c","ts":"2026-10-07T20:52:09.312-04:00","source":{"id":"0","name":"eventBus"}}
{"__type":"$$EventMessageNode","id":"81e32ceb-90c4-40f8-a38c-f880820667be","ts":"2026-10-07T20:52:09.313-04:00","eventName":"n8n.node.finished","message":"n8n.node.finished","payload":{"workflowId":"PaLPAf3VhFN11mWP","workflowName":"chimueloBot","executionId":"3724","nodeType":"n8n-nodes-base.if","nodeName":"If","nodeId":"fce468f6-e692-43e8-a90c-29d403eaad22"}}
{"__type":"$$EventMessageConfirm","confirm":"81e32ceb-90c4-40f8-a38c-f880820667be","ts":"2026-10-07T20:52:09.313-04:00","source":{"id":"0","name":"eventBus"}}
{"__type":"$$EventMessageNode","id":"8be12f87-282f-42e5-a433-edda6969e3aa","ts":"2026-10-07T20:52:09.313-04:00","eventName":"n8n.node.started","message":"n8n.node.started","payload":{"workflowId":"PaLPAf3VhFN11mWP","workflowName":"chimueloBot","executionId":"3724","nodeType":"n8n-nodes-base.if","nodeName":"If1","nodeId":"e019ba3d-6fff-4262-8bed-dfee6e3133d7"}}
{"__type":"$$EventMessageConfirm","confirm":"8be12f87-282f-42e5-a433-edda6969e3aa","ts":"2026-10-07T20:52:09.314-04:00","source":{"id":"0","name":"eventBus"}}
{"__type":"$$EventMessageNode","id":"0decd702-2fb8-4536-a807-7925bc8bbcd6","ts":"2026-10-07T20:52:09.316-04:00","eventName":"n8n.node.finished","message":"n8n.node.finished","payload":{"workflowId":"PaLPAf3VhFN11mWP","workflowName":"chimueloBot","executionId":"3724","nodeType":"n8n-nodes-base.if","nodeName":"If1","nodeId":"e019ba3d-6fff-4262-8bed-dfee6e3133d7"}}
{"__type":"$$EventMessageConfirm","confirm":"0decd702-2fb8-4536-a807-7925bc8bbcd6","ts":"2026-10-07T20:52:09.317-04:00","source":{"id":"0","name":"eventBus"}}
{"__type":"$$EventMessageNode","id":"404f5833-e4af-4304-bf6e-81e4d86507f8","ts":"2026-10-07T20:52:09.317-04:00","eventName":"n8n.node.started","message":"n8n.node.started","payload":{"workflowId":"PaLPAf3VhFN11mWP","workflowName":"chimueloBot","executionId":"3724","nodeType":"n8n-nodes-base.if","nodeName":"If2","nodeId":"79a91f8d-afeb-4ddc-b6f8-3c9bb45fc216"}}
{"__type":"$$EventMessageConfirm","confirm":"404f5833-e4af-4304-bf6e-81e4d86507f8","ts":"2026-10-07T20:52:09.317-04:00","source":{"id":"0","name":"eventBus"}}
{"__type":"$$EventMessageNode","id":"f0a74a60-f1b4-4940-8970-f103efbbec62","ts":"2026-10-07T20:52:09.320-04:00","eventName":"n8n.node.finished","message":"n8n.node.finished","payload":{"workflowId":"PaLPAf3VhFN11mWP","workflowName":"chimueloBot","executionId":"3724","nodeType":"n8n-nodes-base.if","nodeName":"If2","nodeId":"79a91f8d-afeb-4ddc-b6f8-3c9bb45fc216"}}
{"__type":"$$EventMessageConfirm","confirm":"f0a74a60-f1b4-4940-8970-f103efbbec62","ts":"2026-10-07T20:52:09.320-04:00","source":{"id":"0","name":"eventBus"}}
{"__type":"$$EventMessageWorkflow","id":"aeacf5fd-2914-4dc1-8910-4e457772abe6","ts":"2026-10-07T20:52:09.320-04:00","eventName":"n8n.workflow.success","message":"n8n.workflow.success","payload":{"executionId":"3724","success":true,"isManual":false,"mode":"webhook","workflowId":"PaLPAf3VhFN11mWP","workflowName":"chimueloBot","projectId":"4cXhCbdLbVUJK3Dd","projectName":"Ramiro De Rogatis <ramirojavierderogatis@hotmail.com>"}}
{"__type":"$$EventMessageConfirm","confirm":"aeacf5fd-2914-4dc1-8910-4e457772abe6","ts":"2026-10-07T20:52:09.320-04:00","source":{"id":"0","name":"eventBus"}}
{"__type":"$$EventMessageAudit","id":"d057555d-3ea5-4623-acb1-6e56aed5038b","ts":"2026-10-07T20:52:09.924-04:00","eventName":"n8n.audit.workflow.executed","message":"n8n.audit.workflow.executed","payload":{"workflowId":"PaLPAf3VhFN11mWP","workflowName":"chimueloBot","executionId":"3725","projectId":"4cXhCbdLbVUJK3Dd","projectName":"Ramiro De Rogatis <ramirojavierderogatis@hotmail.com>","source":"webhook"}}
{"__type":"$$EventMessageConfirm","confirm":"d057555d-3ea5-4623-acb1-6e56aed5038b","ts":"2026-10-07T20:52:09.925-04:00","source":{"id":"0","name":"eventBus"}}
{"__type":"$$EventMessageWorkflow","id":"8205dc7c-d4a7-405f-a114-ba7f7e686854","ts":"2026-10-07T20:52:09.925-04:00","eventName":"n8n.workflow.started","message":"n8n.workflow.started","payload":{"executionId":"3725","workflowId":"PaLPAf3VhFN11mWP","isManual":false,"mode":"webhook","workflowName":"chimueloBot","projectId":"4cXhCbdLbVUJK3Dd","projectName":"Ramiro De Rogatis <ramirojavierderogatis@hotmail.com>"}}
{"__type":"$$EventMessageConfirm","confirm":"8205dc7c-d4a7-405f-a114-ba7f7e686854","ts":"2026-10-07T20:52:09.925-04:00","source":{"id":"0","name":"eventBus"}}
{"__type":"$$EventMessageNode","id":"b4d81e64-ce69-436e-bd95-d78516590857","ts":"2026-10-07T20:52:09.925-04:00","eventName":"n8n.node.started","message":"n8n.node.started","payload":{"workflowId":"PaLPAf3VhFN11mWP","workflowName":"chimueloBot","executionId":"3725","nodeType":"n8n-nodes-base.webhook","nodeName":"Webhook","nodeId":"835eee2e-f5a8-41ae-8da8-c411adda2ef3"}}
{"__type":"$$EventMessageConfirm","confirm":"b4d81e64-ce69-436e-bd95-d78516590857","ts":"2026-10-07T20:52:09.925-04:00","source":{"id":"0","name":"eventBus"}}
{"__type":"$$EventMessageNode","id":"dc8660e7-e270-4fc9-9010-a83fee3195d9","ts":"2026-10-07T20:52:09.925-04:00","eventName":"n8n.node.finished","message":"n8n.node.finished","payload":{"workflowId":"PaLPAf3VhFN11mWP","workflowName":"chimueloBot","executionId":"3725","nodeType":"n8n-nodes-base.webhook","nodeName":"Webhook","nodeId":"835eee2e-f5a8-41ae-8da8-c411adda2ef3"}}
{"__type":"$$EventMessageConfirm","confirm":"dc8660e7-e270-4fc9-9010-a83fee3195d9","ts":"2026-10-07T20:52:09.925-04:00","source":{"id":"0","name":"eventBus"}}
{"__type":"$$EventMessageNode","id":"a51b5cd8-fc76-4563-9c73-ce269b5a789b","ts":"2026-10-07T20:52:09.926-04:00","eventName":"n8n.node.started","message":"n8n.node.started","payload":{"workflowId":"PaLPAf3VhFN11mWP","workflowName":"chimueloBot","executionId":"3725","nodeType":"n8n-nodes-base.if","nodeName":"If3","nodeId":"95b56f56-a35e-4d78-8c42-25353df18ded"}}
{"__type":"$$EventMessageConfirm","confirm":"a51b5cd8-fc76-4563-9c73-ce269b5a789b","ts":"2026-10-07T20:52:09.926-04:00","source":{"id":"0","name":"eventBus"}}
{"__type":"$$EventMessageNode","id":"1ec14ff9-93b4-4472-a079-5cb95fc79b2d","ts":"2026-10-07T20:52:09.932-04:00","eventName":"n8n.node.finished","message":"n8n.node.finished","payload":{"workflowId":"PaLPAf3VhFN11mWP","workflowName":"chimueloBot","executionId":"3725","nodeType":"n8n-nodes-base.if","nodeName":"If3","nodeId":"95b56f56-a35e-4d78-8c42-25353df18ded"}}
{"__type":"$$EventMessageConfirm","confirm":"1ec14ff9-93b4-4472-a079-5cb95fc79b2d","ts":"2026-10-07T20:52:09.932-04:00","source":{"id":"0","name":"eventBus"}}
{"__type":"$$EventMessageNode","id":"6c9769f2-e7d6-45ca-8600-1c024a477387","ts":"2026-10-07T20:52:09.932-04:00","eventName":"n8n.node.started","message":"n8n.node.started","payload":{"workflowId":"PaLPAf3VhFN11mWP","workflowName":"chimueloBot","executionId":"3725","nodeType":"n8n-nodes-base.if","nodeName":"If","nodeId":"fce468f6-e692-43e8-a90c-29d403eaad22"}}
{"__type":"$$EventMessageConfirm","confirm":"6c9769f2-e7d6-45ca-8600-1c024a477387","ts":"2026-10-07T20:52:09.932-04:00","source":{"id":"0","name":"eventBus"}}
{"__type":"$$EventMessageNode","id":"ef6b957c-3d31-408d-9b07-58ff9d9d336c","ts":"2026-10-07T20:52:09.934-04:00","eventName":"n8n.node.finished","message":"n8n.node.finished","payload":{"workflowId":"PaLPAf3VhFN11mWP","workflowName":"chimueloBot","executionId":"3725","nodeType":"n8n-nodes-base.if","nodeName":"If","nodeId":"fce468f6-e692-43e8-a90c-29d403eaad22"}}
{"__type":"$$EventMessageConfirm","confirm":"ef6b957c-3d31-408d-9b07-58ff9d9d336c","ts":"2026-10-07T20:52:09.934-04:00","source":{"id":"0","name":"eventBus"}}
{"__type":"$$EventMessageNode","id":"cc768870-3a65-4de0-9b39-cf650ba0e344","ts":"2026-10-07T20:52:09.934-04:00","eventName":"n8n.node.started","message":"n8n.node.started","payload":{"workflowId":"PaLPAf3VhFN11mWP","workflowName":"chimueloBot","executionId":"3725","nodeType":"n8n-nodes-base.if","nodeName":"If1","nodeId":"e019ba3d-6fff-4262-8bed-dfee6e3133d7"}}
{"__type":"$$EventMessageConfirm","confirm":"cc768870-3a65-4de0-9b39-cf650ba0e344","ts":"2026-10-07T20:52:09.934-04:00","source":{"id":"0","name":"eventBus"}}
{"__type":"$$EventMessageNode","id":"69b56fc1-47bf-455a-92be-e485cc0372d2","ts":"2026-10-07T20:52:09.936-04:00","eventName":"n8n.node.finished","message":"n8n.node.finished","payload":{"workflowId":"PaLPAf3VhFN11mWP","workflowName":"chimueloBot","executionId":"3725","nodeType":"n8n-nodes-base.if","nodeName":"If1","nodeId":"e019ba3d-6fff-4262-8bed-dfee6e3133d7"}}
{"__type":"$$EventMessageConfirm","confirm":"69b56fc1-47bf-455a-92be-e485cc0372d2","ts":"2026-10-07T20:52:09.936-04:00","source":{"id":"0","name":"eventBus"}}
{"__type":"$$EventMessageNode","id":"98ecbacf-7689-4739-b82b-c4acf2fca830","ts":"2026-10-07T20:52:09.936-04:00","eventName":"n8n.node.started","message":"n8n.node.started","payload":{"workflowId":"PaLPAf3VhFN11mWP","workflowName":"chimueloBot","executionId":"3725","nodeType":"n8n-nodes-base.if","nodeName":"If2","nodeId":"79a91f8d-afeb-4ddc-b6f8-3c9bb45fc216"}}
{"__type":"$$EventMessageConfirm","confirm":"98ecbacf-7689-4739-b82b-c4acf2fca830","ts":"2026-10-07T20:52:09.936-04:00","source":{"id":"0","name":"eventBus"}}
{"__type":"$$EventMessageNode","id":"559b93a2-ced2-4a5d-b4d5-01006115e593","ts":"2026-10-07T20:52:09.939-04:00","eventName":"n8n.node.finished","message":"n8n.node.finished","payload":{"workflowId":"PaLPAf3VhFN11mWP","workflowName":"chimueloBot","executionId":"3725","nodeType":"n8n-nodes-base.if","nodeName":"If2","nodeId":"79a91f8d-afeb-4ddc-b6f8-3c9bb45fc216"}}
{"__type":"$$EventMessageConfirm","confirm":"559b93a2-ced2-4a5d-b4d5-01006115e593","ts":"2026-10-07T20:52:09.939-04:00","source":{"id":"0","name":"eventBus"}}
{"__type":"$$EventMessageWorkflow","id":"9e95f8c7-8508-4b0f-84ff-f73f381db767","ts":"2026-10-07T20:52:09.939-04:00","eventName":"n8n.workflow.success","message":"n8n.workflow.success","payload":{"executionId":"3725","success":true,"isManual":false,"mode":"webhook","workflowId":"PaLPAf3VhFN11mWP","workflowName":"chimueloBot","projectId":"4cXhCbdLbVUJK3Dd","projectName":"Ramiro De Rogatis <ramirojavierderogatis@hotmail.com>"}}
{"__type":"$$EventMessageConfirm","confirm":"9e95f8c7-8508-4b0f-84ff-f73f381db767","ts":"2026-10-07T20:52:09.939-04:00","source":{"id":"0","name":"eventBus"}}
{"__type":"$$EventMessageAudit","id":"7fb5cde8-a02f-4450-8428-46311e6ac558","ts":"2026-10-07T20:52:10.856-04:00","eventName":"n8n.audit.workflow.executed","message":"n8n.audit.workflow.executed","payload":{"workflowId":"PaLPAf3VhFN11mWP","workflowName":"chimueloBot","executionId":"3726","projectId":"4cXhCbdLbVUJK3Dd","projectName":"Ramiro De Rogatis <ramirojavierderogatis@hotmail.com>","source":"webhook"}}
{"__type":"$$EventMessageConfirm","confirm":"7fb5cde8-a02f-4450-8428-46311e6ac558","ts":"2026-10-07T20:52:10.856-04:00","source":{"id":"0","name":"eventBus"}}
{"__type":"$$EventMessageWorkflow","id":"784b7f21-094c-4185-be6a-e463cb56c6e5","ts":"2026-10-07T20:52:10.857-04:00","eventName":"n8n.workflow.started","message":"n8n.workflow.started","payload":{"executionId":"3726","workflowId":"PaLPAf3VhFN11mWP","isManual":false,"mode":"webhook","workflowName":"chimueloBot","projectId":"4cXhCbdLbVUJK3Dd","projectName":"Ramiro De Rogatis <ramirojavierderogatis@hotmail.com>"}}
{"__type":"$$EventMessageConfirm","confirm":"784b7f21-094c-4185-be6a-e463cb56c6e5","ts":"2026-10-07T20:52:10.857-04:00","source":{"id":"0","name":"eventBus"}}
{"__type":"$$EventMessageNode","id":"bbb1e7c0-8795-4a29-ad6a-bef66ea6908f","ts":"2026-10-07T20:52:10.857-04:00","eventName":"n8n.node.started","message":"n8n.node.started","payload":{"workflowId":"PaLPAf3VhFN11mWP","workflowName":"chimueloBot","executionId":"3726","nodeType":"n8n-nodes-base.webhook","nodeName":"Webhook","nodeId":"835eee2e-f5a8-41ae-8da8-c411adda2ef3"}}
{"__type":"$$EventMessageConfirm","confirm":"bbb1e7c0-8795-4a29-ad6a-bef66ea6908f","ts":"2026-10-07T20:52:10.857-04:00","source":{"id":"0","name":"eventBus"}}
{"__type":"$$EventMessageNode","id":"8bb50cd7-7e44-4c81-aa56-c173b1675607","ts":"2026-10-07T20:52:10.858-04:00","eventName":"n8n.node.finished","message":"n8n.node.finished","payload":{"workflowId":"PaLPAf3VhFN11mWP","workflowName":"chimueloBot","executionId":"3726","nodeType":"n8n-nodes-base.webhook","nodeName":"Webhook","nodeId":"835eee2e-f5a8-41ae-8da8-c411adda2ef3"}}
{"__type":"$$EventMessageConfirm","confirm":"8bb50cd7-7e44-4c81-aa56-c173b1675607","ts":"2026-10-07T20:52:10.858-04:00","source":{"id":"0","name":"eventBus"}}
{"__type":"$$EventMessageNode","id":"b9e4761b-df19-4360-aa58-c33fdd4a9611","ts":"2026-10-07T20:52:10.858-04:00","eventName":"n8n.node.started","message":"n8n.node.started","payload":{"workflowId":"PaLPAf3VhFN11mWP","workflowName":"chimueloBot","executionId":"3726","nodeType":"n8n-nodes-base.if","nodeName":"If3","nodeId":"95b56f56-a35e-4d78-8c42-25353df18ded"}}
{"__type":"$$EventMessageConfirm","confirm":"b9e4761b-df19-4360-aa58-c33fdd4a9611","ts":"2026-10-07T20:52:10.858-04:00","source":{"id":"0","name":"eventBus"}}
{"__type":"$$EventMessageNode","id":"9ecaf0e2-4109-4d07-8965-f19af4c1b2be","ts":"2026-10-07T20:52:10.865-04:00","eventName":"n8n.node.finished","message":"n8n.node.finished","payload":{"workflowId":"PaLPAf3VhFN11mWP","workflowName":"chimueloBot","executionId":"3726","nodeType":"n8n-nodes-base.if","nodeName":"If3","nodeId":"95b56f56-a35e-4d78-8c42-25353df18ded"}}
{"__type":"$$EventMessageConfirm","confirm":"9ecaf0e2-4109-4d07-8965-f19af4c1b2be","ts":"2026-10-07T20:52:10.865-04:00","source":{"id":"0","name":"eventBus"}}
{"__type":"$$EventMessageNode","id":"dea61231-f1a9-49cc-95e2-891afcddf6c2","ts":"2026-10-07T20:52:10.865-04:00","eventName":"n8n.node.started","message":"n8n.node.started","payload":{"workflowId":"PaLPAf3VhFN11mWP","workflowName":"chimueloBot","executionId":"3726","nodeType":"n8n-nodes-base.if","nodeName":"If","nodeId":"fce468f6-e692-43e8-a90c-29d403eaad22"}}
{"__type":"$$EventMessageConfirm","confirm":"dea61231-f1a9-49cc-95e2-891afcddf6c2","ts":"2026-10-07T20:52:10.865-04:00","source":{"id":"0","name":"eventBus"}}
{"__type":"$$EventMessageNode","id":"e69d30c7-4cf5-4ee6-b00b-c568682d8628","ts":"2026-10-07T20:52:10.867-04:00","eventName":"n8n.node.finished","message":"n8n.node.finished","payload":{"workflowId":"PaLPAf3VhFN11mWP","workflowName":"chimueloBot","executionId":"3726","nodeType":"n8n-nodes-base.if","nodeName":"If","nodeId":"fce468f6-e692-43e8-a90c-29d403eaad22"}}
{"__type":"$$EventMessageConfirm","confirm":"e69d30c7-4cf5-4ee6-b00b-c568682d8628","ts":"2026-10-07T20:52:10.867-04:00","source":{"id":"0","name":"eventBus"}}
{"__type":"$$EventMessageNode","id":"a7e501d6-544e-421f-bf28-891a6daa56ab","ts":"2026-10-07T20:52:10.867-04:00","eventName":"n8n.node.started","message":"n8n.node.started","payload":{"workflowId":"PaLPAf3VhFN11mWP","workflowName":"chimueloBot","executionId":"3726","nodeType":"n8n-nodes-base.if","nodeName":"If1","nodeId":"e019ba3d-6fff-4262-8bed-dfee6e3133d7"}}
{"__type":"$$EventMessageConfirm","confirm":"a7e501d6-544e-421f-bf28-891a6daa56ab","ts":"2026-10-07T20:52:10.867-04:00","source":{"id":"0","name":"eventBus"}}
{"__type":"$$EventMessageNode","id":"37f2f933-1d78-48e7-b709-13a44119f3c3","ts":"2026-10-07T20:52:10.869-04:00","eventName":"n8n.node.finished","message":"n8n.node.finished","payload":{"workflowId":"PaLPAf3VhFN11mWP","workflowName":"chimueloBot","executionId":"3726","nodeType":"n8n-nodes-base.if","nodeName":"If1","nodeId":"e019ba3d-6fff-4262-8bed-dfee6e3133d7"}}
{"__type":"$$EventMessageConfirm","confirm":"37f2f933-1d78-48e7-b709-13a44119f3c3","ts":"2026-10-07T20:52:10.869-04:00","source":{"id":"0","name":"eventBus"}}
{"__type":"$$EventMessageNode","id":"ed1e218b-a52a-491f-9288-bb3667851257","ts":"2026-10-07T20:52:10.869-04:00","eventName":"n8n.node.started","message":"n8n.node.started","payload":{"workflowId":"PaLPAf3VhFN11mWP","workflowName":"chimueloBot","executionId":"3726","nodeType":"n8n-nodes-base.if","nodeName":"If2","nodeId":"79a91f8d-afeb-4ddc-b6f8-3c9bb45fc216"}}
{"__type":"$$EventMessageConfirm","confirm":"ed1e218b-a52a-491f-9288-bb3667851257","ts":"2026-10-07T20:52:10.869-04:00","source":{"id":"0","name":"eventBus"}}
{"__type":"$$EventMessageNode","id":"b31feb59-8072-4a9d-9e9c-618614972111","ts":"2026-10-07T20:52:10.872-04:00","eventName":"n8n.node.finished","message":"n8n.node.finished","payload":{"workflowId":"PaLPAf3VhFN11mWP","workflowName":"chimueloBot","executionId":"3726","nodeType":"n8n-nodes-base.if","nodeName":"If2","nodeId":"79a91f8d-afeb-4ddc-b6f8-3c9bb45fc216"}}
{"__type":"$$EventMessageConfirm","confirm":"b31feb59-8072-4a9d-9e9c-618614972111","ts":"2026-10-07T20:52:10.872-04:00","source":{"id":"0","name":"eventBus"}}
{"__type":"$$EventMessageWorkflow","id":"33b8061f-a373-4789-926b-bc8316747e57","ts":"2026-10-07T20:52:10.872-04:00","eventName":"n8n.workflow.success","message":"n8n.workflow.success","payload":{"executionId":"3726","success":true,"isManual":false,"mode":"webhook","workflowId":"PaLPAf3VhFN11mWP","workflowName":"chimueloBot","projectId":"4cXhCbdLbVUJK3Dd","projectName":"Ramiro De Rogatis <ramirojavierderogatis@hotmail.com>"}}
{"__type":"$$EventMessageConfirm","confirm":"33b8061f-a373-4789-926b-bc8316747e57","ts":"2026-10-07T20:52:10.872-04:00","source":{"id":"0","name":"eventBus"}}
{"__type":"$$EventMessageAudit","id":"3eb5602e-4d07-4841-b712-c5548ddb30b6","ts":"2026-10-07T20:52:11.477-04:00","eventName":"n8n.audit.workflow.executed","message":"n8n.audit.workflow.executed","payload":{"workflowId":"PaLPAf3VhFN11mWP","workflowName":"chimueloBot","executionId":"3727","projectId":"4cXhCbdLbVUJK3Dd","projectName":"Ramiro De Rogatis <ramirojavierderogatis@hotmail.com>","source":"webhook"}}
{"__type":"$$EventMessageConfirm","confirm":"3eb5602e-4d07-4841-b712-c5548ddb30b6","ts":"2026-10-07T20:52:11.477-04:00","source":{"id":"0","name":"eventBus"}}
{"__type":"$$EventMessageWorkflow","id":"90bbeb74-0a66-4e4b-9c5e-5bb4a15b01f0","ts":"2026-10-07T20:52:11.477-04:00","eventName":"n8n.workflow.started","message":"n8n.workflow.started","payload":{"executionId":"3727","workflowId":"PaLPAf3VhFN11mWP","isManual":false,"mode":"webhook","workflowName":"chimueloBot","projectId":"4cXhCbdLbVUJK3Dd","projectName":"Ramiro De Rogatis <ramirojavierderogatis@hotmail.com>"}}
{"__type":"$$EventMessageConfirm","confirm":"90bbeb74-0a66-4e4b-9c5e-5bb4a15b01f0","ts":"2026-10-07T20:52:11.478-04:00","source":{"id":"0","name":"eventBus"}}
{"__type":"$$EventMessageNode","id":"4ec7b6b4-21d3-4d74-aa29-e5a42249b967","ts":"2026-10-07T20:52:11.478-04:00","eventName":"n8n.node.started","message":"n8n.node.started","payload":{"workflowId":"PaLPAf3VhFN11mWP","workflowName":"chimueloBot","executionId":"3727","nodeType":"n8n-nodes-base.webhook","nodeName":"Webhook","nodeId":"835eee2e-f5a8-41ae-8da8-c411adda2ef3"}}
{"__type":"$$EventMessageConfirm","confirm":"4ec7b6b4-21d3-4d74-aa29-e5a42249b967","ts":"2026-10-07T20:52:11.478-04:00","source":{"id":"0","name":"eventBus"}}
{"__type":"$$EventMessageNode","id":"5d09b35c-6a56-4db9-87c5-20f3dd60480e","ts":"2026-10-07T20:52:11.479-04:00","eventName":"n8n.node.finished","message":"n8n.node.finished","payload":{"workflowId":"PaLPAf3VhFN11mWP","workflowName":"chimueloBot","executionId":"3727","nodeType":"n8n-nodes-base.webhook","nodeName":"Webhook","nodeId":"835eee2e-f5a8-41ae-8da8-c411adda2ef3"}}
{"__type":"$$EventMessageConfirm","confirm":"5d09b35c-6a56-4db9-87c5-20f3dd60480e","ts":"2026-10-07T20:52:11.479-04:00","source":{"id":"0","name":"eventBus"}}
{"__type":"$$EventMessageNode","id":"1f608a06-425d-410f-82d5-f560ed416f1d","ts":"2026-10-07T20:52:11.479-04:00","eventName":"n8n.node.started","message":"n8n.node.started","payload":{"workflowId":"PaLPAf3VhFN11mWP","workflowName":"chimueloBot","executionId":"3727","nodeType":"n8n-nodes-base.if","nodeName":"If3","nodeId":"95b56f56-a35e-4d78-8c42-25353df18ded"}}
{"__type":"$$EventMessageConfirm","confirm":"1f608a06-425d-410f-82d5-f560ed416f1d","ts":"2026-10-07T20:52:11.479-04:00","source":{"id":"0","name":"eventBus"}}
{"__type":"$$EventMessageNode","id":"9a6565d9-4d89-4758-bbfe-9027a61958fa","ts":"2026-10-07T20:52:11.486-04:00","eventName":"n8n.node.finished","message":"n8n.node.finished","payload":{"workflowId":"PaLPAf3VhFN11mWP","workflowName":"chimueloBot","executionId":"3727","nodeType":"n8n-nodes-base.if","nodeName":"If3","nodeId":"95b56f56-a35e-4d78-8c42-25353df18ded"}}
{"__type":"$$EventMessageConfirm","confirm":"9a6565d9-4d89-4758-bbfe-9027a61958fa","ts":"2026-10-07T20:52:11.486-04:00","source":{"id":"0","name":"eventBus"}}
{"__type":"$$EventMessageNode","id":"402c320e-e0b8-47bb-948f-e379e7748339","ts":"2026-10-07T20:52:11.486-04:00","eventName":"n8n.node.started","message":"n8n.node.started","payload":{"workflowId":"PaLPAf3VhFN11mWP","workflowName":"chimueloBot","executionId":"3727","nodeType":"n8n-nodes-base.if","nodeName":"If","nodeId":"fce468f6-e692-43e8-a90c-29d403eaad22"}}
{"__type":"$$EventMessageConfirm","confirm":"402c320e-e0b8-47bb-948f-e379e7748339","ts":"2026-10-07T20:52:11.486-04:00","source":{"id":"0","name":"eventBus"}}
{"__type":"$$EventMessageNode","id":"ca4f6a33-6db2-4648-bd46-5269bc7b45b8","ts":"2026-10-07T20:52:11.488-04:00","eventName":"n8n.node.finished","message":"n8n.node.finished","payload":{"workflowId":"PaLPAf3VhFN11mWP","workflowName":"chimueloBot","executionId":"3727","nodeType":"n8n-nodes-base.if","nodeName":"If","nodeId":"fce468f6-e692-43e8-a90c-29d403eaad22"}}
{"__type":"$$EventMessageConfirm","confirm":"ca4f6a33-6db2-4648-bd46-5269bc7b45b8","ts":"2026-10-07T20:52:11.488-04:00","source":{"id":"0","name":"eventBus"}}
{"__type":"$$EventMessageNode","id":"0fa74ce2-b867-4f57-87a9-d9bafc1c855a","ts":"2026-10-07T20:52:11.488-04:00","eventName":"n8n.node.started","message":"n8n.node.started","payload":{"workflowId":"PaLPAf3VhFN11mWP","workflowName":"chimueloBot","executionId":"3727","nodeType":"n8n-nodes-base.if","nodeName":"If1","nodeId":"e019ba3d-6fff-4262-8bed-dfee6e3133d7"}}
{"__type":"$$EventMessageConfirm","confirm":"0fa74ce2-b867-4f57-87a9-d9bafc1c855a","ts":"2026-10-07T20:52:11.488-04:00","source":{"id":"0","name":"eventBus"}}
{"__type":"$$EventMessageNode","id":"5d2e0925-cdfe-4315-b5d1-f347aa9587ab","ts":"2026-10-07T20:52:11.490-04:00","eventName":"n8n.node.finished","message":"n8n.node.finished","payload":{"workflowId":"PaLPAf3VhFN11mWP","workflowName":"chimueloBot","executionId":"3727","nodeType":"n8n-nodes-base.if","nodeName":"If1","nodeId":"e019ba3d-6fff-4262-8bed-dfee6e3133d7"}}
{"__type":"$$EventMessageConfirm","confirm":"5d2e0925-cdfe-4315-b5d1-f347aa9587ab","ts":"2026-10-07T20:52:11.490-04:00","source":{"id":"0","name":"eventBus"}}
{"__type":"$$EventMessageNode","id":"ee7720cf-2f50-4c50-b499-14ac715b62b0","ts":"2026-10-07T20:52:11.490-04:00","eventName":"n8n.node.started","message":"n8n.node.started","payload":{"workflowId":"PaLPAf3VhFN11mWP","workflowName":"chimueloBot","executionId":"3727","nodeType":"n8n-nodes-base.if","nodeName":"If2","nodeId":"79a91f8d-afeb-4ddc-b6f8-3c9bb45fc216"}}
{"__type":"$$EventMessageConfirm","confirm":"ee7720cf-2f50-4c50-b499-14ac715b62b0","ts":"2026-10-07T20:52:11.490-04:00","source":{"id":"0","name":"eventBus"}}
{"__type":"$$EventMessageNode","id":"85195896-c9f5-481a-83c4-c07125cce030","ts":"2026-10-07T20:52:11.519-04:00","eventName":"n8n.node.finished","message":"n8n.node.finished","payload":{"workflowId":"PaLPAf3VhFN11mWP","workflowName":"chimueloBot","executionId":"3727","nodeType":"n8n-nodes-base.if","nodeName":"If2","nodeId":"79a91f8d-afeb-4ddc-b6f8-3c9bb45fc216"}}
{"__type":"$$EventMessageConfirm","confirm":"85195896-c9f5-481a-83c4-c07125cce030","ts":"2026-10-07T20:52:11.519-04:00","source":{"id":"0","name":"eventBus"}}
{"__type":"$$EventMessageWorkflow","id":"a5b28db1-6a0f-4aab-8252-3b154e572bf6","ts":"2026-10-07T20:52:11.519-04:00","eventName":"n8n.workflow.success","message":"n8n.workflow.success","payload":{"executionId":"3727","success":true,"isManual":false,"mode":"webhook","workflowId":"PaLPAf3VhFN11mWP","workflowName":"chimueloBot","projectId":"4cXhCbdLbVUJK3Dd","projectName":"Ramiro De Rogatis <ramirojavierderogatis@hotmail.com>"}}
{"__type":"$$EventMessageConfirm","confirm":"a5b28db1-6a0f-4aab-8252-3b154e572bf6","ts":"2026-10-07T20:52:11.519-04:00","source":{"id":"0","name":"eventBus"}}
{"__type":"$$EventMessageAudit","id":"de85264c-c2f2-4b27-b2c3-3703deee388c","ts":"2026-10-07T20:52:12.085-04:00","eventName":"n8n.audit.workflow.executed","message":"n8n.audit.workflow.executed","payload":{"workflowId":"PaLPAf3VhFN11mWP","workflowName":"chimueloBot","executionId":"3728","projectId":"4cXhCbdLbVUJK3Dd","projectName":"Ramiro De Rogatis <ramirojavierderogatis@hotmail.com>","source":"webhook"}}
{"__type":"$$EventMessageConfirm","confirm":"de85264c-c2f2-4b27-b2c3-3703deee388c","ts":"2026-10-07T20:52:12.085-04:00","source":{"id":"0","name":"eventBus"}}
{"__type":"$$EventMessageWorkflow","id":"d521a22d-75ce-495c-b011-1fbc1d24f7d8","ts":"2026-10-07T20:52:12.085-04:00","eventName":"n8n.workflow.started","message":"n8n.workflow.started","payload":{"executionId":"3728","workflowId":"PaLPAf3VhFN11mWP","isManual":false,"mode":"webhook","workflowName":"chimueloBot","projectId":"4cXhCbdLbVUJK3Dd","projectName":"Ramiro De Rogatis <ramirojavierderogatis@hotmail.com>"}}
{"__type":"$$EventMessageConfirm","confirm":"d521a22d-75ce-495c-b011-1fbc1d24f7d8","ts":"2026-10-07T20:52:12.085-04:00","source":{"id":"0","name":"eventBus"}}
{"__type":"$$EventMessageNode","id":"2d41aea5-8d69-48d8-b6bb-8a4734394b2b","ts":"2026-10-07T20:52:12.085-04:00","eventName":"n8n.node.started","message":"n8n.node.started","payload":{"workflowId":"PaLPAf3VhFN11mWP","workflowName":"chimueloBot","executionId":"3728","nodeType":"n8n-nodes-base.webhook","nodeName":"Webhook","nodeId":"835eee2e-f5a8-41ae-8da8-c411adda2ef3"}}
{"__type":"$$EventMessageConfirm","confirm":"2d41aea5-8d69-48d8-b6bb-8a4734394b2b","ts":"2026-10-07T20:52:12.085-04:00","source":{"id":"0","name":"eventBus"}}
{"__type":"$$EventMessageNode","id":"eafd995b-0541-4b7f-bc59-c4fe94c33b5e","ts":"2026-10-07T20:52:12.086-04:00","eventName":"n8n.node.finished","message":"n8n.node.finished","payload":{"workflowId":"PaLPAf3VhFN11mWP","workflowName":"chimueloBot","executionId":"3728","nodeType":"n8n-nodes-base.webhook","nodeName":"Webhook","nodeId":"835eee2e-f5a8-41ae-8da8-c411adda2ef3"}}
{"__type":"$$EventMessageConfirm","confirm":"eafd995b-0541-4b7f-bc59-c4fe94c33b5e","ts":"2026-10-07T20:52:12.086-04:00","source":{"id":"0","name":"eventBus"}}
{"__type":"$$EventMessageNode","id":"5ebfb4e9-10b3-43f5-90a4-61223b3638d2","ts":"2026-10-07T20:52:12.086-04:00","eventName":"n8n.node.started","message":"n8n.node.started","payload":{"workflowId":"PaLPAf3VhFN11mWP","workflowName":"chimueloBot","executionId":"3728","nodeType":"n8n-nodes-base.if","nodeName":"If3","nodeId":"95b56f56-a35e-4d78-8c42-25353df18ded"}}
{"__type":"$$EventMessageConfirm","confirm":"5ebfb4e9-10b3-43f5-90a4-61223b3638d2","ts":"2026-10-07T20:52:12.086-04:00","source":{"id":"0","name":"eventBus"}}
{"__type":"$$EventMessageNode","id":"66be08a8-4d30-49e4-ae2a-8c0099218729","ts":"2026-10-07T20:52:12.093-04:00","eventName":"n8n.node.finished","message":"n8n.node.finished","payload":{"workflowId":"PaLPAf3VhFN11mWP","workflowName":"chimueloBot","executionId":"3728","nodeType":"n8n-nodes-base.if","nodeName":"If3","nodeId":"95b56f56-a35e-4d78-8c42-25353df18ded"}}
{"__type":"$$EventMessageConfirm","confirm":"66be08a8-4d30-49e4-ae2a-8c0099218729","ts":"2026-10-07T20:52:12.093-04:00","source":{"id":"0","name":"eventBus"}}
{"__type":"$$EventMessageNode","id":"69d494a7-70c9-4868-8b5a-8bddcb77e594","ts":"2026-10-07T20:52:12.093-04:00","eventName":"n8n.node.started","message":"n8n.node.started","payload":{"workflowId":"PaLPAf3VhFN11mWP","workflowName":"chimueloBot","executionId":"3728","nodeType":"n8n-nodes-base.if","nodeName":"If","nodeId":"fce468f6-e692-43e8-a90c-29d403eaad22"}}
{"__type":"$$EventMessageConfirm","confirm":"69d494a7-70c9-4868-8b5a-8bddcb77e594","ts":"2026-10-07T20:52:12.093-04:00","source":{"id":"0","name":"eventBus"}}
{"__type":"$$EventMessageNode","id":"7dbc8d8f-89aa-4f1e-b438-5467bffae30b","ts":"2026-10-07T20:52:12.095-04:00","eventName":"n8n.node.finished","message":"n8n.node.finished","payload":{"workflowId":"PaLPAf3VhFN11mWP","workflowName":"chimueloBot","executionId":"3728","nodeType":"n8n-nodes-base.if","nodeName":"If","nodeId":"fce468f6-e692-43e8-a90c-29d403eaad22"}}
{"__type":"$$EventMessageConfirm","confirm":"7dbc8d8f-89aa-4f1e-b438-5467bffae30b","ts":"2026-10-07T20:52:12.095-04:00","source":{"id":"0","name":"eventBus"}}
{"__type":"$$EventMessageNode","id":"bbf43892-ed4a-4e22-a48c-97a5d9c76312","ts":"2026-10-07T20:52:12.095-04:00","eventName":"n8n.node.started","message":"n8n.node.started","payload":{"workflowId":"PaLPAf3VhFN11mWP","workflowName":"chimueloBot","executionId":"3728","nodeType":"n8n-nodes-base.if","nodeName":"If1","nodeId":"e019ba3d-6fff-4262-8bed-dfee6e3133d7"}}
{"__type":"$$EventMessageConfirm","confirm":"bbf43892-ed4a-4e22-a48c-97a5d9c76312","ts":"2026-10-07T20:52:12.095-04:00","source":{"id":"0","name":"eventBus"}}
{"__type":"$$EventMessageNode","id":"2f36b310-6cb4-4d51-aa70-5b5f37ee924b","ts":"2026-10-07T20:52:12.097-04:00","eventName":"n8n.node.finished","message":"n8n.node.finished","payload":{"workflowId":"PaLPAf3VhFN11mWP","workflowName":"chimueloBot","executionId":"3728","nodeType":"n8n-nodes-base.if","nodeName":"If1","nodeId":"e019ba3d-6fff-4262-8bed-dfee6e3133d7"}}
{"__type":"$$EventMessageConfirm","confirm":"2f36b310-6cb4-4d51-aa70-5b5f37ee924b","ts":"2026-10-07T20:52:12.097-04:00","source":{"id":"0","name":"eventBus"}}
{"__type":"$$EventMessageNode","id":"4986b170-d40c-4304-a8a1-3c4f0e752186","ts":"2026-10-07T20:52:12.097-04:00","eventName":"n8n.node.started","message":"n8n.node.started","payload":{"workflowId":"PaLPAf3VhFN11mWP","workflowName":"chimueloBot","executionId":"3728","nodeType":"n8n-nodes-base.if","nodeName":"If2","nodeId":"79a91f8d-afeb-4ddc-b6f8-3c9bb45fc216"}}
{"__type":"$$EventMessageConfirm","confirm":"4986b170-d40c-4304-a8a1-3c4f0e752186","ts":"2026-10-07T20:52:12.097-04:00","source":{"id":"0","name":"eventBus"}}
{"__type":"$$EventMessageNode","id":"b69d5978-03af-4963-83de-d53a64d95dc6","ts":"2026-10-07T20:52:12.101-04:00","eventName":"n8n.node.finished","message":"n8n.node.finished","payload":{"workflowId":"PaLPAf3VhFN11mWP","workflowName":"chimueloBot","executionId":"3728","nodeType":"n8n-nodes-base.if","nodeName":"If2","nodeId":"79a91f8d-afeb-4ddc-b6f8-3c9bb45fc216"}}
{"__type":"$$EventMessageConfirm","confirm":"b69d5978-03af-4963-83de-d53a64d95dc6","ts":"2026-10-07T20:52:12.101-04:00","source":{"id":"0","name":"eventBus"}}
{"__type":"$$EventMessageWorkflow","id":"1a210c79-6174-4ee1-b286-faa816626e69","ts":"2026-10-07T20:52:12.101-04:00","eventName":"n8n.workflow.success","message":"n8n.workflow.success","payload":{"executionId":"3728","success":true,"isManual":false,"mode":"webhook","workflowId":"PaLPAf3VhFN11mWP","workflowName":"chimueloBot","projectId":"4cXhCbdLbVUJK3Dd","projectName":"Ramiro De Rogatis <ramirojavierderogatis@hotmail.com>"}}
{"__type":"$$EventMessageConfirm","confirm":"1a210c79-6174-4ee1-b286-faa816626e69","ts":"2026-10-07T20:52:12.101-04:00","source":{"id":"0","name":"eventBus"}}
{"__type":"$$EventMessageAudit","id":"dd6fabdf-7403-4bc1-8ec1-5967ab539219","ts":"2026-10-07T20:52:12.702-04:00","eventName":"n8n.audit.workflow.executed","message":"n8n.audit.workflow.executed","payload":{"workflowId":"PaLPAf3VhFN11mWP","workflowName":"chimueloBot","executionId":"3729","projectId":"4cXhCbdLbVUJK3Dd","projectName":"Ramiro De Rogatis <ramirojavierderogatis@hotmail.com>","source":"webhook"}}
{"__type":"$$EventMessageConfirm","confirm":"dd6fabdf-7403-4bc1-8ec1-5967ab539219","ts":"2026-10-07T20:52:12.703-04:00","source":{"id":"0","name":"eventBus"}}
{"__type":"$$EventMessageWorkflow","id":"cea094e6-874b-4e3b-b17f-a05c1050c3ae","ts":"2026-10-07T20:52:12.703-04:00","eventName":"n8n.workflow.started","message":"n8n.workflow.started","payload":{"executionId":"3729","workflowId":"PaLPAf3VhFN11mWP","isManual":false,"mode":"webhook","workflowName":"chimueloBot","projectId":"4cXhCbdLbVUJK3Dd","projectName":"Ramiro De Rogatis <ramirojavierderogatis@hotmail.com>"}}
{"__type":"$$EventMessageConfirm","confirm":"cea094e6-874b-4e3b-b17f-a05c1050c3ae","ts":"2026-10-07T20:52:12.703-04:00","source":{"id":"0","name":"eventBus"}}
{"__type":"$$EventMessageNode","id":"72620d62-3d97-47cc-9722-5663bc2d9abe","ts":"2026-10-07T20:52:12.704-04:00","eventName":"n8n.node.started","message":"n8n.node.started","payload":{"workflowId":"PaLPAf3VhFN11mWP","workflowName":"chimueloBot","executionId":"3729","nodeType":"n8n-nodes-base.webhook","nodeName":"Webhook","nodeId":"835eee2e-f5a8-41ae-8da8-c411adda2ef3"}}
{"__type":"$$EventMessageConfirm","confirm":"72620d62-3d97-47cc-9722-5663bc2d9abe","ts":"2026-10-07T20:52:12.704-04:00","source":{"id":"0","name":"eventBus"}}
{"__type":"$$EventMessageNode","id":"95efc082-5232-4208-9f2b-411ad3954b46","ts":"2026-10-07T20:52:12.704-04:00","eventName":"n8n.node.finished","message":"n8n.node.finished","payload":{"workflowId":"PaLPAf3VhFN11mWP","workflowName":"chimueloBot","executionId":"3729","nodeType":"n8n-nodes-base.webhook","nodeName":"Webhook","nodeId":"835eee2e-f5a8-41ae-8da8-c411adda2ef3"}}
{"__type":"$$EventMessageConfirm","confirm":"95efc082-5232-4208-9f2b-411ad3954b46","ts":"2026-10-07T20:52:12.704-04:00","source":{"id":"0","name":"eventBus"}}
{"__type":"$$EventMessageNode","id":"6bda95b2-0952-49e6-8bc6-c3034d5f70bf","ts":"2026-10-07T20:52:12.704-04:00","eventName":"n8n.node.started","message":"n8n.node.started","payload":{"workflowId":"PaLPAf3VhFN11mWP","workflowName":"chimueloBot","executionId":"3729","nodeType":"n8n-nodes-base.if","nodeName":"If3","nodeId":"95b56f56-a35e-4d78-8c42-25353df18ded"}}
{"__type":"$$EventMessageConfirm","confirm":"6bda95b2-0952-49e6-8bc6-c3034d5f70bf","ts":"2026-10-07T20:52:12.704-04:00","source":{"id":"0","name":"eventBus"}}
{"__type":"$$EventMessageNode","id":"a7771767-90be-4ee2-833f-4975aa7abad6","ts":"2026-10-07T20:52:12.712-04:00","eventName":"n8n.node.finished","message":"n8n.node.finished","payload":{"workflowId":"PaLPAf3VhFN11mWP","workflowName":"chimueloBot","executionId":"3729","nodeType":"n8n-nodes-base.if","nodeName":"If3","nodeId":"95b56f56-a35e-4d78-8c42-25353df18ded"}}
{"__type":"$$EventMessageConfirm","confirm":"a7771767-90be-4ee2-833f-4975aa7abad6","ts":"2026-10-07T20:52:12.712-04:00","source":{"id":"0","name":"eventBus"}}
{"__type":"$$EventMessageNode","id":"90902ece-9192-4eb7-8f5e-9a113369f26b","ts":"2026-10-07T20:52:12.712-04:00","eventName":"n8n.node.started","message":"n8n.node.started","payload":{"workflowId":"PaLPAf3VhFN11mWP","workflowName":"chimueloBot","executionId":"3729","nodeType":"n8n-nodes-base.if","nodeName":"If","nodeId":"fce468f6-e692-43e8-a90c-29d403eaad22"}}
{"__type":"$$EventMessageConfirm","confirm":"90902ece-9192-4eb7-8f5e-9a113369f26b","ts":"2026-10-07T20:52:12.712-04:00","source":{"id":"0","name":"eventBus"}}
{"__type":"$$EventMessageNode","id":"e0eb3218-b154-4c3d-9466-6ebb8e34ccdc","ts":"2026-10-07T20:52:12.714-04:00","eventName":"n8n.node.finished","message":"n8n.node.finished","payload":{"workflowId":"PaLPAf3VhFN11mWP","workflowName":"chimueloBot","executionId":"3729","nodeType":"n8n-nodes-base.if","nodeName":"If","nodeId":"fce468f6-e692-43e8-a90c-29d403eaad22"}}
{"__type":"$$EventMessageConfirm","confirm":"e0eb3218-b154-4c3d-9466-6ebb8e34ccdc","ts":"2026-10-07T20:52:12.714-04:00","source":{"id":"0","name":"eventBus"}}
{"__type":"$$EventMessageNode","id":"d9494263-4d62-4572-a504-da6b6e4c2071","ts":"2026-10-07T20:52:12.714-04:00","eventName":"n8n.node.started","message":"n8n.node.started","payload":{"workflowId":"PaLPAf3VhFN11mWP","workflowName":"chimueloBot","executionId":"3729","nodeType":"n8n-nodes-base.if","nodeName":"If1","nodeId":"e019ba3d-6fff-4262-8bed-dfee6e3133d7"}}
{"__type":"$$EventMessageConfirm","confirm":"d9494263-4d62-4572-a504-da6b6e4c2071","ts":"2026-10-07T20:52:12.715-04:00","source":{"id":"0","name":"eventBus"}}
{"__type":"$$EventMessageNode","id":"b858578a-a471-4cc8-88d9-168be5bdc352","ts":"2026-10-07T20:52:12.717-04:00","eventName":"n8n.node.finished","message":"n8n.node.finished","payload":{"workflowId":"PaLPAf3VhFN11mWP","workflowName":"chimueloBot","executionId":"3729","nodeType":"n8n-nodes-base.if","nodeName":"If1","nodeId":"e019ba3d-6fff-4262-8bed-dfee6e3133d7"}}
{"__type":"$$EventMessageConfirm","confirm":"b858578a-a471-4cc8-88d9-168be5bdc352","ts":"2026-10-07T20:52:12.717-04:00","source":{"id":"0","name":"eventBus"}}
{"__type":"$$EventMessageNode","id":"73eb6b56-4feb-437a-9db1-0ef9622c18c2","ts":"2026-10-07T20:52:12.718-04:00","eventName":"n8n.node.started","message":"n8n.node.started","payload":{"workflowId":"PaLPAf3VhFN11mWP","workflowName":"chimueloBot","executionId":"3729","nodeType":"n8n-nodes-base.if","nodeName":"If2","nodeId":"79a91f8d-afeb-4ddc-b6f8-3c9bb45fc216"}}
{"__type":"$$EventMessageConfirm","confirm":"73eb6b56-4feb-437a-9db1-0ef9622c18c2","ts":"2026-10-07T20:52:12.718-04:00","source":{"id":"0","name":"eventBus"}}
{"__type":"$$EventMessageNode","id":"4ad7a4ce-85ee-463e-bf83-781253612e77","ts":"2026-10-07T20:52:12.722-04:00","eventName":"n8n.node.finished","message":"n8n.node.finished","payload":{"workflowId":"PaLPAf3VhFN11mWP","workflowName":"chimueloBot","executionId":"3729","nodeType":"n8n-nodes-base.if","nodeName":"If2","nodeId":"79a91f8d-afeb-4ddc-b6f8-3c9bb45fc216"}}
{"__type":"$$EventMessageConfirm","confirm":"4ad7a4ce-85ee-463e-bf83-781253612e77","ts":"2026-10-07T20:52:12.722-04:00","source":{"id":"0","name":"eventBus"}}
{"__type":"$$EventMessageWorkflow","id":"903dfa8e-6a34-4696-ad06-d6be4fc2b2cb","ts":"2026-10-07T20:52:12.722-04:00","eventName":"n8n.workflow.success","message":"n8n.workflow.success","payload":{"executionId":"3729","success":true,"isManual":false,"mode":"webhook","workflowId":"PaLPAf3VhFN11mWP","workflowName":"chimueloBot","projectId":"4cXhCbdLbVUJK3Dd","projectName":"Ramiro De Rogatis <ramirojavierderogatis@hotmail.com>"}}
{"__type":"$$EventMessageConfirm","confirm":"903dfa8e-6a34-4696-ad06-d6be4fc2b2cb","ts":"2026-10-07T20:52:12.722-04:00","source":{"id":"0","name":"eventBus"}}
{"__type":"$$EventMessageAudit","id":"ce07718f-052e-4d36-a6fc-db6ab93eb597","ts":"2026-10-07T20:52:13.326-04:00","eventName":"n8n.audit.workflow.executed","message":"n8n.audit.workflow.executed","payload":{"workflowId":"PaLPAf3VhFN11mWP","workflowName":"chimueloBot","executionId":"3730","projectId":"4cXhCbdLbVUJK3Dd","projectName":"Ramiro De Rogatis <ramirojavierderogatis@hotmail.com>","source":"webhook"}}
{"__type":"$$EventMessageConfirm","confirm":"ce07718f-052e-4d36-a6fc-db6ab93eb597","ts":"2026-10-07T20:52:13.326-04:00","source":{"id":"0","name":"eventBus"}}
{"__type":"$$EventMessageWorkflow","id":"549885da-c7da-4148-8744-cc94ad5a702e","ts":"2026-10-07T20:52:13.327-04:00","eventName":"n8n.workflow.started","message":"n8n.workflow.started","payload":{"executionId":"3730","workflowId":"PaLPAf3VhFN11mWP","isManual":false,"mode":"webhook","workflowName":"chimueloBot","projectId":"4cXhCbdLbVUJK3Dd","projectName":"Ramiro De Rogatis <ramirojavierderogatis@hotmail.com>"}}
{"__type":"$$EventMessageConfirm","confirm":"549885da-c7da-4148-8744-cc94ad5a702e","ts":"2026-10-07T20:52:13.327-04:00","source":{"id":"0","name":"eventBus"}}
{"__type":"$$EventMessageNode","id":"9739f0e5-0b06-42fc-9a2e-9f05a228e8c3","ts":"2026-10-07T20:52:13.327-04:00","eventName":"n8n.node.started","message":"n8n.node.started","payload":{"workflowId":"PaLPAf3VhFN11mWP","workflowName":"chimueloBot","executionId":"3730","nodeType":"n8n-nodes-base.webhook","nodeName":"Webhook","nodeId":"835eee2e-f5a8-41ae-8da8-c411adda2ef3"}}
{"__type":"$$EventMessageConfirm","confirm":"9739f0e5-0b06-42fc-9a2e-9f05a228e8c3","ts":"2026-10-07T20:52:13.327-04:00","source":{"id":"0","name":"eventBus"}}
{"__type":"$$EventMessageNode","id":"f30e4545-bfeb-419d-82ad-b16827e6b3a2","ts":"2026-10-07T20:52:13.328-04:00","eventName":"n8n.node.finished","message":"n8n.node.finished","payload":{"workflowId":"PaLPAf3VhFN11mWP","workflowName":"chimueloBot","executionId":"3730","nodeType":"n8n-nodes-base.webhook","nodeName":"Webhook","nodeId":"835eee2e-f5a8-41ae-8da8-c411adda2ef3"}}
{"__type":"$$EventMessageConfirm","confirm":"f30e4545-bfeb-419d-82ad-b16827e6b3a2","ts":"2026-10-07T20:52:13.328-04:00","source":{"id":"0","name":"eventBus"}}
{"__type":"$$EventMessageNode","id":"3b16d379-aeb7-4fb8-8d6f-a12f821d3ab1","ts":"2026-10-07T20:52:13.328-04:00","eventName":"n8n.node.started","message":"n8n.node.started","payload":{"workflowId":"PaLPAf3VhFN11mWP","workflowName":"chimueloBot","executionId":"3730","nodeType":"n8n-nodes-base.if","nodeName":"If3","nodeId":"95b56f56-a35e-4d78-8c42-25353df18ded"}}
{"__type":"$$EventMessageConfirm","confirm":"3b16d379-aeb7-4fb8-8d6f-a12f821d3ab1","ts":"2026-10-07T20:52:13.328-04:00","source":{"id":"0","name":"eventBus"}}
{"__type":"$$EventMessageNode","id":"ac9ed58d-b9bf-4c4e-83e1-77ffba45d68d","ts":"2026-10-07T20:52:13.335-04:00","eventName":"n8n.node.finished","message":"n8n.node.finished","payload":{"workflowId":"PaLPAf3VhFN11mWP","workflowName":"chimueloBot","executionId":"3730","nodeType":"n8n-nodes-base.if","nodeName":"If3","nodeId":"95b56f56-a35e-4d78-8c42-25353df18ded"}}
{"__type":"$$EventMessageConfirm","confirm":"ac9ed58d-b9bf-4c4e-83e1-77ffba45d68d","ts":"2026-10-07T20:52:13.335-04:00","source":{"id":"0","name":"eventBus"}}
{"__type":"$$EventMessageNode","id":"ca3c76ff-54d0-4676-9046-64d091f50fb8","ts":"2026-10-07T20:52:13.335-04:00","eventName":"n8n.node.started","message":"n8n.node.started","payload":{"workflowId":"PaLPAf3VhFN11mWP","workflowName":"chimueloBot","executionId":"3730","nodeType":"n8n-nodes-base.if","nodeName":"If","nodeId":"fce468f6-e692-43e8-a90c-29d403eaad22"}}
{"__type":"$$EventMessageConfirm","confirm":"ca3c76ff-54d0-4676-9046-64d091f50fb8","ts":"2026-10-07T20:52:13.335-04:00","source":{"id":"0","name":"eventBus"}}
{"__type":"$$EventMessageNode","id":"f172439f-4264-44ce-8110-508275a3be57","ts":"2026-10-07T20:52:13.337-04:00","eventName":"n8n.node.finished","message":"n8n.node.finished","payload":{"workflowId":"PaLPAf3VhFN11mWP","workflowName":"chimueloBot","executionId":"3730","nodeType":"n8n-nodes-base.if","nodeName":"If","nodeId":"fce468f6-e692-43e8-a90c-29d403eaad22"}}
{"__type":"$$EventMessageConfirm","confirm":"f172439f-4264-44ce-8110-508275a3be57","ts":"2026-10-07T20:52:13.337-04:00","source":{"id":"0","name":"eventBus"}}
{"__type":"$$EventMessageNode","id":"22cbdc9b-b0d7-4bda-a104-eb59d56b9148","ts":"2026-10-07T20:52:13.337-04:00","eventName":"n8n.node.started","message":"n8n.node.started","payload":{"workflowId":"PaLPAf3VhFN11mWP","workflowName":"chimueloBot","executionId":"3730","nodeType":"n8n-nodes-base.if","nodeName":"If1","nodeId":"e019ba3d-6fff-4262-8bed-dfee6e3133d7"}}
{"__type":"$$EventMessageConfirm","confirm":"22cbdc9b-b0d7-4bda-a104-eb59d56b9148","ts":"2026-10-07T20:52:13.337-04:00","source":{"id":"0","name":"eventBus"}}
{"__type":"$$EventMessageNode","id":"7571545b-b338-4759-a92d-7b58e28483f2","ts":"2026-10-07T20:52:13.339-04:00","eventName":"n8n.node.finished","message":"n8n.node.finished","payload":{"workflowId":"PaLPAf3VhFN11mWP","workflowName":"chimueloBot","executionId":"3730","nodeType":"n8n-nodes-base.if","nodeName":"If1","nodeId":"e019ba3d-6fff-4262-8bed-dfee6e3133d7"}}
{"__type":"$$EventMessageConfirm","confirm":"7571545b-b338-4759-a92d-7b58e28483f2","ts":"2026-10-07T20:52:13.339-04:00","source":{"id":"0","name":"eventBus"}}
{"__type":"$$EventMessageNode","id":"c1f6e17a-0cf7-4f2d-9a17-b6acf8055d38","ts":"2026-10-07T20:52:13.339-04:00","eventName":"n8n.node.started","message":"n8n.node.started","payload":{"workflowId":"PaLPAf3VhFN11mWP","workflowName":"chimueloBot","executionId":"3730","nodeType":"n8n-nodes-base.if","nodeName":"If2","nodeId":"79a91f8d-afeb-4ddc-b6f8-3c9bb45fc216"}}
{"__type":"$$EventMessageConfirm","confirm":"c1f6e17a-0cf7-4f2d-9a17-b6acf8055d38","ts":"2026-10-07T20:52:13.339-04:00","source":{"id":"0","name":"eventBus"}}
{"__type":"$$EventMessageNode","id":"68ee64aa-82f1-4513-ad72-9c9f3e24c717","ts":"2026-10-07T20:52:13.342-04:00","eventName":"n8n.node.finished","message":"n8n.node.finished","payload":{"workflowId":"PaLPAf3VhFN11mWP","workflowName":"chimueloBot","executionId":"3730","nodeType":"n8n-nodes-base.if","nodeName":"If2","nodeId":"79a91f8d-afeb-4ddc-b6f8-3c9bb45fc216"}}
{"__type":"$$EventMessageConfirm","confirm":"68ee64aa-82f1-4513-ad72-9c9f3e24c717","ts":"2026-10-07T20:52:13.343-04:00","source":{"id":"0","name":"eventBus"}}
{"__type":"$$EventMessageWorkflow","id":"ad16afd1-3adf-4ebe-ac02-ffe9f73edbb4","ts":"2026-10-07T20:52:13.343-04:00","eventName":"n8n.workflow.success","message":"n8n.workflow.success","payload":{"executionId":"3730","success":true,"isManual":false,"mode":"webhook","workflowId":"PaLPAf3VhFN11mWP","workflowName":"chimueloBot","projectId":"4cXhCbdLbVUJK3Dd","projectName":"Ramiro De Rogatis <ramirojavierderogatis@hotmail.com>"}}
{"__type":"$$EventMessageConfirm","confirm":"ad16afd1-3adf-4ebe-ac02-ffe9f73edbb4","ts":"2026-10-07T20:52:13.343-04:00","source":{"id":"0","name":"eventBus"}}
{"__type":"$$EventMessageAudit","id":"fbab7641-02ca-498d-a380-21e7e15fb2a6","ts":"2026-10-07T20:52:13.951-04:00","eventName":"n8n.audit.workflow.executed","message":"n8n.audit.workflow.executed","payload":{"workflowId":"PaLPAf3VhFN11mWP","workflowName":"chimueloBot","executionId":"3731","projectId":"4cXhCbdLbVUJK3Dd","projectName":"Ramiro De Rogatis <ramirojavierderogatis@hotmail.com>","source":"webhook"}}
{"__type":"$$EventMessageConfirm","confirm":"fbab7641-02ca-498d-a380-21e7e15fb2a6","ts":"2026-10-07T20:52:13.952-04:00","source":{"id":"0","name":"eventBus"}}
{"__type":"$$EventMessageWorkflow","id":"b16bea04-2a11-4368-b9ff-dac7d33b1fb4","ts":"2026-10-07T20:52:13.952-04:00","eventName":"n8n.workflow.started","message":"n8n.workflow.started","payload":{"executionId":"3731","workflowId":"PaLPAf3VhFN11mWP","isManual":false,"mode":"webhook","workflowName":"chimueloBot","projectId":"4cXhCbdLbVUJK3Dd","projectName":"Ramiro De Rogatis <ramirojavierderogatis@hotmail.com>"}}
{"__type":"$$EventMessageConfirm","confirm":"b16bea04-2a11-4368-b9ff-dac7d33b1fb4","ts":"2026-10-07T20:52:13.952-04:00","source":{"id":"0","name":"eventBus"}}
{"__type":"$$EventMessageNode","id":"fb06df03-6ddb-4f36-a961-25ed5241f7f9","ts":"2026-10-07T20:52:13.952-04:00","eventName":"n8n.node.started","message":"n8n.node.started","payload":{"workflowId":"PaLPAf3VhFN11mWP","workflowName":"chimueloBot","executionId":"3731","nodeType":"n8n-nodes-base.webhook","nodeName":"Webhook","nodeId":"835eee2e-f5a8-41ae-8da8-c411adda2ef3"}}
{"__type":"$$EventMessageConfirm","confirm":"fb06df03-6ddb-4f36-a961-25ed5241f7f9","ts":"2026-10-07T20:52:13.953-04:00","source":{"id":"0","name":"eventBus"}}
{"__type":"$$EventMessageNode","id":"ef5ef1d1-d617-4a03-b4fb-2c3b50dbb720","ts":"2026-10-07T20:52:13.953-04:00","eventName":"n8n.node.finished","message":"n8n.node.finished","payload":{"workflowId":"PaLPAf3VhFN11mWP","workflowName":"chimueloBot","executionId":"3731","nodeType":"n8n-nodes-base.webhook","nodeName":"Webhook","nodeId":"835eee2e-f5a8-41ae-8da8-c411adda2ef3"}}
{"__type":"$$EventMessageConfirm","confirm":"ef5ef1d1-d617-4a03-b4fb-2c3b50dbb720","ts":"2026-10-07T20:52:13.953-04:00","source":{"id":"0","name":"eventBus"}}
{"__type":"$$EventMessageNode","id":"91e7e9b3-af83-40e9-ba3d-045f6f511149","ts":"2026-10-07T20:52:13.953-04:00","eventName":"n8n.node.started","message":"n8n.node.started","payload":{"workflowId":"PaLPAf3VhFN11mWP","workflowName":"chimueloBot","executionId":"3731","nodeType":"n8n-nodes-base.if","nodeName":"If3","nodeId":"95b56f56-a35e-4d78-8c42-25353df18ded"}}
{"__type":"$$EventMessageConfirm","confirm":"91e7e9b3-af83-40e9-ba3d-045f6f511149","ts":"2026-10-07T20:52:13.953-04:00","source":{"id":"0","name":"eventBus"}}
{"__type":"$$EventMessageNode","id":"f2b6d6b5-d874-4216-b609-75fe4f4c59f9","ts":"2026-10-07T20:52:13.961-04:00","eventName":"n8n.node.finished","message":"n8n.node.finished","payload":{"workflowId":"PaLPAf3VhFN11mWP","workflowName":"chimueloBot","executionId":"3731","nodeType":"n8n-nodes-base.if","nodeName":"If3","nodeId":"95b56f56-a35e-4d78-8c42-25353df18ded"}}
{"__type":"$$EventMessageConfirm","confirm":"f2b6d6b5-d874-4216-b609-75fe4f4c59f9","ts":"2026-10-07T20:52:13.961-04:00","source":{"id":"0","name":"eventBus"}}
{"__type":"$$EventMessageNode","id":"843bd22f-be68-4717-8a46-b5c55d69918c","ts":"2026-10-07T20:52:13.961-04:00","eventName":"n8n.node.started","message":"n8n.node.started","payload":{"workflowId":"PaLPAf3VhFN11mWP","workflowName":"chimueloBot","executionId":"3731","nodeType":"n8n-nodes-base.if","nodeName":"If","nodeId":"fce468f6-e692-43e8-a90c-29d403eaad22"}}
{"__type":"$$EventMessageConfirm","confirm":"843bd22f-be68-4717-8a46-b5c55d69918c","ts":"2026-10-07T20:52:13.961-04:00","source":{"id":"0","name":"eventBus"}}
{"__type":"$$EventMessageNode","id":"3a460adf-ad53-4e6a-a07e-903f641ff5fd","ts":"2026-10-07T20:52:13.963-04:00","eventName":"n8n.node.finished","message":"n8n.node.finished","payload":{"workflowId":"PaLPAf3VhFN11mWP","workflowName":"chimueloBot","executionId":"3731","nodeType":"n8n-nodes-base.if","nodeName":"If","nodeId":"fce468f6-e692-43e8-a90c-29d403eaad22"}}
{"__type":"$$EventMessageConfirm","confirm":"3a460adf-ad53-4e6a-a07e-903f641ff5fd","ts":"2026-10-07T20:52:13.963-04:00","source":{"id":"0","name":"eventBus"}}
{"__type":"$$EventMessageNode","id":"30e2b01c-71f3-4591-9aef-b92be6f046aa","ts":"2026-10-07T20:52:13.963-04:00","eventName":"n8n.node.started","message":"n8n.node.started","payload":{"workflowId":"PaLPAf3VhFN11mWP","workflowName":"chimueloBot","executionId":"3731","nodeType":"n8n-nodes-base.if","nodeName":"If1","nodeId":"e019ba3d-6fff-4262-8bed-dfee6e3133d7"}}
{"__type":"$$EventMessageConfirm","confirm":"30e2b01c-71f3-4591-9aef-b92be6f046aa","ts":"2026-10-07T20:52:13.963-04:00","source":{"id":"0","name":"eventBus"}}
{"__type":"$$EventMessageNode","id":"af83fbff-54df-41ad-99e6-6ea667842a61","ts":"2026-10-07T20:52:13.965-04:00","eventName":"n8n.node.finished","message":"n8n.node.finished","payload":{"workflowId":"PaLPAf3VhFN11mWP","workflowName":"chimueloBot","executionId":"3731","nodeType":"n8n-nodes-base.if","nodeName":"If1","nodeId":"e019ba3d-6fff-4262-8bed-dfee6e3133d7"}}
{"__type":"$$EventMessageConfirm","confirm":"af83fbff-54df-41ad-99e6-6ea667842a61","ts":"2026-10-07T20:52:13.965-04:00","source":{"id":"0","name":"eventBus"}}
{"__type":"$$EventMessageNode","id":"7cc0eedd-96db-49fd-a750-f5447b079acc","ts":"2026-10-07T20:52:13.966-04:00","eventName":"n8n.node.started","message":"n8n.node.started","payload":{"workflowId":"PaLPAf3VhFN11mWP","workflowName":"chimueloBot","executionId":"3731","nodeType":"n8n-nodes-base.if","nodeName":"If2","nodeId":"79a91f8d-afeb-4ddc-b6f8-3c9bb45fc216"}}
{"__type":"$$EventMessageConfirm","confirm":"7cc0eedd-96db-49fd-a750-f5447b079acc","ts":"2026-10-07T20:52:13.966-04:00","source":{"id":"0","name":"eventBus"}}
{"__type":"$$EventMessageNode","id":"3f2aadde-4901-402e-9f2f-35a1245208c9","ts":"2026-10-07T20:52:13.969-04:00","eventName":"n8n.node.finished","message":"n8n.node.finished","payload":{"workflowId":"PaLPAf3VhFN11mWP","workflowName":"chimueloBot","executionId":"3731","nodeType":"n8n-nodes-base.if","nodeName":"If2","nodeId":"79a91f8d-afeb-4ddc-b6f8-3c9bb45fc216"}}
{"__type":"$$EventMessageConfirm","confirm":"3f2aadde-4901-402e-9f2f-35a1245208c9","ts":"2026-10-07T20:52:13.969-04:00","source":{"id":"0","name":"eventBus"}}
{"__type":"$$EventMessageWorkflow","id":"b922bddb-30d5-4ad0-bf08-1afbf3a6be30","ts":"2026-10-07T20:52:13.970-04:00","eventName":"n8n.workflow.success","message":"n8n.workflow.success","payload":{"executionId":"3731","success":true,"isManual":false,"mode":"webhook","workflowId":"PaLPAf3VhFN11mWP","workflowName":"chimueloBot","projectId":"4cXhCbdLbVUJK3Dd","projectName":"Ramiro De Rogatis <ramirojavierderogatis@hotmail.com>"}}
{"__type":"$$EventMessageConfirm","confirm":"b922bddb-30d5-4ad0-bf08-1afbf3a6be30","ts":"2026-10-07T20:52:13.970-04:00","source":{"id":"0","name":"eventBus"}}
{"__type":"$$EventMessageAudit","id":"afeb02f6-8a1f-4f55-adb7-3d930379c687","ts":"2026-10-07T20:52:14.555-04:00","eventName":"n8n.audit.workflow.executed","message":"n8n.audit.workflow.executed","payload":{"workflowId":"PaLPAf3VhFN11mWP","workflowName":"chimueloBot","executionId":"3732","projectId":"4cXhCbdLbVUJK3Dd","projectName":"Ramiro De Rogatis <ramirojavierderogatis@hotmail.com>","source":"webhook"}}
{"__type":"$$EventMessageConfirm","confirm":"afeb02f6-8a1f-4f55-adb7-3d930379c687","ts":"2026-10-07T20:52:14.555-04:00","source":{"id":"0","name":"eventBus"}}
{"__type":"$$EventMessageWorkflow","id":"709a4405-447e-4677-b3a3-b5b739e77122","ts":"2026-10-07T20:52:14.555-04:00","eventName":"n8n.workflow.started","message":"n8n.workflow.started","payload":{"executionId":"3732","workflowId":"PaLPAf3VhFN11mWP","isManual":false,"mode":"webhook","workflowName":"chimueloBot","projectId":"4cXhCbdLbVUJK3Dd","projectName":"Ramiro De Rogatis <ramirojavierderogatis@hotmail.com>"}}
{"__type":"$$EventMessageConfirm","confirm":"709a4405-447e-4677-b3a3-b5b739e77122","ts":"2026-10-07T20:52:14.555-04:00","source":{"id":"0","name":"eventBus"}}
{"__type":"$$EventMessageNode","id":"f311b4c3-d8b7-49eb-9d5b-bb51946f7a0f","ts":"2026-10-07T20:52:14.556-04:00","eventName":"n8n.node.started","message":"n8n.node.started","payload":{"workflowId":"PaLPAf3VhFN11mWP","workflowName":"chimueloBot","executionId":"3732","nodeType":"n8n-nodes-base.webhook","nodeName":"Webhook","nodeId":"835eee2e-f5a8-41ae-8da8-c411adda2ef3"}}
{"__type":"$$EventMessageConfirm","confirm":"f311b4c3-d8b7-49eb-9d5b-bb51946f7a0f","ts":"2026-10-07T20:52:14.556-04:00","source":{"id":"0","name":"eventBus"}}
{"__type":"$$EventMessageNode","id":"d46b0173-caf2-4d87-b896-2dd6e17ff624","ts":"2026-10-07T20:52:14.556-04:00","eventName":"n8n.node.finished","message":"n8n.node.finished","payload":{"workflowId":"PaLPAf3VhFN11mWP","workflowName":"chimueloBot","executionId":"3732","nodeType":"n8n-nodes-base.webhook","nodeName":"Webhook","nodeId":"835eee2e-f5a8-41ae-8da8-c411adda2ef3"}}
{"__type":"$$EventMessageConfirm","confirm":"d46b0173-caf2-4d87-b896-2dd6e17ff624","ts":"2026-10-07T20:52:14.556-04:00","source":{"id":"0","name":"eventBus"}}
{"__type":"$$EventMessageNode","id":"03fca136-9d7c-45d8-adc7-f55f7ec2462b","ts":"2026-10-07T20:52:14.557-04:00","eventName":"n8n.node.started","message":"n8n.node.started","payload":{"workflowId":"PaLPAf3VhFN11mWP","workflowName":"chimueloBot","executionId":"3732","nodeType":"n8n-nodes-base.if","nodeName":"If3","nodeId":"95b56f56-a35e-4d78-8c42-25353df18ded"}}
{"__type":"$$EventMessageConfirm","confirm":"03fca136-9d7c-45d8-adc7-f55f7ec2462b","ts":"2026-10-07T20:52:14.557-04:00","source":{"id":"0","name":"eventBus"}}
{"__type":"$$EventMessageNode","id":"8fb342a8-de8e-4a10-826e-7ae94593bdbc","ts":"2026-10-07T20:52:14.563-04:00","eventName":"n8n.node.finished","message":"n8n.node.finished","payload":{"workflowId":"PaLPAf3VhFN11mWP","workflowName":"chimueloBot","executionId":"3732","nodeType":"n8n-nodes-base.if","nodeName":"If3","nodeId":"95b56f56-a35e-4d78-8c42-25353df18ded"}}
{"__type":"$$EventMessageConfirm","confirm":"8fb342a8-de8e-4a10-826e-7ae94593bdbc","ts":"2026-10-07T20:52:14.563-04:00","source":{"id":"0","name":"eventBus"}}
{"__type":"$$EventMessageNode","id":"66846f22-28f3-41c5-a307-a9678e450f14","ts":"2026-10-07T20:52:14.563-04:00","eventName":"n8n.node.started","message":"n8n.node.started","payload":{"workflowId":"PaLPAf3VhFN11mWP","workflowName":"chimueloBot","executionId":"3732","nodeType":"n8n-nodes-base.if","nodeName":"If","nodeId":"fce468f6-e692-43e8-a90c-29d403eaad22"}}
{"__type":"$$EventMessageConfirm","confirm":"66846f22-28f3-41c5-a307-a9678e450f14","ts":"2026-10-07T20:52:14.563-04:00","source":{"id":"0","name":"eventBus"}}
{"__type":"$$EventMessageNode","id":"fc376b8c-2b1b-4600-bd04-662baf7720fa","ts":"2026-10-07T20:52:14.565-04:00","eventName":"n8n.node.finished","message":"n8n.node.finished","payload":{"workflowId":"PaLPAf3VhFN11mWP","workflowName":"chimueloBot","executionId":"3732","nodeType":"n8n-nodes-base.if","nodeName":"If","nodeId":"fce468f6-e692-43e8-a90c-29d403eaad22"}}
{"__type":"$$EventMessageConfirm","confirm":"fc376b8c-2b1b-4600-bd04-662baf7720fa","ts":"2026-10-07T20:52:14.565-04:00","source":{"id":"0","name":"eventBus"}}
{"__type":"$$EventMessageNode","id":"9467c804-5419-4748-9d9d-296a0e96b2bc","ts":"2026-10-07T20:52:14.565-04:00","eventName":"n8n.node.started","message":"n8n.node.started","payload":{"workflowId":"PaLPAf3VhFN11mWP","workflowName":"chimueloBot","executionId":"3732","nodeType":"n8n-nodes-base.if","nodeName":"If1","nodeId":"e019ba3d-6fff-4262-8bed-dfee6e3133d7"}}
{"__type":"$$EventMessageConfirm","confirm":"9467c804-5419-4748-9d9d-296a0e96b2bc","ts":"2026-10-07T20:52:14.565-04:00","source":{"id":"0","name":"eventBus"}}
{"__type":"$$EventMessageNode","id":"8f1ae201-e21c-474e-9bf8-54142ecff2b5","ts":"2026-10-07T20:52:14.567-04:00","eventName":"n8n.node.finished","message":"n8n.node.finished","payload":{"workflowId":"PaLPAf3VhFN11mWP","workflowName":"chimueloBot","executionId":"3732","nodeType":"n8n-nodes-base.if","nodeName":"If1","nodeId":"e019ba3d-6fff-4262-8bed-dfee6e3133d7"}}
{"__type":"$$EventMessageConfirm","confirm":"8f1ae201-e21c-474e-9bf8-54142ecff2b5","ts":"2026-10-07T20:52:14.567-04:00","source":{"id":"0","name":"eventBus"}}
{"__type":"$$EventMessageNode","id":"a9ed8d62-6f48-4cbb-8cc2-b256e2f6da09","ts":"2026-10-07T20:52:14.567-04:00","eventName":"n8n.node.started","message":"n8n.node.started","payload":{"workflowId":"PaLPAf3VhFN11mWP","workflowName":"chimueloBot","executionId":"3732","nodeType":"n8n-nodes-base.if","nodeName":"If2","nodeId":"79a91f8d-afeb-4ddc-b6f8-3c9bb45fc216"}}
{"__type":"$$EventMessageConfirm","confirm":"a9ed8d62-6f48-4cbb-8cc2-b256e2f6da09","ts":"2026-10-07T20:52:14.567-04:00","source":{"id":"0","name":"eventBus"}}
{"__type":"$$EventMessageNode","id":"0ff0c6b7-9f01-4d0b-ab55-6f9171169a0e","ts":"2026-10-07T20:52:14.570-04:00","eventName":"n8n.node.finished","message":"n8n.node.finished","payload":{"workflowId":"PaLPAf3VhFN11mWP","workflowName":"chimueloBot","executionId":"3732","nodeType":"n8n-nodes-base.if","nodeName":"If2","nodeId":"79a91f8d-afeb-4ddc-b6f8-3c9bb45fc216"}}
{"__type":"$$EventMessageConfirm","confirm":"0ff0c6b7-9f01-4d0b-ab55-6f9171169a0e","ts":"2026-10-07T20:52:14.570-04:00","source":{"id":"0","name":"eventBus"}}
{"__type":"$$EventMessageWorkflow","id":"ba200291-c7f1-4b7b-b238-318658d236e1","ts":"2026-10-07T20:52:14.570-04:00","eventName":"n8n.workflow.success","message":"n8n.workflow.success","payload":{"executionId":"3732","success":true,"isManual":false,"mode":"webhook","workflowId":"PaLPAf3VhFN11mWP","workflowName":"chimueloBot","projectId":"4cXhCbdLbVUJK3Dd","projectName":"Ramiro De Rogatis <ramirojavierderogatis@hotmail.com>"}}
{"__type":"$$EventMessageConfirm","confirm":"ba200291-c7f1-4b7b-b238-318658d236e1","ts":"2026-10-07T20:52:14.570-04:00","source":{"id":"0","name":"eventBus"}}
{"__type":"$$EventMessageAudit","id":"9737cde1-df0b-47eb-a267-4c2dbb2b9244","ts":"2026-10-07T20:52:15.168-04:00","eventName":"n8n.audit.workflow.executed","message":"n8n.audit.workflow.executed","payload":{"workflowId":"PaLPAf3VhFN11mWP","workflowName":"chimueloBot","executionId":"3733","projectId":"4cXhCbdLbVUJK3Dd","projectName":"Ramiro De Rogatis <ramirojavierderogatis@hotmail.com>","source":"webhook"}}
{"__type":"$$EventMessageConfirm","confirm":"9737cde1-df0b-47eb-a267-4c2dbb2b9244","ts":"2026-10-07T20:52:15.168-04:00","source":{"id":"0","name":"eventBus"}}
{"__type":"$$EventMessageWorkflow","id":"00ddac5b-9b30-42e4-8600-0deeee351122","ts":"2026-10-07T20:52:15.168-04:00","eventName":"n8n.workflow.started","message":"n8n.workflow.started","payload":{"executionId":"3733","workflowId":"PaLPAf3VhFN11mWP","isManual":false,"mode":"webhook","workflowName":"chimueloBot","projectId":"4cXhCbdLbVUJK3Dd","projectName":"Ramiro De Rogatis <ramirojavierderogatis@hotmail.com>"}}
{"__type":"$$EventMessageConfirm","confirm":"00ddac5b-9b30-42e4-8600-0deeee351122","ts":"2026-10-07T20:52:15.168-04:00","source":{"id":"0","name":"eventBus"}}
{"__type":"$$EventMessageNode","id":"3adff4b0-8d1c-412b-aa4b-4b55114a7339","ts":"2026-10-07T20:52:15.169-04:00","eventName":"n8n.node.started","message":"n8n.node.started","payload":{"workflowId":"PaLPAf3VhFN11mWP","workflowName":"chimueloBot","executionId":"3733","nodeType":"n8n-nodes-base.webhook","nodeName":"Webhook","nodeId":"835eee2e-f5a8-41ae-8da8-c411adda2ef3"}}
{"__type":"$$EventMessageConfirm","confirm":"3adff4b0-8d1c-412b-aa4b-4b55114a7339","ts":"2026-10-07T20:52:15.169-04:00","source":{"id":"0","name":"eventBus"}}
{"__type":"$$EventMessageNode","id":"1d649187-02b2-429f-b6f0-fa33b7acc22e","ts":"2026-10-07T20:52:15.169-04:00","eventName":"n8n.node.finished","message":"n8n.node.finished","payload":{"workflowId":"PaLPAf3VhFN11mWP","workflowName":"chimueloBot","executionId":"3733","nodeType":"n8n-nodes-base.webhook","nodeName":"Webhook","nodeId":"835eee2e-f5a8-41ae-8da8-c411adda2ef3"}}
{"__type":"$$EventMessageConfirm","confirm":"1d649187-02b2-429f-b6f0-fa33b7acc22e","ts":"2026-10-07T20:52:15.169-04:00","source":{"id":"0","name":"eventBus"}}
{"__type":"$$EventMessageNode","id":"447c6687-32d6-4470-9efc-d9727fe9bf90","ts":"2026-10-07T20:52:15.169-04:00","eventName":"n8n.node.started","message":"n8n.node.started","payload":{"workflowId":"PaLPAf3VhFN11mWP","workflowName":"chimueloBot","executionId":"3733","nodeType":"n8n-nodes-base.if","nodeName":"If3","nodeId":"95b56f56-a35e-4d78-8c42-25353df18ded"}}
{"__type":"$$EventMessageConfirm","confirm":"447c6687-32d6-4470-9efc-d9727fe9bf90","ts":"2026-10-07T20:52:15.169-04:00","source":{"id":"0","name":"eventBus"}}
{"__type":"$$EventMessageNode","id":"714abe04-e39d-461e-8f02-68ca61de7dbf","ts":"2026-10-07T20:52:15.176-04:00","eventName":"n8n.node.finished","message":"n8n.node.finished","payload":{"workflowId":"PaLPAf3VhFN11mWP","workflowName":"chimueloBot","executionId":"3733","nodeType":"n8n-nodes-base.if","nodeName":"If3","nodeId":"95b56f56-a35e-4d78-8c42-25353df18ded"}}
{"__type":"$$EventMessageConfirm","confirm":"714abe04-e39d-461e-8f02-68ca61de7dbf","ts":"2026-10-07T20:52:15.176-04:00","source":{"id":"0","name":"eventBus"}}
{"__type":"$$EventMessageNode","id":"3d38036e-5bd5-40ed-9c01-f30a4eec6caf","ts":"2026-10-07T20:52:15.176-04:00","eventName":"n8n.node.started","message":"n8n.node.started","payload":{"workflowId":"PaLPAf3VhFN11mWP","workflowName":"chimueloBot","executionId":"3733","nodeType":"n8n-nodes-base.if","nodeName":"If","nodeId":"fce468f6-e692-43e8-a90c-29d403eaad22"}}
{"__type":"$$EventMessageConfirm","confirm":"3d38036e-5bd5-40ed-9c01-f30a4eec6caf","ts":"2026-10-07T20:52:15.176-04:00","source":{"id":"0","name":"eventBus"}}
{"__type":"$$EventMessageNode","id":"bec9eea5-79cc-4486-8318-6c66fd752fcf","ts":"2026-10-07T20:52:15.178-04:00","eventName":"n8n.node.finished","message":"n8n.node.finished","payload":{"workflowId":"PaLPAf3VhFN11mWP","workflowName":"chimueloBot","executionId":"3733","nodeType":"n8n-nodes-base.if","nodeName":"If","nodeId":"fce468f6-e692-43e8-a90c-29d403eaad22"}}
{"__type":"$$EventMessageConfirm","confirm":"bec9eea5-79cc-4486-8318-6c66fd752fcf","ts":"2026-10-07T20:52:15.178-04:00","source":{"id":"0","name":"eventBus"}}
{"__type":"$$EventMessageNode","id":"0261c166-aaac-45f8-b8b6-c08be06a8ec9","ts":"2026-10-07T20:52:15.178-04:00","eventName":"n8n.node.started","message":"n8n.node.started","payload":{"workflowId":"PaLPAf3VhFN11mWP","workflowName":"chimueloBot","executionId":"3733","nodeType":"n8n-nodes-base.if","nodeName":"If1","nodeId":"e019ba3d-6fff-4262-8bed-dfee6e3133d7"}}
{"__type":"$$EventMessageConfirm","confirm":"0261c166-aaac-45f8-b8b6-c08be06a8ec9","ts":"2026-10-07T20:52:15.178-04:00","source":{"id":"0","name":"eventBus"}}
{"__type":"$$EventMessageNode","id":"a608ca39-2e7a-4e3f-a399-0a920e4d3707","ts":"2026-10-07T20:52:15.180-04:00","eventName":"n8n.node.finished","message":"n8n.node.finished","payload":{"workflowId":"PaLPAf3VhFN11mWP","workflowName":"chimueloBot","executionId":"3733","nodeType":"n8n-nodes-base.if","nodeName":"If1","nodeId":"e019ba3d-6fff-4262-8bed-dfee6e3133d7"}}
{"__type":"$$EventMessageConfirm","confirm":"a608ca39-2e7a-4e3f-a399-0a920e4d3707","ts":"2026-10-07T20:52:15.180-04:00","source":{"id":"0","name":"eventBus"}}
{"__type":"$$EventMessageNode","id":"37212328-c871-4b7f-a8d5-b2e62b7203b4","ts":"2026-10-07T20:52:15.180-04:00","eventName":"n8n.node.started","message":"n8n.node.started","payload":{"workflowId":"PaLPAf3VhFN11mWP","workflowName":"chimueloBot","executionId":"3733","nodeType":"n8n-nodes-base.if","nodeName":"If2","nodeId":"79a91f8d-afeb-4ddc-b6f8-3c9bb45fc216"}}
{"__type":"$$EventMessageConfirm","confirm":"37212328-c871-4b7f-a8d5-b2e62b7203b4","ts":"2026-10-07T20:52:15.180-04:00","source":{"id":"0","name":"eventBus"}}
{"__type":"$$EventMessageNode","id":"d1d403e7-f27f-4d63-8ca6-610b6f1ca04c","ts":"2026-10-07T20:52:15.184-04:00","eventName":"n8n.node.finished","message":"n8n.node.finished","payload":{"workflowId":"PaLPAf3VhFN11mWP","workflowName":"chimueloBot","executionId":"3733","nodeType":"n8n-nodes-base.if","nodeName":"If2","nodeId":"79a91f8d-afeb-4ddc-b6f8-3c9bb45fc216"}}
{"__type":"$$EventMessageConfirm","confirm":"d1d403e7-f27f-4d63-8ca6-610b6f1ca04c","ts":"2026-10-07T20:52:15.184-04:00","source":{"id":"0","name":"eventBus"}}
{"__type":"$$EventMessageWorkflow","id":"36759d11-62d8-4e7d-bcff-d642d943c04a","ts":"2026-10-07T20:52:15.185-04:00","eventName":"n8n.workflow.success","message":"n8n.workflow.success","payload":{"executionId":"3733","success":true,"isManual":false,"mode":"webhook","workflowId":"PaLPAf3VhFN11mWP","workflowName":"chimueloBot","projectId":"4cXhCbdLbVUJK3Dd","projectName":"Ramiro De Rogatis <ramirojavierderogatis@hotmail.com>"}}
{"__type":"$$EventMessageConfirm","confirm":"36759d11-62d8-4e7d-bcff-d642d943c04a","ts":"2026-10-07T20:52:15.185-04:00","source":{"id":"0","name":"eventBus"}}
{"__type":"$$EventMessageAudit","id":"4846f284-4e70-47cf-b780-e70f4aa48db4","ts":"2026-10-07T20:52:15.833-04:00","eventName":"n8n.audit.workflow.executed","message":"n8n.audit.workflow.executed","payload":{"workflowId":"PaLPAf3VhFN11mWP","workflowName":"chimueloBot","executionId":"3734","projectId":"4cXhCbdLbVUJK3Dd","projectName":"Ramiro De Rogatis <ramirojavierderogatis@hotmail.com>","source":"webhook"}}
{"__type":"$$EventMessageConfirm","confirm":"4846f284-4e70-47cf-b780-e70f4aa48db4","ts":"2026-10-07T20:52:15.833-04:00","source":{"id":"0","name":"eventBus"}}
{"__type":"$$EventMessageWorkflow","id":"8c262660-4316-4db0-83d3-81f454aead50","ts":"2026-10-07T20:52:15.833-04:00","eventName":"n8n.workflow.started","message":"n8n.workflow.started","payload":{"executionId":"3734","workflowId":"PaLPAf3VhFN11mWP","isManual":false,"mode":"webhook","workflowName":"chimueloBot","projectId":"4cXhCbdLbVUJK3Dd","projectName":"Ramiro De Rogatis <ramirojavierderogatis@hotmail.com>"}}
{"__type":"$$EventMessageConfirm","confirm":"8c262660-4316-4db0-83d3-81f454aead50","ts":"2026-10-07T20:52:15.834-04:00","source":{"id":"0","name":"eventBus"}}
{"__type":"$$EventMessageNode","id":"f4a33b4b-5994-4931-9a80-dccf9133baab","ts":"2026-10-07T20:52:15.834-04:00","eventName":"n8n.node.started","message":"n8n.node.started","payload":{"workflowId":"PaLPAf3VhFN11mWP","workflowName":"chimueloBot","executionId":"3734","nodeType":"n8n-nodes-base.webhook","nodeName":"Webhook","nodeId":"835eee2e-f5a8-41ae-8da8-c411adda2ef3"}}
{"__type":"$$EventMessageConfirm","confirm":"f4a33b4b-5994-4931-9a80-dccf9133baab","ts":"2026-10-07T20:52:15.834-04:00","source":{"id":"0","name":"eventBus"}}
{"__type":"$$EventMessageNode","id":"5fb9ba64-640d-4043-a56d-80a17f99795e","ts":"2026-10-07T20:52:15.835-04:00","eventName":"n8n.node.finished","message":"n8n.node.finished","payload":{"workflowId":"PaLPAf3VhFN11mWP","workflowName":"chimueloBot","executionId":"3734","nodeType":"n8n-nodes-base.webhook","nodeName":"Webhook","nodeId":"835eee2e-f5a8-41ae-8da8-c411adda2ef3"}}
{"__type":"$$EventMessageConfirm","confirm":"5fb9ba64-640d-4043-a56d-80a17f99795e","ts":"2026-10-07T20:52:15.835-04:00","source":{"id":"0","name":"eventBus"}}
{"__type":"$$EventMessageNode","id":"f1459ab6-b69b-4e8f-9eb2-9e06f9489a4a","ts":"2026-10-07T20:52:15.835-04:00","eventName":"n8n.node.started","message":"n8n.node.started","payload":{"workflowId":"PaLPAf3VhFN11mWP","workflowName":"chimueloBot","executionId":"3734","nodeType":"n8n-nodes-base.if","nodeName":"If3","nodeId":"95b56f56-a35e-4d78-8c42-25353df18ded"}}
{"__type":"$$EventMessageConfirm","confirm":"f1459ab6-b69b-4e8f-9eb2-9e06f9489a4a","ts":"2026-10-07T20:52:15.835-04:00","source":{"id":"0","name":"eventBus"}}
{"__type":"$$EventMessageNode","id":"c8a05809-6740-47e2-9af8-db0274b5e915","ts":"2026-10-07T20:52:15.842-04:00","eventName":"n8n.node.finished","message":"n8n.node.finished","payload":{"workflowId":"PaLPAf3VhFN11mWP","workflowName":"chimueloBot","executionId":"3734","nodeType":"n8n-nodes-base.if","nodeName":"If3","nodeId":"95b56f56-a35e-4d78-8c42-25353df18ded"}}
{"__type":"$$EventMessageConfirm","confirm":"c8a05809-6740-47e2-9af8-db0274b5e915","ts":"2026-10-07T20:52:15.842-04:00","source":{"id":"0","name":"eventBus"}}
{"__type":"$$EventMessageNode","id":"12944c94-bbba-4199-8ad6-a9dcb456b648","ts":"2026-10-07T20:52:15.842-04:00","eventName":"n8n.node.started","message":"n8n.node.started","payload":{"workflowId":"PaLPAf3VhFN11mWP","workflowName":"chimueloBot","executionId":"3734","nodeType":"n8n-nodes-base.if","nodeName":"If","nodeId":"fce468f6-e692-43e8-a90c-29d403eaad22"}}
{"__type":"$$EventMessageConfirm","confirm":"12944c94-bbba-4199-8ad6-a9dcb456b648","ts":"2026-10-07T20:52:15.843-04:00","source":{"id":"0","name":"eventBus"}}
{"__type":"$$EventMessageNode","id":"22881689-3ec9-4856-b0f8-c88310aaddee","ts":"2026-10-07T20:52:15.845-04:00","eventName":"n8n.node.finished","message":"n8n.node.finished","payload":{"workflowId":"PaLPAf3VhFN11mWP","workflowName":"chimueloBot","executionId":"3734","nodeType":"n8n-nodes-base.if","nodeName":"If","nodeId":"fce468f6-e692-43e8-a90c-29d403eaad22"}}
{"__type":"$$EventMessageConfirm","confirm":"22881689-3ec9-4856-b0f8-c88310aaddee","ts":"2026-10-07T20:52:15.845-04:00","source":{"id":"0","name":"eventBus"}}
{"__type":"$$EventMessageNode","id":"366673b6-b33b-4f73-bfbc-28d6e0f54860","ts":"2026-10-07T20:52:15.845-04:00","eventName":"n8n.node.started","message":"n8n.node.started","payload":{"workflowId":"PaLPAf3VhFN11mWP","workflowName":"chimueloBot","executionId":"3734","nodeType":"n8n-nodes-base.if","nodeName":"If1","nodeId":"e019ba3d-6fff-4262-8bed-dfee6e3133d7"}}
{"__type":"$$EventMessageConfirm","confirm":"366673b6-b33b-4f73-bfbc-28d6e0f54860","ts":"2026-10-07T20:52:15.845-04:00","source":{"id":"0","name":"eventBus"}}
{"__type":"$$EventMessageNode","id":"4a43f21c-80ed-400d-a664-372bcb99d9f6","ts":"2026-10-07T20:52:15.848-04:00","eventName":"n8n.node.finished","message":"n8n.node.finished","payload":{"workflowId":"PaLPAf3VhFN11mWP","workflowName":"chimueloBot","executionId":"3734","nodeType":"n8n-nodes-base.if","nodeName":"If1","nodeId":"e019ba3d-6fff-4262-8bed-dfee6e3133d7"}}
{"__type":"$$EventMessageConfirm","confirm":"4a43f21c-80ed-400d-a664-372bcb99d9f6","ts":"2026-10-07T20:52:15.848-04:00","source":{"id":"0","name":"eventBus"}}
{"__type":"$$EventMessageNode","id":"8769b0a4-037f-4883-b454-649138144b3c","ts":"2026-10-07T20:52:15.848-04:00","eventName":"n8n.node.started","message":"n8n.node.started","payload":{"workflowId":"PaLPAf3VhFN11mWP","workflowName":"chimueloBot","executionId":"3734","nodeType":"n8n-nodes-base.if","nodeName":"If2","nodeId":"79a91f8d-afeb-4ddc-b6f8-3c9bb45fc216"}}
{"__type":"$$EventMessageConfirm","confirm":"8769b0a4-037f-4883-b454-649138144b3c","ts":"2026-10-07T20:52:15.848-04:00","source":{"id":"0","name":"eventBus"}}
{"__type":"$$EventMessageNode","id":"7f6cda0e-fd8b-4c7e-a593-9c2791e54041","ts":"2026-10-07T20:52:15.851-04:00","eventName":"n8n.node.finished","message":"n8n.node.finished","payload":{"workflowId":"PaLPAf3VhFN11mWP","workflowName":"chimueloBot","executionId":"3734","nodeType":"n8n-nodes-base.if","nodeName":"If2","nodeId":"79a91f8d-afeb-4ddc-b6f8-3c9bb45fc216"}}
{"__type":"$$EventMessageConfirm","confirm":"7f6cda0e-fd8b-4c7e-a593-9c2791e54041","ts":"2026-10-07T20:52:15.851-04:00","source":{"id":"0","name":"eventBus"}}
{"__type":"$$EventMessageWorkflow","id":"653ed5d4-33cb-44dc-9a94-77061e709b00","ts":"2026-10-07T20:52:15.851-04:00","eventName":"n8n.workflow.success","message":"n8n.workflow.success","payload":{"executionId":"3734","success":true,"isManual":false,"mode":"webhook","workflowId":"PaLPAf3VhFN11mWP","workflowName":"chimueloBot","projectId":"4cXhCbdLbVUJK3Dd","projectName":"Ramiro De Rogatis <ramirojavierderogatis@hotmail.com>"}}
{"__type":"$$EventMessageConfirm","confirm":"653ed5d4-33cb-44dc-9a94-77061e709b00","ts":"2026-10-07T20:52:15.851-04:00","source":{"id":"0","name":"eventBus"}}
{"__type":"$$EventMessageAudit","id":"1081b248-dfd4-4a5a-ad0d-e668353e1339","ts":"2026-10-07T20:52:16.470-04:00","eventName":"n8n.audit.workflow.executed","message":"n8n.audit.workflow.executed","payload":{"workflowId":"PaLPAf3VhFN11mWP","workflowName":"chimueloBot","executionId":"3735","projectId":"4cXhCbdLbVUJK3Dd","projectName":"Ramiro De Rogatis <ramirojavierderogatis@hotmail.com>","source":"webhook"}}
{"__type":"$$EventMessageConfirm","confirm":"1081b248-dfd4-4a5a-ad0d-e668353e1339","ts":"2026-10-07T20:52:16.470-04:00","source":{"id":"0","name":"eventBus"}}
{"__type":"$$EventMessageWorkflow","id":"80932dc2-07b2-4cf0-83e3-bb5c329f8327","ts":"2026-10-07T20:52:16.470-04:00","eventName":"n8n.workflow.started","message":"n8n.workflow.started","payload":{"executionId":"3735","workflowId":"PaLPAf3VhFN11mWP","isManual":false,"mode":"webhook","workflowName":"chimueloBot","projectId":"4cXhCbdLbVUJK3Dd","projectName":"Ramiro De Rogatis <ramirojavierderogatis@hotmail.com>"}}
{"__type":"$$EventMessageConfirm","confirm":"80932dc2-07b2-4cf0-83e3-bb5c329f8327","ts":"2026-10-07T20:52:16.470-04:00","source":{"id":"0","name":"eventBus"}}
{"__type":"$$EventMessageNode","id":"f6689930-7c17-4059-8c8b-a1cb0301d253","ts":"2026-10-07T20:52:16.471-04:00","eventName":"n8n.node.started","message":"n8n.node.started","payload":{"workflowId":"PaLPAf3VhFN11mWP","workflowName":"chimueloBot","executionId":"3735","nodeType":"n8n-nodes-base.webhook","nodeName":"Webhook","nodeId":"835eee2e-f5a8-41ae-8da8-c411adda2ef3"}}
{"__type":"$$EventMessageConfirm","confirm":"f6689930-7c17-4059-8c8b-a1cb0301d253","ts":"2026-10-07T20:52:16.471-04:00","source":{"id":"0","name":"eventBus"}}
{"__type":"$$EventMessageNode","id":"5e511ff7-ded0-4d7e-a7b2-133438e148de","ts":"2026-10-07T20:52:16.471-04:00","eventName":"n8n.node.finished","message":"n8n.node.finished","payload":{"workflowId":"PaLPAf3VhFN11mWP","workflowName":"chimueloBot","executionId":"3735","nodeType":"n8n-nodes-base.webhook","nodeName":"Webhook","nodeId":"835eee2e-f5a8-41ae-8da8-c411adda2ef3"}}
{"__type":"$$EventMessageConfirm","confirm":"5e511ff7-ded0-4d7e-a7b2-133438e148de","ts":"2026-10-07T20:52:16.471-04:00","source":{"id":"0","name":"eventBus"}}
{"__type":"$$EventMessageNode","id":"2918b3bb-c1e9-4805-9db7-978dccb3578f","ts":"2026-10-07T20:52:16.471-04:00","eventName":"n8n.node.started","message":"n8n.node.started","payload":{"workflowId":"PaLPAf3VhFN11mWP","workflowName":"chimueloBot","executionId":"3735","nodeType":"n8n-nodes-base.if","nodeName":"If3","nodeId":"95b56f56-a35e-4d78-8c42-25353df18ded"}}
{"__type":"$$EventMessageConfirm","confirm":"2918b3bb-c1e9-4805-9db7-978dccb3578f","ts":"2026-10-07T20:52:16.472-04:00","source":{"id":"0","name":"eventBus"}}
{"__type":"$$EventMessageNode","id":"4e212f3a-ac7e-416d-87e9-e0d7c9fd7a3d","ts":"2026-10-07T20:52:16.478-04:00","eventName":"n8n.node.finished","message":"n8n.node.finished","payload":{"workflowId":"PaLPAf3VhFN11mWP","workflowName":"chimueloBot","executionId":"3735","nodeType":"n8n-nodes-base.if","nodeName":"If3","nodeId":"95b56f56-a35e-4d78-8c42-25353df18ded"}}
{"__type":"$$EventMessageConfirm","confirm":"4e212f3a-ac7e-416d-87e9-e0d7c9fd7a3d","ts":"2026-10-07T20:52:16.478-04:00","source":{"id":"0","name":"eventBus"}}
{"__type":"$$EventMessageNode","id":"108d2341-53eb-4571-a4c9-6a0490f133af","ts":"2026-10-07T20:52:16.478-04:00","eventName":"n8n.node.started","message":"n8n.node.started","payload":{"workflowId":"PaLPAf3VhFN11mWP","workflowName":"chimueloBot","executionId":"3735","nodeType":"n8n-nodes-base.if","nodeName":"If","nodeId":"fce468f6-e692-43e8-a90c-29d403eaad22"}}
{"__type":"$$EventMessageConfirm","confirm":"108d2341-53eb-4571-a4c9-6a0490f133af","ts":"2026-10-07T20:52:16.478-04:00","source":{"id":"0","name":"eventBus"}}
{"__type":"$$EventMessageNode","id":"8aec6427-5e7f-4e81-bfd8-924266deb40c","ts":"2026-10-07T20:52:16.480-04:00","eventName":"n8n.node.finished","message":"n8n.node.finished","payload":{"workflowId":"PaLPAf3VhFN11mWP","workflowName":"chimueloBot","executionId":"3735","nodeType":"n8n-nodes-base.if","nodeName":"If","nodeId":"fce468f6-e692-43e8-a90c-29d403eaad22"}}
{"__type":"$$EventMessageConfirm","confirm":"8aec6427-5e7f-4e81-bfd8-924266deb40c","ts":"2026-10-07T20:52:16.480-04:00","source":{"id":"0","name":"eventBus"}}
{"__type":"$$EventMessageNode","id":"fb662a17-843f-4f2b-b650-be653729c85e","ts":"2026-10-07T20:52:16.480-04:00","eventName":"n8n.node.started","message":"n8n.node.started","payload":{"workflowId":"PaLPAf3VhFN11mWP","workflowName":"chimueloBot","executionId":"3735","nodeType":"n8n-nodes-base.if","nodeName":"If1","nodeId":"e019ba3d-6fff-4262-8bed-dfee6e3133d7"}}
{"__type":"$$EventMessageConfirm","confirm":"fb662a17-843f-4f2b-b650-be653729c85e","ts":"2026-10-07T20:52:16.480-04:00","source":{"id":"0","name":"eventBus"}}
{"__type":"$$EventMessageNode","id":"5bbd93d4-6f5b-4d37-9507-cfb3d233bd25","ts":"2026-10-07T20:52:16.482-04:00","eventName":"n8n.node.finished","message":"n8n.node.finished","payload":{"workflowId":"PaLPAf3VhFN11mWP","workflowName":"chimueloBot","executionId":"3735","nodeType":"n8n-nodes-base.if","nodeName":"If1","nodeId":"e019ba3d-6fff-4262-8bed-dfee6e3133d7"}}
{"__type":"$$EventMessageConfirm","confirm":"5bbd93d4-6f5b-4d37-9507-cfb3d233bd25","ts":"2026-10-07T20:52:16.482-04:00","source":{"id":"0","name":"eventBus"}}
{"__type":"$$EventMessageNode","id":"f195fd81-0381-47ae-929d-6b567694f7c8","ts":"2026-10-07T20:52:16.482-04:00","eventName":"n8n.node.started","message":"n8n.node.started","payload":{"workflowId":"PaLPAf3VhFN11mWP","workflowName":"chimueloBot","executionId":"3735","nodeType":"n8n-nodes-base.if","nodeName":"If2","nodeId":"79a91f8d-afeb-4ddc-b6f8-3c9bb45fc216"}}
{"__type":"$$EventMessageConfirm","confirm":"f195fd81-0381-47ae-929d-6b567694f7c8","ts":"2026-10-07T20:52:16.482-04:00","source":{"id":"0","name":"eventBus"}}
{"__type":"$$EventMessageNode","id":"e3e97321-691f-497c-8ee5-11a7aefd28d2","ts":"2026-10-07T20:52:16.486-04:00","eventName":"n8n.node.finished","message":"n8n.node.finished","payload":{"workflowId":"PaLPAf3VhFN11mWP","workflowName":"chimueloBot","executionId":"3735","nodeType":"n8n-nodes-base.if","nodeName":"If2","nodeId":"79a91f8d-afeb-4ddc-b6f8-3c9bb45fc216"}}
{"__type":"$$EventMessageConfirm","confirm":"e3e97321-691f-497c-8ee5-11a7aefd28d2","ts":"2026-10-07T20:52:16.486-04:00","source":{"id":"0","name":"eventBus"}}
{"__type":"$$EventMessageWorkflow","id":"44cec68e-f6ec-4fd7-81d8-20a4153d6c1b","ts":"2026-10-07T20:52:16.486-04:00","eventName":"n8n.workflow.success","message":"n8n.workflow.success","payload":{"executionId":"3735","success":true,"isManual":false,"mode":"webhook","workflowId":"PaLPAf3VhFN11mWP","workflowName":"chimueloBot","projectId":"4cXhCbdLbVUJK3Dd","projectName":"Ramiro De Rogatis <ramirojavierderogatis@hotmail.com>"}}
{"__type":"$$EventMessageConfirm","confirm":"44cec68e-f6ec-4fd7-81d8-20a4153d6c1b","ts":"2026-10-07T20:52:16.486-04:00","source":{"id":"0","name":"eventBus"}}
{"__type":"$$EventMessageAudit","id":"1c9f6474-b48c-4a94-8bba-a4179144fd5b","ts":"2026-10-07T20:52:17.119-04:00","eventName":"n8n.audit.workflow.executed","message":"n8n.audit.workflow.executed","payload":{"workflowId":"PaLPAf3VhFN11mWP","workflowName":"chimueloBot","executionId":"3736","projectId":"4cXhCbdLbVUJK3Dd","projectName":"Ramiro De Rogatis <ramirojavierderogatis@hotmail.com>","source":"webhook"}}
{"__type":"$$EventMessageConfirm","confirm":"1c9f6474-b48c-4a94-8bba-a4179144fd5b","ts":"2026-10-07T20:52:17.119-04:00","source":{"id":"0","name":"eventBus"}}
{"__type":"$$EventMessageWorkflow","id":"5cdb19d3-51e6-4323-afed-b55ef63c5bf3","ts":"2026-10-07T20:52:17.119-04:00","eventName":"n8n.workflow.started","message":"n8n.workflow.started","payload":{"executionId":"3736","workflowId":"PaLPAf3VhFN11mWP","isManual":false,"mode":"webhook","workflowName":"chimueloBot","projectId":"4cXhCbdLbVUJK3Dd","projectName":"Ramiro De Rogatis <ramirojavierderogatis@hotmail.com>"}}
{"__type":"$$EventMessageConfirm","confirm":"5cdb19d3-51e6-4323-afed-b55ef63c5bf3","ts":"2026-10-07T20:52:17.119-04:00","source":{"id":"0","name":"eventBus"}}
{"__type":"$$EventMessageNode","id":"21b8335e-afce-468b-82a2-f8bfa7d7e8dc","ts":"2026-10-07T20:52:17.120-04:00","eventName":"n8n.node.started","message":"n8n.node.started","payload":{"workflowId":"PaLPAf3VhFN11mWP","workflowName":"chimueloBot","executionId":"3736","nodeType":"n8n-nodes-base.webhook","nodeName":"Webhook","nodeId":"835eee2e-f5a8-41ae-8da8-c411adda2ef3"}}
{"__type":"$$EventMessageConfirm","confirm":"21b8335e-afce-468b-82a2-f8bfa7d7e8dc","ts":"2026-10-07T20:52:17.120-04:00","source":{"id":"0","name":"eventBus"}}
{"__type":"$$EventMessageNode","id":"df1fb506-a908-431d-80de-72f28f7f012d","ts":"2026-10-07T20:52:17.121-04:00","eventName":"n8n.node.finished","message":"n8n.node.finished","payload":{"workflowId":"PaLPAf3VhFN11mWP","workflowName":"chimueloBot","executionId":"3736","nodeType":"n8n-nodes-base.webhook","nodeName":"Webhook","nodeId":"835eee2e-f5a8-41ae-8da8-c411adda2ef3"}}
{"__type":"$$EventMessageConfirm","confirm":"df1fb506-a908-431d-80de-72f28f7f012d","ts":"2026-10-07T20:52:17.121-04:00","source":{"id":"0","name":"eventBus"}}
{"__type":"$$EventMessageNode","id":"2ae4b923-310f-4cd9-9bda-a9279f8d52e9","ts":"2026-10-07T20:52:17.121-04:00","eventName":"n8n.node.started","message":"n8n.node.started","payload":{"workflowId":"PaLPAf3VhFN11mWP","workflowName":"chimueloBot","executionId":"3736","nodeType":"n8n-nodes-base.if","nodeName":"If3","nodeId":"95b56f56-a35e-4d78-8c42-25353df18ded"}}
{"__type":"$$EventMessageConfirm","confirm":"2ae4b923-310f-4cd9-9bda-a9279f8d52e9","ts":"2026-10-07T20:52:17.121-04:00","source":{"id":"0","name":"eventBus"}}
{"__type":"$$EventMessageNode","id":"b3035369-d41e-4523-bbb1-afb60fa5574f","ts":"2026-10-07T20:52:17.129-04:00","eventName":"n8n.node.finished","message":"n8n.node.finished","payload":{"workflowId":"PaLPAf3VhFN11mWP","workflowName":"chimueloBot","executionId":"3736","nodeType":"n8n-nodes-base.if","nodeName":"If3","nodeId":"95b56f56-a35e-4d78-8c42-25353df18ded"}}
{"__type":"$$EventMessageConfirm","confirm":"b3035369-d41e-4523-bbb1-afb60fa5574f","ts":"2026-10-07T20:52:17.129-04:00","source":{"id":"0","name":"eventBus"}}
{"__type":"$$EventMessageNode","id":"29133310-6e19-450a-9d29-251d8034b6b5","ts":"2026-10-07T20:52:17.130-04:00","eventName":"n8n.node.started","message":"n8n.node.started","payload":{"workflowId":"PaLPAf3VhFN11mWP","workflowName":"chimueloBot","executionId":"3736","nodeType":"n8n-nodes-base.if","nodeName":"If","nodeId":"fce468f6-e692-43e8-a90c-29d403eaad22"}}
{"__type":"$$EventMessageConfirm","confirm":"29133310-6e19-450a-9d29-251d8034b6b5","ts":"2026-10-07T20:52:17.130-04:00","source":{"id":"0","name":"eventBus"}}
{"__type":"$$EventMessageNode","id":"d9bf6144-3083-4537-9eb6-dc83453d29c7","ts":"2026-10-07T20:52:17.132-04:00","eventName":"n8n.node.finished","message":"n8n.node.finished","payload":{"workflowId":"PaLPAf3VhFN11mWP","workflowName":"chimueloBot","executionId":"3736","nodeType":"n8n-nodes-base.if","nodeName":"If","nodeId":"fce468f6-e692-43e8-a90c-29d403eaad22"}}
{"__type":"$$EventMessageConfirm","confirm":"d9bf6144-3083-4537-9eb6-dc83453d29c7","ts":"2026-10-07T20:52:17.132-04:00","source":{"id":"0","name":"eventBus"}}
{"__type":"$$EventMessageNode","id":"5a62de2c-c2e9-4728-bb34-92e009b508ed","ts":"2026-10-07T20:52:17.132-04:00","eventName":"n8n.node.started","message":"n8n.node.started","payload":{"workflowId":"PaLPAf3VhFN11mWP","workflowName":"chimueloBot","executionId":"3736","nodeType":"n8n-nodes-base.if","nodeName":"If1","nodeId":"e019ba3d-6fff-4262-8bed-dfee6e3133d7"}}
{"__type":"$$EventMessageConfirm","confirm":"5a62de2c-c2e9-4728-bb34-92e009b508ed","ts":"2026-10-07T20:52:17.132-04:00","source":{"id":"0","name":"eventBus"}}
{"__type":"$$EventMessageNode","id":"a4f7fc12-1063-4c42-a030-52b4059cceb3","ts":"2026-10-07T20:52:17.134-04:00","eventName":"n8n.node.finished","message":"n8n.node.finished","payload":{"workflowId":"PaLPAf3VhFN11mWP","workflowName":"chimueloBot","executionId":"3736","nodeType":"n8n-nodes-base.if","nodeName":"If1","nodeId":"e019ba3d-6fff-4262-8bed-dfee6e3133d7"}}
{"__type":"$$EventMessageConfirm","confirm":"a4f7fc12-1063-4c42-a030-52b4059cceb3","ts":"2026-10-07T20:52:17.134-04:00","source":{"id":"0","name":"eventBus"}}
{"__type":"$$EventMessageNode","id":"aebd4717-a5c4-4da0-a033-1538bc09a427","ts":"2026-10-07T20:52:17.134-04:00","eventName":"n8n.node.started","message":"n8n.node.started","payload":{"workflowId":"PaLPAf3VhFN11mWP","workflowName":"chimueloBot","executionId":"3736","nodeType":"n8n-nodes-base.if","nodeName":"If2","nodeId":"79a91f8d-afeb-4ddc-b6f8-3c9bb45fc216"}}
{"__type":"$$EventMessageConfirm","confirm":"aebd4717-a5c4-4da0-a033-1538bc09a427","ts":"2026-10-07T20:52:17.134-04:00","source":{"id":"0","name":"eventBus"}}
{"__type":"$$EventMessageNode","id":"3100d9af-61a6-49ee-a40b-d766d7edb04a","ts":"2026-10-07T20:52:17.138-04:00","eventName":"n8n.node.finished","message":"n8n.node.finished","payload":{"workflowId":"PaLPAf3VhFN11mWP","workflowName":"chimueloBot","executionId":"3736","nodeType":"n8n-nodes-base.if","nodeName":"If2","nodeId":"79a91f8d-afeb-4ddc-b6f8-3c9bb45fc216"}}
{"__type":"$$EventMessageConfirm","confirm":"3100d9af-61a6-49ee-a40b-d766d7edb04a","ts":"2026-10-07T20:52:17.138-04:00","source":{"id":"0","name":"eventBus"}}
{"__type":"$$EventMessageWorkflow","id":"aecd6bd2-1554-4f4e-b028-2524fccdbb04","ts":"2026-10-07T20:52:17.138-04:00","eventName":"n8n.workflow.success","message":"n8n.workflow.success","payload":{"executionId":"3736","success":true,"isManual":false,"mode":"webhook","workflowId":"PaLPAf3VhFN11mWP","workflowName":"chimueloBot","projectId":"4cXhCbdLbVUJK3Dd","projectName":"Ramiro De Rogatis <ramirojavierderogatis@hotmail.com>"}}
{"__type":"$$EventMessageConfirm","confirm":"aecd6bd2-1554-4f4e-b028-2524fccdbb04","ts":"2026-10-07T20:52:17.138-04:00","source":{"id":"0","name":"eventBus"}}
{"__type":"$$EventMessageAudit","id":"cdb87baa-6a63-4d67-bafb-ecf94e1c9fd5","ts":"2026-10-07T20:52:17.786-04:00","eventName":"n8n.audit.workflow.executed","message":"n8n.audit.workflow.executed","payload":{"workflowId":"PaLPAf3VhFN11mWP","workflowName":"chimueloBot","executionId":"3737","projectId":"4cXhCbdLbVUJK3Dd","projectName":"Ramiro De Rogatis <ramirojavierderogatis@hotmail.com>","source":"webhook"}}
{"__type":"$$EventMessageConfirm","confirm":"cdb87baa-6a63-4d67-bafb-ecf94e1c9fd5","ts":"2026-10-07T20:52:17.786-04:00","source":{"id":"0","name":"eventBus"}}
{"__type":"$$EventMessageWorkflow","id":"e0b684a8-92de-44ca-86ea-b1582a0a2232","ts":"2026-10-07T20:52:17.786-04:00","eventName":"n8n.workflow.started","message":"n8n.workflow.started","payload":{"executionId":"3737","workflowId":"PaLPAf3VhFN11mWP","isManual":false,"mode":"webhook","workflowName":"chimueloBot","projectId":"4cXhCbdLbVUJK3Dd","projectName":"Ramiro De Rogatis <ramirojavierderogatis@hotmail.com>"}}
{"__type":"$$EventMessageConfirm","confirm":"e0b684a8-92de-44ca-86ea-b1582a0a2232","ts":"2026-10-07T20:52:17.786-04:00","source":{"id":"0","name":"eventBus"}}
{"__type":"$$EventMessageNode","id":"075de987-386d-4311-9e1a-a5360dd4f20e","ts":"2026-10-07T20:52:17.787-04:00","eventName":"n8n.node.started","message":"n8n.node.started","payload":{"workflowId":"PaLPAf3VhFN11mWP","workflowName":"chimueloBot","executionId":"3737","nodeType":"n8n-nodes-base.webhook","nodeName":"Webhook","nodeId":"835eee2e-f5a8-41ae-8da8-c411adda2ef3"}}
{"__type":"$$EventMessageConfirm","confirm":"075de987-386d-4311-9e1a-a5360dd4f20e","ts":"2026-10-07T20:52:17.787-04:00","source":{"id":"0","name":"eventBus"}}
{"__type":"$$EventMessageNode","id":"69c52bcd-5fa9-4e81-a7aa-abc6ee6d5828","ts":"2026-10-07T20:52:17.787-04:00","eventName":"n8n.node.finished","message":"n8n.node.finished","payload":{"workflowId":"PaLPAf3VhFN11mWP","workflowName":"chimueloBot","executionId":"3737","nodeType":"n8n-nodes-base.webhook","nodeName":"Webhook","nodeId":"835eee2e-f5a8-41ae-8da8-c411adda2ef3"}}
{"__type":"$$EventMessageConfirm","confirm":"69c52bcd-5fa9-4e81-a7aa-abc6ee6d5828","ts":"2026-10-07T20:52:17.787-04:00","source":{"id":"0","name":"eventBus"}}
{"__type":"$$EventMessageNode","id":"c3dea139-c590-40cf-8009-7280ea2061c5","ts":"2026-10-07T20:52:17.787-04:00","eventName":"n8n.node.started","message":"n8n.node.started","payload":{"workflowId":"PaLPAf3VhFN11mWP","workflowName":"chimueloBot","executionId":"3737","nodeType":"n8n-nodes-base.if","nodeName":"If3","nodeId":"95b56f56-a35e-4d78-8c42-25353df18ded"}}
{"__type":"$$EventMessageConfirm","confirm":"c3dea139-c590-40cf-8009-7280ea2061c5","ts":"2026-10-07T20:52:17.787-04:00","source":{"id":"0","name":"eventBus"}}
{"__type":"$$EventMessageNode","id":"290c13a6-29bf-4518-a71e-1ac9d03a40af","ts":"2026-10-07T20:52:17.794-04:00","eventName":"n8n.node.finished","message":"n8n.node.finished","payload":{"workflowId":"PaLPAf3VhFN11mWP","workflowName":"chimueloBot","executionId":"3737","nodeType":"n8n-nodes-base.if","nodeName":"If3","nodeId":"95b56f56-a35e-4d78-8c42-25353df18ded"}}
{"__type":"$$EventMessageConfirm","confirm":"290c13a6-29bf-4518-a71e-1ac9d03a40af","ts":"2026-10-07T20:52:17.794-04:00","source":{"id":"0","name":"eventBus"}}
{"__type":"$$EventMessageNode","id":"34b46fd9-9730-40f1-8388-96d1af0e280f","ts":"2026-10-07T20:52:17.794-04:00","eventName":"n8n.node.started","message":"n8n.node.started","payload":{"workflowId":"PaLPAf3VhFN11mWP","workflowName":"chimueloBot","executionId":"3737","nodeType":"n8n-nodes-base.if","nodeName":"If","nodeId":"fce468f6-e692-43e8-a90c-29d403eaad22"}}
{"__type":"$$EventMessageConfirm","confirm":"34b46fd9-9730-40f1-8388-96d1af0e280f","ts":"2026-10-07T20:52:17.794-04:00","source":{"id":"0","name":"eventBus"}}
{"__type":"$$EventMessageNode","id":"f3b04754-394e-4cfc-b002-c1ba92c66ddf","ts":"2026-10-07T20:52:17.796-04:00","eventName":"n8n.node.finished","message":"n8n.node.finished","payload":{"workflowId":"PaLPAf3VhFN11mWP","workflowName":"chimueloBot","executionId":"3737","nodeType":"n8n-nodes-base.if","nodeName":"If","nodeId":"fce468f6-e692-43e8-a90c-29d403eaad22"}}
{"__type":"$$EventMessageConfirm","confirm":"f3b04754-394e-4cfc-b002-c1ba92c66ddf","ts":"2026-10-07T20:52:17.796-04:00","source":{"id":"0","name":"eventBus"}}
{"__type":"$$EventMessageNode","id":"c9b5a3d3-4ced-40ff-aee6-3ab742c0dfe2","ts":"2026-10-07T20:52:17.796-04:00","eventName":"n8n.node.started","message":"n8n.node.started","payload":{"workflowId":"PaLPAf3VhFN11mWP","workflowName":"chimueloBot","executionId":"3737","nodeType":"n8n-nodes-base.if","nodeName":"If1","nodeId":"e019ba3d-6fff-4262-8bed-dfee6e3133d7"}}
{"__type":"$$EventMessageConfirm","confirm":"c9b5a3d3-4ced-40ff-aee6-3ab742c0dfe2","ts":"2026-10-07T20:52:17.796-04:00","source":{"id":"0","name":"eventBus"}}
{"__type":"$$EventMessageNode","id":"4f486caf-8a8d-4796-b0a0-770ba79cb286","ts":"2026-10-07T20:52:17.798-04:00","eventName":"n8n.node.finished","message":"n8n.node.finished","payload":{"workflowId":"PaLPAf3VhFN11mWP","workflowName":"chimueloBot","executionId":"3737","nodeType":"n8n-nodes-base.if","nodeName":"If1","nodeId":"e019ba3d-6fff-4262-8bed-dfee6e3133d7"}}
{"__type":"$$EventMessageConfirm","confirm":"4f486caf-8a8d-4796-b0a0-770ba79cb286","ts":"2026-10-07T20:52:17.798-04:00","source":{"id":"0","name":"eventBus"}}
{"__type":"$$EventMessageNode","id":"3461492f-c5b2-4629-9f39-ab18afc485a4","ts":"2026-10-07T20:52:17.798-04:00","eventName":"n8n.node.started","message":"n8n.node.started","payload":{"workflowId":"PaLPAf3VhFN11mWP","workflowName":"chimueloBot","executionId":"3737","nodeType":"n8n-nodes-base.if","nodeName":"If2","nodeId":"79a91f8d-afeb-4ddc-b6f8-3c9bb45fc216"}}
{"__type":"$$EventMessageConfirm","confirm":"3461492f-c5b2-4629-9f39-ab18afc485a4","ts":"2026-10-07T20:52:17.798-04:00","source":{"id":"0","name":"eventBus"}}
{"__type":"$$EventMessageNode","id":"beae2ea6-88b0-47a6-98af-4f69ef558673","ts":"2026-10-07T20:52:17.801-04:00","eventName":"n8n.node.finished","message":"n8n.node.finished","payload":{"workflowId":"PaLPAf3VhFN11mWP","workflowName":"chimueloBot","executionId":"3737","nodeType":"n8n-nodes-base.if","nodeName":"If2","nodeId":"79a91f8d-afeb-4ddc-b6f8-3c9bb45fc216"}}
{"__type":"$$EventMessageConfirm","confirm":"beae2ea6-88b0-47a6-98af-4f69ef558673","ts":"2026-10-07T20:52:17.801-04:00","source":{"id":"0","name":"eventBus"}}
{"__type":"$$EventMessageWorkflow","id":"55332cc7-e51e-4868-9bb6-21b3b46183dc","ts":"2026-10-07T20:52:17.802-04:00","eventName":"n8n.workflow.success","message":"n8n.workflow.success","payload":{"executionId":"3737","success":true,"isManual":false,"mode":"webhook","workflowId":"PaLPAf3VhFN11mWP","workflowName":"chimueloBot","projectId":"4cXhCbdLbVUJK3Dd","projectName":"Ramiro De Rogatis <ramirojavierderogatis@hotmail.com>"}}
{"__type":"$$EventMessageConfirm","confirm":"55332cc7-e51e-4868-9bb6-21b3b46183dc","ts":"2026-10-07T20:52:17.802-04:00","source":{"id":"0","name":"eventBus"}}
{"__type":"$$EventMessageAudit","id":"7d114c1e-0241-4347-bf32-a804f22702be","ts":"2026-10-07T20:52:18.447-04:00","eventName":"n8n.audit.workflow.executed","message":"n8n.audit.workflow.executed","payload":{"workflowId":"PaLPAf3VhFN11mWP","workflowName":"chimueloBot","executionId":"3738","projectId":"4cXhCbdLbVUJK3Dd","projectName":"Ramiro De Rogatis <ramirojavierderogatis@hotmail.com>","source":"webhook"}}
{"__type":"$$EventMessageConfirm","confirm":"7d114c1e-0241-4347-bf32-a804f22702be","ts":"2026-10-07T20:52:18.447-04:00","source":{"id":"0","name":"eventBus"}}
{"__type":"$$EventMessageWorkflow","id":"06d2a084-e736-4748-bc12-32b4c5241258","ts":"2026-10-07T20:52:18.447-04:00","eventName":"n8n.workflow.started","message":"n8n.workflow.started","payload":{"executionId":"3738","workflowId":"PaLPAf3VhFN11mWP","isManual":false,"mode":"webhook","workflowName":"chimueloBot","projectId":"4cXhCbdLbVUJK3Dd","projectName":"Ramiro De Rogatis <ramirojavierderogatis@hotmail.com>"}}
{"__type":"$$EventMessageConfirm","confirm":"06d2a084-e736-4748-bc12-32b4c5241258","ts":"2026-10-07T20:52:18.447-04:00","source":{"id":"0","name":"eventBus"}}
{"__type":"$$EventMessageNode","id":"e4fcf8b9-8c47-4389-9dd3-a9c3cba525fa","ts":"2026-10-07T20:52:18.448-04:00","eventName":"n8n.node.started","message":"n8n.node.started","payload":{"workflowId":"PaLPAf3VhFN11mWP","workflowName":"chimueloBot","executionId":"3738","nodeType":"n8n-nodes-base.webhook","nodeName":"Webhook","nodeId":"835eee2e-f5a8-41ae-8da8-c411adda2ef3"}}
{"__type":"$$EventMessageConfirm","confirm":"e4fcf8b9-8c47-4389-9dd3-a9c3cba525fa","ts":"2026-10-07T20:52:18.448-04:00","source":{"id":"0","name":"eventBus"}}
{"__type":"$$EventMessageNode","id":"c2ae995a-6e30-470f-a56b-3cfb35c57ff5","ts":"2026-10-07T20:52:18.448-04:00","eventName":"n8n.node.finished","message":"n8n.node.finished","payload":{"workflowId":"PaLPAf3VhFN11mWP","workflowName":"chimueloBot","executionId":"3738","nodeType":"n8n-nodes-base.webhook","nodeName":"Webhook","nodeId":"835eee2e-f5a8-41ae-8da8-c411adda2ef3"}}
{"__type":"$$EventMessageConfirm","confirm":"c2ae995a-6e30-470f-a56b-3cfb35c57ff5","ts":"2026-10-07T20:52:18.448-04:00","source":{"id":"0","name":"eventBus"}}
{"__type":"$$EventMessageNode","id":"04463660-ffd4-489c-9ae2-0ffe70fae89a","ts":"2026-10-07T20:52:18.448-04:00","eventName":"n8n.node.started","message":"n8n.node.started","payload":{"workflowId":"PaLPAf3VhFN11mWP","workflowName":"chimueloBot","executionId":"3738","nodeType":"n8n-nodes-base.if","nodeName":"If3","nodeId":"95b56f56-a35e-4d78-8c42-25353df18ded"}}
{"__type":"$$EventMessageConfirm","confirm":"04463660-ffd4-489c-9ae2-0ffe70fae89a","ts":"2026-10-07T20:52:18.448-04:00","source":{"id":"0","name":"eventBus"}}
{"__type":"$$EventMessageNode","id":"15ba2154-6730-4e8c-a05b-8be16d85bb74","ts":"2026-10-07T20:52:18.455-04:00","eventName":"n8n.node.finished","message":"n8n.node.finished","payload":{"workflowId":"PaLPAf3VhFN11mWP","workflowName":"chimueloBot","executionId":"3738","nodeType":"n8n-nodes-base.if","nodeName":"If3","nodeId":"95b56f56-a35e-4d78-8c42-25353df18ded"}}
{"__type":"$$EventMessageConfirm","confirm":"15ba2154-6730-4e8c-a05b-8be16d85bb74","ts":"2026-10-07T20:52:18.455-04:00","source":{"id":"0","name":"eventBus"}}
{"__type":"$$EventMessageNode","id":"532c887a-ab24-4505-b65c-087c45de683d","ts":"2026-10-07T20:52:18.455-04:00","eventName":"n8n.node.started","message":"n8n.node.started","payload":{"workflowId":"PaLPAf3VhFN11mWP","workflowName":"chimueloBot","executionId":"3738","nodeType":"n8n-nodes-base.if","nodeName":"If","nodeId":"fce468f6-e692-43e8-a90c-29d403eaad22"}}
{"__type":"$$EventMessageConfirm","confirm":"532c887a-ab24-4505-b65c-087c45de683d","ts":"2026-10-07T20:52:18.455-04:00","source":{"id":"0","name":"eventBus"}}
{"__type":"$$EventMessageNode","id":"6d01e430-3c13-48bb-954b-0aad599852aa","ts":"2026-10-07T20:52:18.457-04:00","eventName":"n8n.node.finished","message":"n8n.node.finished","payload":{"workflowId":"PaLPAf3VhFN11mWP","workflowName":"chimueloBot","executionId":"3738","nodeType":"n8n-nodes-base.if","nodeName":"If","nodeId":"fce468f6-e692-43e8-a90c-29d403eaad22"}}
{"__type":"$$EventMessageConfirm","confirm":"6d01e430-3c13-48bb-954b-0aad599852aa","ts":"2026-10-07T20:52:18.457-04:00","source":{"id":"0","name":"eventBus"}}
{"__type":"$$EventMessageNode","id":"52cdc40b-179a-4e08-b7c1-d167afb98bb0","ts":"2026-10-07T20:52:18.457-04:00","eventName":"n8n.node.started","message":"n8n.node.started","payload":{"workflowId":"PaLPAf3VhFN11mWP","workflowName":"chimueloBot","executionId":"3738","nodeType":"n8n-nodes-base.if","nodeName":"If1","nodeId":"e019ba3d-6fff-4262-8bed-dfee6e3133d7"}}
{"__type":"$$EventMessageConfirm","confirm":"52cdc40b-179a-4e08-b7c1-d167afb98bb0","ts":"2026-10-07T20:52:18.457-04:00","source":{"id":"0","name":"eventBus"}}
{"__type":"$$EventMessageNode","id":"3556a374-d5c3-43e3-bb5d-aa1b4ce241b2","ts":"2026-10-07T20:52:18.459-04:00","eventName":"n8n.node.finished","message":"n8n.node.finished","payload":{"workflowId":"PaLPAf3VhFN11mWP","workflowName":"chimueloBot","executionId":"3738","nodeType":"n8n-nodes-base.if","nodeName":"If1","nodeId":"e019ba3d-6fff-4262-8bed-dfee6e3133d7"}}
{"__type":"$$EventMessageConfirm","confirm":"3556a374-d5c3-43e3-bb5d-aa1b4ce241b2","ts":"2026-10-07T20:52:18.459-04:00","source":{"id":"0","name":"eventBus"}}
{"__type":"$$EventMessageNode","id":"3d476c9d-4355-4a8f-be62-288c80c9315e","ts":"2026-10-07T20:52:18.460-04:00","eventName":"n8n.node.started","message":"n8n.node.started","payload":{"workflowId":"PaLPAf3VhFN11mWP","workflowName":"chimueloBot","executionId":"3738","nodeType":"n8n-nodes-base.if","nodeName":"If2","nodeId":"79a91f8d-afeb-4ddc-b6f8-3c9bb45fc216"}}
{"__type":"$$EventMessageConfirm","confirm":"3d476c9d-4355-4a8f-be62-288c80c9315e","ts":"2026-10-07T20:52:18.460-04:00","source":{"id":"0","name":"eventBus"}}
{"__type":"$$EventMessageNode","id":"be6a6325-83c2-454e-913a-7363a0d19029","ts":"2026-10-07T20:52:18.463-04:00","eventName":"n8n.node.finished","message":"n8n.node.finished","payload":{"workflowId":"PaLPAf3VhFN11mWP","workflowName":"chimueloBot","executionId":"3738","nodeType":"n8n-nodes-base.if","nodeName":"If2","nodeId":"79a91f8d-afeb-4ddc-b6f8-3c9bb45fc216"}}
{"__type":"$$EventMessageConfirm","confirm":"be6a6325-83c2-454e-913a-7363a0d19029","ts":"2026-10-07T20:52:18.463-04:00","source":{"id":"0","name":"eventBus"}}
{"__type":"$$EventMessageWorkflow","id":"e5f8ed60-ff0e-46d6-973a-68be239638f2","ts":"2026-10-07T20:52:18.464-04:00","eventName":"n8n.workflow.success","message":"n8n.workflow.success","payload":{"executionId":"3738","success":true,"isManual":false,"mode":"webhook","workflowId":"PaLPAf3VhFN11mWP","workflowName":"chimueloBot","projectId":"4cXhCbdLbVUJK3Dd","projectName":"Ramiro De Rogatis <ramirojavierderogatis@hotmail.com>"}}
{"__type":"$$EventMessageConfirm","confirm":"e5f8ed60-ff0e-46d6-973a-68be239638f2","ts":"2026-10-07T20:52:18.464-04:00","source":{"id":"0","name":"eventBus"}}
{"__type":"$$EventMessageAudit","id":"f9bb94bc-57a0-44ee-b1e4-4f65b3507248","ts":"2026-10-07T20:52:19.113-04:00","eventName":"n8n.audit.workflow.executed","message":"n8n.audit.workflow.executed","payload":{"workflowId":"PaLPAf3VhFN11mWP","workflowName":"chimueloBot","executionId":"3739","projectId":"4cXhCbdLbVUJK3Dd","projectName":"Ramiro De Rogatis <ramirojavierderogatis@hotmail.com>","source":"webhook"}}
{"__type":"$$EventMessageConfirm","confirm":"f9bb94bc-57a0-44ee-b1e4-4f65b3507248","ts":"2026-10-07T20:52:19.114-04:00","source":{"id":"0","name":"eventBus"}}
{"__type":"$$EventMessageWorkflow","id":"adafb55c-0d9d-492b-8ddc-a070ba834333","ts":"2026-10-07T20:52:19.114-04:00","eventName":"n8n.workflow.started","message":"n8n.workflow.started","payload":{"executionId":"3739","workflowId":"PaLPAf3VhFN11mWP","isManual":false,"mode":"webhook","workflowName":"chimueloBot","projectId":"4cXhCbdLbVUJK3Dd","projectName":"Ramiro De Rogatis <ramirojavierderogatis@hotmail.com>"}}
{"__type":"$$EventMessageConfirm","confirm":"adafb55c-0d9d-492b-8ddc-a070ba834333","ts":"2026-10-07T20:52:19.114-04:00","source":{"id":"0","name":"eventBus"}}
{"__type":"$$EventMessageNode","id":"31a4d851-dd7e-4c5c-b927-2eb008e02825","ts":"2026-10-07T20:52:19.115-04:00","eventName":"n8n.node.started","message":"n8n.node.started","payload":{"workflowId":"PaLPAf3VhFN11mWP","workflowName":"chimueloBot","executionId":"3739","nodeType":"n8n-nodes-base.webhook","nodeName":"Webhook","nodeId":"835eee2e-f5a8-41ae-8da8-c411adda2ef3"}}
{"__type":"$$EventMessageConfirm","confirm":"31a4d851-dd7e-4c5c-b927-2eb008e02825","ts":"2026-10-07T20:52:19.115-04:00","source":{"id":"0","name":"eventBus"}}
{"__type":"$$EventMessageNode","id":"c75c6b5d-9db7-4fba-92c6-ed202bb75c35","ts":"2026-10-07T20:52:19.115-04:00","eventName":"n8n.node.finished","message":"n8n.node.finished","payload":{"workflowId":"PaLPAf3VhFN11mWP","workflowName":"chimueloBot","executionId":"3739","nodeType":"n8n-nodes-base.webhook","nodeName":"Webhook","nodeId":"835eee2e-f5a8-41ae-8da8-c411adda2ef3"}}
{"__type":"$$EventMessageConfirm","confirm":"c75c6b5d-9db7-4fba-92c6-ed202bb75c35","ts":"2026-10-07T20:52:19.115-04:00","source":{"id":"0","name":"eventBus"}}
{"__type":"$$EventMessageNode","id":"5034e178-7981-466a-a319-1e93fdee1641","ts":"2026-10-07T20:52:19.116-04:00","eventName":"n8n.node.started","message":"n8n.node.started","payload":{"workflowId":"PaLPAf3VhFN11mWP","workflowName":"chimueloBot","executionId":"3739","nodeType":"n8n-nodes-base.if","nodeName":"If3","nodeId":"95b56f56-a35e-4d78-8c42-25353df18ded"}}
{"__type":"$$EventMessageConfirm","confirm":"5034e178-7981-466a-a319-1e93fdee1641","ts":"2026-10-07T20:52:19.116-04:00","source":{"id":"0","name":"eventBus"}}
{"__type":"$$EventMessageNode","id":"e6602384-a7cc-4549-b8f6-86d2cb69b0a3","ts":"2026-10-07T20:52:19.124-04:00","eventName":"n8n.node.finished","message":"n8n.node.finished","payload":{"workflowId":"PaLPAf3VhFN11mWP","workflowName":"chimueloBot","executionId":"3739","nodeType":"n8n-nodes-base.if","nodeName":"If3","nodeId":"95b56f56-a35e-4d78-8c42-25353df18ded"}}
{"__type":"$$EventMessageConfirm","confirm":"e6602384-a7cc-4549-b8f6-86d2cb69b0a3","ts":"2026-10-07T20:52:19.124-04:00","source":{"id":"0","name":"eventBus"}}
{"__type":"$$EventMessageNode","id":"2c4edc11-de41-49a0-8263-59e5b963501a","ts":"2026-10-07T20:52:19.124-04:00","eventName":"n8n.node.started","message":"n8n.node.started","payload":{"workflowId":"PaLPAf3VhFN11mWP","workflowName":"chimueloBot","executionId":"3739","nodeType":"n8n-nodes-base.if","nodeName":"If","nodeId":"fce468f6-e692-43e8-a90c-29d403eaad22"}}
{"__type":"$$EventMessageConfirm","confirm":"2c4edc11-de41-49a0-8263-59e5b963501a","ts":"2026-10-07T20:52:19.124-04:00","source":{"id":"0","name":"eventBus"}}
{"__type":"$$EventMessageNode","id":"cd3678f1-0cac-4f25-8128-257dba512e50","ts":"2026-10-07T20:52:19.127-04:00","eventName":"n8n.node.finished","message":"n8n.node.finished","payload":{"workflowId":"PaLPAf3VhFN11mWP","workflowName":"chimueloBot","executionId":"3739","nodeType":"n8n-nodes-base.if","nodeName":"If","nodeId":"fce468f6-e692-43e8-a90c-29d403eaad22"}}
{"__type":"$$EventMessageConfirm","confirm":"cd3678f1-0cac-4f25-8128-257dba512e50","ts":"2026-10-07T20:52:19.127-04:00","source":{"id":"0","name":"eventBus"}}
{"__type":"$$EventMessageNode","id":"0d717a72-78de-40d6-af3e-5a53a754eade","ts":"2026-10-07T20:52:19.127-04:00","eventName":"n8n.node.started","message":"n8n.node.started","payload":{"workflowId":"PaLPAf3VhFN11mWP","workflowName":"chimueloBot","executionId":"3739","nodeType":"n8n-nodes-base.if","nodeName":"If1","nodeId":"e019ba3d-6fff-4262-8bed-dfee6e3133d7"}}
{"__type":"$$EventMessageConfirm","confirm":"0d717a72-78de-40d6-af3e-5a53a754eade","ts":"2026-10-07T20:52:19.127-04:00","source":{"id":"0","name":"eventBus"}}
{"__type":"$$EventMessageNode","id":"7284e1b6-4286-456d-bfe8-d760a005c927","ts":"2026-10-07T20:52:19.129-04:00","eventName":"n8n.node.finished","message":"n8n.node.finished","payload":{"workflowId":"PaLPAf3VhFN11mWP","workflowName":"chimueloBot","executionId":"3739","nodeType":"n8n-nodes-base.if","nodeName":"If1","nodeId":"e019ba3d-6fff-4262-8bed-dfee6e3133d7"}}
{"__type":"$$EventMessageConfirm","confirm":"7284e1b6-4286-456d-bfe8-d760a005c927","ts":"2026-10-07T20:52:19.129-04:00","source":{"id":"0","name":"eventBus"}}
{"__type":"$$EventMessageNode","id":"4a236d65-9d7e-47b4-b61d-90e8ae19a20f","ts":"2026-10-07T20:52:19.129-04:00","eventName":"n8n.node.started","message":"n8n.node.started","payload":{"workflowId":"PaLPAf3VhFN11mWP","workflowName":"chimueloBot","executionId":"3739","nodeType":"n8n-nodes-base.if","nodeName":"If2","nodeId":"79a91f8d-afeb-4ddc-b6f8-3c9bb45fc216"}}
{"__type":"$$EventMessageConfirm","confirm":"4a236d65-9d7e-47b4-b61d-90e8ae19a20f","ts":"2026-10-07T20:52:19.129-04:00","source":{"id":"0","name":"eventBus"}}
{"__type":"$$EventMessageNode","id":"89d87340-71fc-4dea-8d6d-ebe406a81add","ts":"2026-10-07T20:52:19.133-04:00","eventName":"n8n.node.finished","message":"n8n.node.finished","payload":{"workflowId":"PaLPAf3VhFN11mWP","workflowName":"chimueloBot","executionId":"3739","nodeType":"n8n-nodes-base.if","nodeName":"If2","nodeId":"79a91f8d-afeb-4ddc-b6f8-3c9bb45fc216"}}
{"__type":"$$EventMessageConfirm","confirm":"89d87340-71fc-4dea-8d6d-ebe406a81add","ts":"2026-10-07T20:52:19.133-04:00","source":{"id":"0","name":"eventBus"}}
{"__type":"$$EventMessageWorkflow","id":"9309f7d1-1ad5-4c44-8af7-3047229e8049","ts":"2026-10-07T20:52:19.133-04:00","eventName":"n8n.workflow.success","message":"n8n.workflow.success","payload":{"executionId":"3739","success":true,"isManual":false,"mode":"webhook","workflowId":"PaLPAf3VhFN11mWP","workflowName":"chimueloBot","projectId":"4cXhCbdLbVUJK3Dd","projectName":"Ramiro De Rogatis <ramirojavierderogatis@hotmail.com>"}}
{"__type":"$$EventMessageConfirm","confirm":"9309f7d1-1ad5-4c44-8af7-3047229e8049","ts":"2026-10-07T20:52:19.133-04:00","source":{"id":"0","name":"eventBus"}}
{"__type":"$$EventMessageAudit","id":"7f745702-7053-442e-a565-c21904c3897e","ts":"2026-10-07T20:52:19.763-04:00","eventName":"n8n.audit.workflow.executed","message":"n8n.audit.workflow.executed","payload":{"workflowId":"PaLPAf3VhFN11mWP","workflowName":"chimueloBot","executionId":"3740","projectId":"4cXhCbdLbVUJK3Dd","projectName":"Ramiro De Rogatis <ramirojavierderogatis@hotmail.com>","source":"webhook"}}
{"__type":"$$EventMessageConfirm","confirm":"7f745702-7053-442e-a565-c21904c3897e","ts":"2026-10-07T20:52:19.763-04:00","source":{"id":"0","name":"eventBus"}}
{"__type":"$$EventMessageWorkflow","id":"18f1e5a5-d769-4823-8cdc-6611446781f2","ts":"2026-10-07T20:52:19.763-04:00","eventName":"n8n.workflow.started","message":"n8n.workflow.started","payload":{"executionId":"3740","workflowId":"PaLPAf3VhFN11mWP","isManual":false,"mode":"webhook","workflowName":"chimueloBot","projectId":"4cXhCbdLbVUJK3Dd","projectName":"Ramiro De Rogatis <ramirojavierderogatis@hotmail.com>"}}
{"__type":"$$EventMessageConfirm","confirm":"18f1e5a5-d769-4823-8cdc-6611446781f2","ts":"2026-10-07T20:52:19.763-04:00","source":{"id":"0","name":"eventBus"}}
{"__type":"$$EventMessageNode","id":"07c950b3-7d17-4485-a5b6-792e609c517b","ts":"2026-10-07T20:52:19.764-04:00","eventName":"n8n.node.started","message":"n8n.node.started","payload":{"workflowId":"PaLPAf3VhFN11mWP","workflowName":"chimueloBot","executionId":"3740","nodeType":"n8n-nodes-base.webhook","nodeName":"Webhook","nodeId":"835eee2e-f5a8-41ae-8da8-c411adda2ef3"}}
{"__type":"$$EventMessageConfirm","confirm":"07c950b3-7d17-4485-a5b6-792e609c517b","ts":"2026-10-07T20:52:19.764-04:00","source":{"id":"0","name":"eventBus"}}
{"__type":"$$EventMessageNode","id":"857a4e2d-0f66-4909-9ffe-df06a41f247c","ts":"2026-10-07T20:52:19.764-04:00","eventName":"n8n.node.finished","message":"n8n.node.finished","payload":{"workflowId":"PaLPAf3VhFN11mWP","workflowName":"chimueloBot","executionId":"3740","nodeType":"n8n-nodes-base.webhook","nodeName":"Webhook","nodeId":"835eee2e-f5a8-41ae-8da8-c411adda2ef3"}}
{"__type":"$$EventMessageConfirm","confirm":"857a4e2d-0f66-4909-9ffe-df06a41f247c","ts":"2026-10-07T20:52:19.764-04:00","source":{"id":"0","name":"eventBus"}}
{"__type":"$$EventMessageNode","id":"6dddd017-573d-4df2-9239-a092f5ff014d","ts":"2026-10-07T20:52:19.764-04:00","eventName":"n8n.node.started","message":"n8n.node.started","payload":{"workflowId":"PaLPAf3VhFN11mWP","workflowName":"chimueloBot","executionId":"3740","nodeType":"n8n-nodes-base.if","nodeName":"If3","nodeId":"95b56f56-a35e-4d78-8c42-25353df18ded"}}
{"__type":"$$EventMessageConfirm","confirm":"6dddd017-573d-4df2-9239-a092f5ff014d","ts":"2026-10-07T20:52:19.764-04:00","source":{"id":"0","name":"eventBus"}}
{"__type":"$$EventMessageNode","id":"f5650509-c0c9-4fd7-a842-eca4e6da8fc4","ts":"2026-10-07T20:52:19.771-04:00","eventName":"n8n.node.finished","message":"n8n.node.finished","payload":{"workflowId":"PaLPAf3VhFN11mWP","workflowName":"chimueloBot","executionId":"3740","nodeType":"n8n-nodes-base.if","nodeName":"If3","nodeId":"95b56f56-a35e-4d78-8c42-25353df18ded"}}
{"__type":"$$EventMessageConfirm","confirm":"f5650509-c0c9-4fd7-a842-eca4e6da8fc4","ts":"2026-10-07T20:52:19.771-04:00","source":{"id":"0","name":"eventBus"}}
{"__type":"$$EventMessageNode","id":"275b4b28-397c-4076-8895-cad9c40bbf96","ts":"2026-10-07T20:52:19.772-04:00","eventName":"n8n.node.started","message":"n8n.node.started","payload":{"workflowId":"PaLPAf3VhFN11mWP","workflowName":"chimueloBot","executionId":"3740","nodeType":"n8n-nodes-base.if","nodeName":"If","nodeId":"fce468f6-e692-43e8-a90c-29d403eaad22"}}
{"__type":"$$EventMessageConfirm","confirm":"275b4b28-397c-4076-8895-cad9c40bbf96","ts":"2026-10-07T20:52:19.772-04:00","source":{"id":"0","name":"eventBus"}}
{"__type":"$$EventMessageNode","id":"c7e015f8-686c-45ca-b852-ce155d9d6291","ts":"2026-10-07T20:52:19.774-04:00","eventName":"n8n.node.finished","message":"n8n.node.finished","payload":{"workflowId":"PaLPAf3VhFN11mWP","workflowName":"chimueloBot","executionId":"3740","nodeType":"n8n-nodes-base.if","nodeName":"If","nodeId":"fce468f6-e692-43e8-a90c-29d403eaad22"}}
{"__type":"$$EventMessageConfirm","confirm":"c7e015f8-686c-45ca-b852-ce155d9d6291","ts":"2026-10-07T20:52:19.774-04:00","source":{"id":"0","name":"eventBus"}}
{"__type":"$$EventMessageNode","id":"27b019c0-fd27-4ee9-94e1-390b2c07c19d","ts":"2026-10-07T20:52:19.774-04:00","eventName":"n8n.node.started","message":"n8n.node.started","payload":{"workflowId":"PaLPAf3VhFN11mWP","workflowName":"chimueloBot","executionId":"3740","nodeType":"n8n-nodes-base.if","nodeName":"If1","nodeId":"e019ba3d-6fff-4262-8bed-dfee6e3133d7"}}
{"__type":"$$EventMessageConfirm","confirm":"27b019c0-fd27-4ee9-94e1-390b2c07c19d","ts":"2026-10-07T20:52:19.774-04:00","source":{"id":"0","name":"eventBus"}}
{"__type":"$$EventMessageNode","id":"8ed0c1e7-e420-4369-a005-009ddb1d9414","ts":"2026-10-07T20:52:19.777-04:00","eventName":"n8n.node.finished","message":"n8n.node.finished","payload":{"workflowId":"PaLPAf3VhFN11mWP","workflowName":"chimueloBot","executionId":"3740","nodeType":"n8n-nodes-base.if","nodeName":"If1","nodeId":"e019ba3d-6fff-4262-8bed-dfee6e3133d7"}}
{"__type":"$$EventMessageConfirm","confirm":"8ed0c1e7-e420-4369-a005-009ddb1d9414","ts":"2026-10-07T20:52:19.777-04:00","source":{"id":"0","name":"eventBus"}}
{"__type":"$$EventMessageNode","id":"a6dea269-9465-438c-8de9-5bc895d629c8","ts":"2026-10-07T20:52:19.777-04:00","eventName":"n8n.node.started","message":"n8n.node.started","payload":{"workflowId":"PaLPAf3VhFN11mWP","workflowName":"chimueloBot","executionId":"3740","nodeType":"n8n-nodes-base.if","nodeName":"If2","nodeId":"79a91f8d-afeb-4ddc-b6f8-3c9bb45fc216"}}
{"__type":"$$EventMessageConfirm","confirm":"a6dea269-9465-438c-8de9-5bc895d629c8","ts":"2026-10-07T20:52:19.777-04:00","source":{"id":"0","name":"eventBus"}}
{"__type":"$$EventMessageNode","id":"720604f5-c378-4545-ab18-8a9b742dd128","ts":"2026-10-07T20:52:19.781-04:00","eventName":"n8n.node.finished","message":"n8n.node.finished","payload":{"workflowId":"PaLPAf3VhFN11mWP","workflowName":"chimueloBot","executionId":"3740","nodeType":"n8n-nodes-base.if","nodeName":"If2","nodeId":"79a91f8d-afeb-4ddc-b6f8-3c9bb45fc216"}}
{"__type":"$$EventMessageConfirm","confirm":"720604f5-c378-4545-ab18-8a9b742dd128","ts":"2026-10-07T20:52:19.781-04:00","source":{"id":"0","name":"eventBus"}}
{"__type":"$$EventMessageWorkflow","id":"10158da2-d1e2-40a1-aabb-235a20bad8b2","ts":"2026-10-07T20:52:19.781-04:00","eventName":"n8n.workflow.success","message":"n8n.workflow.success","payload":{"executionId":"3740","success":true,"isManual":false,"mode":"webhook","workflowId":"PaLPAf3VhFN11mWP","workflowName":"chimueloBot","projectId":"4cXhCbdLbVUJK3Dd","projectName":"Ramiro De Rogatis <ramirojavierderogatis@hotmail.com>"}}
{"__type":"$$EventMessageConfirm","confirm":"10158da2-d1e2-40a1-aabb-235a20bad8b2","ts":"2026-10-07T20:52:19.781-04:00","source":{"id":"0","name":"eventBus"}}
{"__type":"$$EventMessageAudit","id":"4c22da65-419c-42e3-ac94-6557cef24474","ts":"2026-10-07T20:52:20.395-04:00","eventName":"n8n.audit.workflow.executed","message":"n8n.audit.workflow.executed","payload":{"workflowId":"PaLPAf3VhFN11mWP","workflowName":"chimueloBot","executionId":"3741","projectId":"4cXhCbdLbVUJK3Dd","projectName":"Ramiro De Rogatis <ramirojavierderogatis@hotmail.com>","source":"webhook"}}
{"__type":"$$EventMessageConfirm","confirm":"4c22da65-419c-42e3-ac94-6557cef24474","ts":"2026-10-07T20:52:20.395-04:00","source":{"id":"0","name":"eventBus"}}
{"__type":"$$EventMessageWorkflow","id":"9b6adc59-fb98-4ca5-bc1b-179ab56cd784","ts":"2026-10-07T20:52:20.395-04:00","eventName":"n8n.workflow.started","message":"n8n.workflow.started","payload":{"executionId":"3741","workflowId":"PaLPAf3VhFN11mWP","isManual":false,"mode":"webhook","workflowName":"chimueloBot","projectId":"4cXhCbdLbVUJK3Dd","projectName":"Ramiro De Rogatis <ramirojavierderogatis@hotmail.com>"}}
{"__type":"$$EventMessageConfirm","confirm":"9b6adc59-fb98-4ca5-bc1b-179ab56cd784","ts":"2026-10-07T20:52:20.395-04:00","source":{"id":"0","name":"eventBus"}}
{"__type":"$$EventMessageNode","id":"aa251294-1dfc-4510-a27c-e97c968d7dc0","ts":"2026-10-07T20:52:20.396-04:00","eventName":"n8n.node.started","message":"n8n.node.started","payload":{"workflowId":"PaLPAf3VhFN11mWP","workflowName":"chimueloBot","executionId":"3741","nodeType":"n8n-nodes-base.webhook","nodeName":"Webhook","nodeId":"835eee2e-f5a8-41ae-8da8-c411adda2ef3"}}
{"__type":"$$EventMessageConfirm","confirm":"aa251294-1dfc-4510-a27c-e97c968d7dc0","ts":"2026-10-07T20:52:20.396-04:00","source":{"id":"0","name":"eventBus"}}
{"__type":"$$EventMessageNode","id":"8e401692-bfa9-4406-8219-411e0d28d842","ts":"2026-10-07T20:52:20.396-04:00","eventName":"n8n.node.finished","message":"n8n.node.finished","payload":{"workflowId":"PaLPAf3VhFN11mWP","workflowName":"chimueloBot","executionId":"3741","nodeType":"n8n-nodes-base.webhook","nodeName":"Webhook","nodeId":"835eee2e-f5a8-41ae-8da8-c411adda2ef3"}}
{"__type":"$$EventMessageConfirm","confirm":"8e401692-bfa9-4406-8219-411e0d28d842","ts":"2026-10-07T20:52:20.396-04:00","source":{"id":"0","name":"eventBus"}}
{"__type":"$$EventMessageNode","id":"1a12ae50-3038-41d4-bb98-e0596d901022","ts":"2026-10-07T20:52:20.396-04:00","eventName":"n8n.node.started","message":"n8n.node.started","payload":{"workflowId":"PaLPAf3VhFN11mWP","workflowName":"chimueloBot","executionId":"3741","nodeType":"n8n-nodes-base.if","nodeName":"If3","nodeId":"95b56f56-a35e-4d78-8c42-25353df18ded"}}
{"__type":"$$EventMessageConfirm","confirm":"1a12ae50-3038-41d4-bb98-e0596d901022","ts":"2026-10-07T20:52:20.396-04:00","source":{"id":"0","name":"eventBus"}}
{"__type":"$$EventMessageNode","id":"bef726b8-6d74-45fc-afe0-491b049964fc","ts":"2026-10-07T20:52:20.403-04:00","eventName":"n8n.node.finished","message":"n8n.node.finished","payload":{"workflowId":"PaLPAf3VhFN11mWP","workflowName":"chimueloBot","executionId":"3741","nodeType":"n8n-nodes-base.if","nodeName":"If3","nodeId":"95b56f56-a35e-4d78-8c42-25353df18ded"}}
{"__type":"$$EventMessageConfirm","confirm":"bef726b8-6d74-45fc-afe0-491b049964fc","ts":"2026-10-07T20:52:20.403-04:00","source":{"id":"0","name":"eventBus"}}
{"__type":"$$EventMessageNode","id":"f2e33b32-5393-43c0-bf76-4448b9eea435","ts":"2026-10-07T20:52:20.403-04:00","eventName":"n8n.node.started","message":"n8n.node.started","payload":{"workflowId":"PaLPAf3VhFN11mWP","workflowName":"chimueloBot","executionId":"3741","nodeType":"n8n-nodes-base.if","nodeName":"If","nodeId":"fce468f6-e692-43e8-a90c-29d403eaad22"}}
{"__type":"$$EventMessageConfirm","confirm":"f2e33b32-5393-43c0-bf76-4448b9eea435","ts":"2026-10-07T20:52:20.403-04:00","source":{"id":"0","name":"eventBus"}}
{"__type":"$$EventMessageNode","id":"9171ff65-d687-4c05-9891-6017b096449b","ts":"2026-10-07T20:52:20.405-04:00","eventName":"n8n.node.finished","message":"n8n.node.finished","payload":{"workflowId":"PaLPAf3VhFN11mWP","workflowName":"chimueloBot","executionId":"3741","nodeType":"n8n-nodes-base.if","nodeName":"If","nodeId":"fce468f6-e692-43e8-a90c-29d403eaad22"}}
{"__type":"$$EventMessageConfirm","confirm":"9171ff65-d687-4c05-9891-6017b096449b","ts":"2026-10-07T20:52:20.405-04:00","source":{"id":"0","name":"eventBus"}}
{"__type":"$$EventMessageNode","id":"f454b2da-4407-48d6-b1a8-0ca274675197","ts":"2026-10-07T20:52:20.405-04:00","eventName":"n8n.node.started","message":"n8n.node.started","payload":{"workflowId":"PaLPAf3VhFN11mWP","workflowName":"chimueloBot","executionId":"3741","nodeType":"n8n-nodes-base.if","nodeName":"If1","nodeId":"e019ba3d-6fff-4262-8bed-dfee6e3133d7"}}
{"__type":"$$EventMessageConfirm","confirm":"f454b2da-4407-48d6-b1a8-0ca274675197","ts":"2026-10-07T20:52:20.405-04:00","source":{"id":"0","name":"eventBus"}}
{"__type":"$$EventMessageNode","id":"853fba77-c6ee-4ab8-9a93-b1f0d9aff80f","ts":"2026-10-07T20:52:20.407-04:00","eventName":"n8n.node.finished","message":"n8n.node.finished","payload":{"workflowId":"PaLPAf3VhFN11mWP","workflowName":"chimueloBot","executionId":"3741","nodeType":"n8n-nodes-base.if","nodeName":"If1","nodeId":"e019ba3d-6fff-4262-8bed-dfee6e3133d7"}}
{"__type":"$$EventMessageConfirm","confirm":"853fba77-c6ee-4ab8-9a93-b1f0d9aff80f","ts":"2026-10-07T20:52:20.407-04:00","source":{"id":"0","name":"eventBus"}}
{"__type":"$$EventMessageNode","id":"3aae8c71-55c6-4130-9cd1-c8c81ba8b1e3","ts":"2026-10-07T20:52:20.407-04:00","eventName":"n8n.node.started","message":"n8n.node.started","payload":{"workflowId":"PaLPAf3VhFN11mWP","workflowName":"chimueloBot","executionId":"3741","nodeType":"n8n-nodes-base.if","nodeName":"If2","nodeId":"79a91f8d-afeb-4ddc-b6f8-3c9bb45fc216"}}
{"__type":"$$EventMessageConfirm","confirm":"3aae8c71-55c6-4130-9cd1-c8c81ba8b1e3","ts":"2026-10-07T20:52:20.407-04:00","source":{"id":"0","name":"eventBus"}}
{"__type":"$$EventMessageNode","id":"1b7c098d-81da-4511-a7d9-ba1dc9d44e50","ts":"2026-10-07T20:52:20.411-04:00","eventName":"n8n.node.finished","message":"n8n.node.finished","payload":{"workflowId":"PaLPAf3VhFN11mWP","workflowName":"chimueloBot","executionId":"3741","nodeType":"n8n-nodes-base.if","nodeName":"If2","nodeId":"79a91f8d-afeb-4ddc-b6f8-3c9bb45fc216"}}
{"__type":"$$EventMessageConfirm","confirm":"1b7c098d-81da-4511-a7d9-ba1dc9d44e50","ts":"2026-10-07T20:52:20.411-04:00","source":{"id":"0","name":"eventBus"}}
{"__type":"$$EventMessageWorkflow","id":"33e7dd73-b054-4578-a872-628f4c588254","ts":"2026-10-07T20:52:20.411-04:00","eventName":"n8n.workflow.success","message":"n8n.workflow.success","payload":{"executionId":"3741","success":true,"isManual":false,"mode":"webhook","workflowId":"PaLPAf3VhFN11mWP","workflowName":"chimueloBot","projectId":"4cXhCbdLbVUJK3Dd","projectName":"Ramiro De Rogatis <ramirojavierderogatis@hotmail.com>"}}
{"__type":"$$EventMessageConfirm","confirm":"33e7dd73-b054-4578-a872-628f4c588254","ts":"2026-10-07T20:52:20.411-04:00","source":{"id":"0","name":"eventBus"}}
{"__type":"$$EventMessageAudit","id":"4e3ea45a-cb06-4f79-9302-21f8244641af","ts":"2026-10-07T20:52:21.030-04:00","eventName":"n8n.audit.workflow.executed","message":"n8n.audit.workflow.executed","payload":{"workflowId":"PaLPAf3VhFN11mWP","workflowName":"chimueloBot","executionId":"3742","projectId":"4cXhCbdLbVUJK3Dd","projectName":"Ramiro De Rogatis <ramirojavierderogatis@hotmail.com>","source":"webhook"}}
{"__type":"$$EventMessageConfirm","confirm":"4e3ea45a-cb06-4f79-9302-21f8244641af","ts":"2026-10-07T20:52:21.031-04:00","source":{"id":"0","name":"eventBus"}}
{"__type":"$$EventMessageWorkflow","id":"d75ca0bf-0c99-4fd8-aec8-001ad646b4e4","ts":"2026-10-07T20:52:21.031-04:00","eventName":"n8n.workflow.started","message":"n8n.workflow.started","payload":{"executionId":"3742","workflowId":"PaLPAf3VhFN11mWP","isManual":false,"mode":"webhook","workflowName":"chimueloBot","projectId":"4cXhCbdLbVUJK3Dd","projectName":"Ramiro De Rogatis <ramirojavierderogatis@hotmail.com>"}}
{"__type":"$$EventMessageConfirm","confirm":"d75ca0bf-0c99-4fd8-aec8-001ad646b4e4","ts":"2026-10-07T20:52:21.031-04:00","source":{"id":"0","name":"eventBus"}}
{"__type":"$$EventMessageNode","id":"18c327e8-dc1d-4f04-8b47-559fb5b26f6c","ts":"2026-10-07T20:52:21.032-04:00","eventName":"n8n.node.started","message":"n8n.node.started","payload":{"workflowId":"PaLPAf3VhFN11mWP","workflowName":"chimueloBot","executionId":"3742","nodeType":"n8n-nodes-base.webhook","nodeName":"Webhook","nodeId":"835eee2e-f5a8-41ae-8da8-c411adda2ef3"}}
{"__type":"$$EventMessageConfirm","confirm":"18c327e8-dc1d-4f04-8b47-559fb5b26f6c","ts":"2026-10-07T20:52:21.032-04:00","source":{"id":"0","name":"eventBus"}}
{"__type":"$$EventMessageNode","id":"e0099f35-76fd-4628-8264-4556d04e4b38","ts":"2026-10-07T20:52:21.032-04:00","eventName":"n8n.node.finished","message":"n8n.node.finished","payload":{"workflowId":"PaLPAf3VhFN11mWP","workflowName":"chimueloBot","executionId":"3742","nodeType":"n8n-nodes-base.webhook","nodeName":"Webhook","nodeId":"835eee2e-f5a8-41ae-8da8-c411adda2ef3"}}
{"__type":"$$EventMessageConfirm","confirm":"e0099f35-76fd-4628-8264-4556d04e4b38","ts":"2026-10-07T20:52:21.032-04:00","source":{"id":"0","name":"eventBus"}}
{"__type":"$$EventMessageNode","id":"40137c6a-715c-4018-b09c-af2eeb9a353b","ts":"2026-10-07T20:52:21.032-04:00","eventName":"n8n.node.started","message":"n8n.node.started","payload":{"workflowId":"PaLPAf3VhFN11mWP","workflowName":"chimueloBot","executionId":"3742","nodeType":"n8n-nodes-base.if","nodeName":"If3","nodeId":"95b56f56-a35e-4d78-8c42-25353df18ded"}}
{"__type":"$$EventMessageConfirm","confirm":"40137c6a-715c-4018-b09c-af2eeb9a353b","ts":"2026-10-07T20:52:21.032-04:00","source":{"id":"0","name":"eventBus"}}
{"__type":"$$EventMessageNode","id":"308ea296-c71b-46de-9650-cd4ba55b34c2","ts":"2026-10-07T20:52:21.038-04:00","eventName":"n8n.node.finished","message":"n8n.node.finished","payload":{"workflowId":"PaLPAf3VhFN11mWP","workflowName":"chimueloBot","executionId":"3742","nodeType":"n8n-nodes-base.if","nodeName":"If3","nodeId":"95b56f56-a35e-4d78-8c42-25353df18ded"}}
{"__type":"$$EventMessageConfirm","confirm":"308ea296-c71b-46de-9650-cd4ba55b34c2","ts":"2026-10-07T20:52:21.039-04:00","source":{"id":"0","name":"eventBus"}}
{"__type":"$$EventMessageNode","id":"090c91ab-eb88-4622-a3d6-0b7c0a114fc9","ts":"2026-10-07T20:52:21.039-04:00","eventName":"n8n.node.started","message":"n8n.node.started","payload":{"workflowId":"PaLPAf3VhFN11mWP","workflowName":"chimueloBot","executionId":"3742","nodeType":"n8n-nodes-base.if","nodeName":"If","nodeId":"fce468f6-e692-43e8-a90c-29d403eaad22"}}
{"__type":"$$EventMessageConfirm","confirm":"090c91ab-eb88-4622-a3d6-0b7c0a114fc9","ts":"2026-10-07T20:52:21.039-04:00","source":{"id":"0","name":"eventBus"}}
{"__type":"$$EventMessageNode","id":"6e23c9f6-9387-4962-8dfe-6ceaf31ced26","ts":"2026-10-07T20:52:21.040-04:00","eventName":"n8n.node.finished","message":"n8n.node.finished","payload":{"workflowId":"PaLPAf3VhFN11mWP","workflowName":"chimueloBot","executionId":"3742","nodeType":"n8n-nodes-base.if","nodeName":"If","nodeId":"fce468f6-e692-43e8-a90c-29d403eaad22"}}
{"__type":"$$EventMessageConfirm","confirm":"6e23c9f6-9387-4962-8dfe-6ceaf31ced26","ts":"2026-10-07T20:52:21.040-04:00","source":{"id":"0","name":"eventBus"}}
{"__type":"$$EventMessageNode","id":"8829789b-a680-4456-9229-984ae38b3799","ts":"2026-10-07T20:52:21.040-04:00","eventName":"n8n.node.started","message":"n8n.node.started","payload":{"workflowId":"PaLPAf3VhFN11mWP","workflowName":"chimueloBot","executionId":"3742","nodeType":"n8n-nodes-base.if","nodeName":"If1","nodeId":"e019ba3d-6fff-4262-8bed-dfee6e3133d7"}}
{"__type":"$$EventMessageConfirm","confirm":"8829789b-a680-4456-9229-984ae38b3799","ts":"2026-10-07T20:52:21.041-04:00","source":{"id":"0","name":"eventBus"}}
{"__type":"$$EventMessageNode","id":"095a6b2e-a5a2-4eaf-ad0a-9d9ee0ec0994","ts":"2026-10-07T20:52:21.043-04:00","eventName":"n8n.node.finished","message":"n8n.node.finished","payload":{"workflowId":"PaLPAf3VhFN11mWP","workflowName":"chimueloBot","executionId":"3742","nodeType":"n8n-nodes-base.if","nodeName":"If1","nodeId":"e019ba3d-6fff-4262-8bed-dfee6e3133d7"}}
{"__type":"$$EventMessageConfirm","confirm":"095a6b2e-a5a2-4eaf-ad0a-9d9ee0ec0994","ts":"2026-10-07T20:52:21.043-04:00","source":{"id":"0","name":"eventBus"}}
{"__type":"$$EventMessageNode","id":"c98811fe-d51c-4186-82c1-ea8e4f4e525f","ts":"2026-10-07T20:52:21.043-04:00","eventName":"n8n.node.started","message":"n8n.node.started","payload":{"workflowId":"PaLPAf3VhFN11mWP","workflowName":"chimueloBot","executionId":"3742","nodeType":"n8n-nodes-base.if","nodeName":"If2","nodeId":"79a91f8d-afeb-4ddc-b6f8-3c9bb45fc216"}}
{"__type":"$$EventMessageConfirm","confirm":"c98811fe-d51c-4186-82c1-ea8e4f4e525f","ts":"2026-10-07T20:52:21.043-04:00","source":{"id":"0","name":"eventBus"}}
{"__type":"$$EventMessageNode","id":"2582b238-363c-4c1b-9a9e-a79d197cc40f","ts":"2026-10-07T20:52:21.047-04:00","eventName":"n8n.node.finished","message":"n8n.node.finished","payload":{"workflowId":"PaLPAf3VhFN11mWP","workflowName":"chimueloBot","executionId":"3742","nodeType":"n8n-nodes-base.if","nodeName":"If2","nodeId":"79a91f8d-afeb-4ddc-b6f8-3c9bb45fc216"}}
{"__type":"$$EventMessageConfirm","confirm":"2582b238-363c-4c1b-9a9e-a79d197cc40f","ts":"2026-10-07T20:52:21.047-04:00","source":{"id":"0","name":"eventBus"}}
{"__type":"$$EventMessageWorkflow","id":"36899228-83db-460c-bd33-b1a0afa05e3c","ts":"2026-10-07T20:52:21.047-04:00","eventName":"n8n.workflow.success","message":"n8n.workflow.success","payload":{"executionId":"3742","success":true,"isManual":false,"mode":"webhook","workflowId":"PaLPAf3VhFN11mWP","workflowName":"chimueloBot","projectId":"4cXhCbdLbVUJK3Dd","projectName":"Ramiro De Rogatis <ramirojavierderogatis@hotmail.com>"}}
{"__type":"$$EventMessageConfirm","confirm":"36899228-83db-460c-bd33-b1a0afa05e3c","ts":"2026-10-07T20:52:21.047-04:00","source":{"id":"0","name":"eventBus"}}
{"__type":"$$EventMessageAudit","id":"4264affd-e96d-452d-a8bf-5c7bb931ec88","ts":"2026-10-07T20:52:21.646-04:00","eventName":"n8n.audit.workflow.executed","message":"n8n.audit.workflow.executed","payload":{"workflowId":"PaLPAf3VhFN11mWP","workflowName":"chimueloBot","executionId":"3743","projectId":"4cXhCbdLbVUJK3Dd","projectName":"Ramiro De Rogatis <ramirojavierderogatis@hotmail.com>","source":"webhook"}}
{"__type":"$$EventMessageConfirm","confirm":"4264affd-e96d-452d-a8bf-5c7bb931ec88","ts":"2026-10-07T20:52:21.646-04:00","source":{"id":"0","name":"eventBus"}}
{"__type":"$$EventMessageWorkflow","id":"3f756c63-8822-4da6-b26c-cc0f602a01ef","ts":"2026-10-07T20:52:21.646-04:00","eventName":"n8n.workflow.started","message":"n8n.workflow.started","payload":{"executionId":"3743","workflowId":"PaLPAf3VhFN11mWP","isManual":false,"mode":"webhook","workflowName":"chimueloBot","projectId":"4cXhCbdLbVUJK3Dd","projectName":"Ramiro De Rogatis <ramirojavierderogatis@hotmail.com>"}}
{"__type":"$$EventMessageConfirm","confirm":"3f756c63-8822-4da6-b26c-cc0f602a01ef","ts":"2026-10-07T20:52:21.646-04:00","source":{"id":"0","name":"eventBus"}}
{"__type":"$$EventMessageNode","id":"2a0a996a-2c37-4aa1-9d6c-587d22fee737","ts":"2026-10-07T20:52:21.646-04:00","eventName":"n8n.node.started","message":"n8n.node.started","payload":{"workflowId":"PaLPAf3VhFN11mWP","workflowName":"chimueloBot","executionId":"3743","nodeType":"n8n-nodes-base.webhook","nodeName":"Webhook","nodeId":"835eee2e-f5a8-41ae-8da8-c411adda2ef3"}}
{"__type":"$$EventMessageConfirm","confirm":"2a0a996a-2c37-4aa1-9d6c-587d22fee737","ts":"2026-10-07T20:52:21.647-04:00","source":{"id":"0","name":"eventBus"}}
{"__type":"$$EventMessageNode","id":"a8a908e0-dc64-4ad2-9e13-9f20185f96c0","ts":"2026-10-07T20:52:21.647-04:00","eventName":"n8n.node.finished","message":"n8n.node.finished","payload":{"workflowId":"PaLPAf3VhFN11mWP","workflowName":"chimueloBot","executionId":"3743","nodeType":"n8n-nodes-base.webhook","nodeName":"Webhook","nodeId":"835eee2e-f5a8-41ae-8da8-c411adda2ef3"}}
{"__type":"$$EventMessageConfirm","confirm":"a8a908e0-dc64-4ad2-9e13-9f20185f96c0","ts":"2026-10-07T20:52:21.647-04:00","source":{"id":"0","name":"eventBus"}}
{"__type":"$$EventMessageNode","id":"7c2183ca-ed64-4964-94d5-33771e55abb6","ts":"2026-10-07T20:52:21.647-04:00","eventName":"n8n.node.started","message":"n8n.node.started","payload":{"workflowId":"PaLPAf3VhFN11mWP","workflowName":"chimueloBot","executionId":"3743","nodeType":"n8n-nodes-base.if","nodeName":"If3","nodeId":"95b56f56-a35e-4d78-8c42-25353df18ded"}}
{"__type":"$$EventMessageConfirm","confirm":"7c2183ca-ed64-4964-94d5-33771e55abb6","ts":"2026-10-07T20:52:21.647-04:00","source":{"id":"0","name":"eventBus"}}
{"__type":"$$EventMessageNode","id":"5304a8b0-902c-4e8c-a15e-1535f95df04e","ts":"2026-10-07T20:52:21.653-04:00","eventName":"n8n.node.finished","message":"n8n.node.finished","payload":{"workflowId":"PaLPAf3VhFN11mWP","workflowName":"chimueloBot","executionId":"3743","nodeType":"n8n-nodes-base.if","nodeName":"If3","nodeId":"95b56f56-a35e-4d78-8c42-25353df18ded"}}
{"__type":"$$EventMessageConfirm","confirm":"5304a8b0-902c-4e8c-a15e-1535f95df04e","ts":"2026-10-07T20:52:21.653-04:00","source":{"id":"0","name":"eventBus"}}
{"__type":"$$EventMessageNode","id":"401f328b-a854-4bf0-9a24-89ad55f296c7","ts":"2026-10-07T20:52:21.653-04:00","eventName":"n8n.node.started","message":"n8n.node.started","payload":{"workflowId":"PaLPAf3VhFN11mWP","workflowName":"chimueloBot","executionId":"3743","nodeType":"n8n-nodes-base.if","nodeName":"If","nodeId":"fce468f6-e692-43e8-a90c-29d403eaad22"}}
{"__type":"$$EventMessageConfirm","confirm":"401f328b-a854-4bf0-9a24-89ad55f296c7","ts":"2026-10-07T20:52:21.654-04:00","source":{"id":"0","name":"eventBus"}}
{"__type":"$$EventMessageNode","id":"b42396a5-1712-4a3a-9532-d41e042b194e","ts":"2026-10-07T20:52:21.655-04:00","eventName":"n8n.node.finished","message":"n8n.node.finished","payload":{"workflowId":"PaLPAf3VhFN11mWP","workflowName":"chimueloBot","executionId":"3743","nodeType":"n8n-nodes-base.if","nodeName":"If","nodeId":"fce468f6-e692-43e8-a90c-29d403eaad22"}}
{"__type":"$$EventMessageConfirm","confirm":"b42396a5-1712-4a3a-9532-d41e042b194e","ts":"2026-10-07T20:52:21.655-04:00","source":{"id":"0","name":"eventBus"}}
{"__type":"$$EventMessageNode","id":"8d8cc2f5-0175-46e9-b0cc-33fa85e6cfd3","ts":"2026-10-07T20:52:21.655-04:00","eventName":"n8n.node.started","message":"n8n.node.started","payload":{"workflowId":"PaLPAf3VhFN11mWP","workflowName":"chimueloBot","executionId":"3743","nodeType":"n8n-nodes-base.if","nodeName":"If1","nodeId":"e019ba3d-6fff-4262-8bed-dfee6e3133d7"}}
{"__type":"$$EventMessageConfirm","confirm":"8d8cc2f5-0175-46e9-b0cc-33fa85e6cfd3","ts":"2026-10-07T20:52:21.655-04:00","source":{"id":"0","name":"eventBus"}}
{"__type":"$$EventMessageNode","id":"06bf275f-b429-4884-b011-0fab46052b7c","ts":"2026-10-07T20:52:21.657-04:00","eventName":"n8n.node.finished","message":"n8n.node.finished","payload":{"workflowId":"PaLPAf3VhFN11mWP","workflowName":"chimueloBot","executionId":"3743","nodeType":"n8n-nodes-base.if","nodeName":"If1","nodeId":"e019ba3d-6fff-4262-8bed-dfee6e3133d7"}}
{"__type":"$$EventMessageConfirm","confirm":"06bf275f-b429-4884-b011-0fab46052b7c","ts":"2026-10-07T20:52:21.657-04:00","source":{"id":"0","name":"eventBus"}}
{"__type":"$$EventMessageNode","id":"d9ad4a33-79b6-42f2-8567-74d916df636d","ts":"2026-10-07T20:52:21.657-04:00","eventName":"n8n.node.started","message":"n8n.node.started","payload":{"workflowId":"PaLPAf3VhFN11mWP","workflowName":"chimueloBot","executionId":"3743","nodeType":"n8n-nodes-base.if","nodeName":"If2","nodeId":"79a91f8d-afeb-4ddc-b6f8-3c9bb45fc216"}}
{"__type":"$$EventMessageConfirm","confirm":"d9ad4a33-79b6-42f2-8567-74d916df636d","ts":"2026-10-07T20:52:21.657-04:00","source":{"id":"0","name":"eventBus"}}
{"__type":"$$EventMessageNode","id":"d9583980-fb69-432d-8829-8443d77bc46f","ts":"2026-10-07T20:52:21.661-04:00","eventName":"n8n.node.finished","message":"n8n.node.finished","payload":{"workflowId":"PaLPAf3VhFN11mWP","workflowName":"chimueloBot","executionId":"3743","nodeType":"n8n-nodes-base.if","nodeName":"If2","nodeId":"79a91f8d-afeb-4ddc-b6f8-3c9bb45fc216"}}
{"__type":"$$EventMessageConfirm","confirm":"d9583980-fb69-432d-8829-8443d77bc46f","ts":"2026-10-07T20:52:21.661-04:00","source":{"id":"0","name":"eventBus"}}
{"__type":"$$EventMessageWorkflow","id":"65a9285c-030f-4e62-a956-6250f369bde3","ts":"2026-10-07T20:52:21.661-04:00","eventName":"n8n.workflow.success","message":"n8n.workflow.success","payload":{"executionId":"3743","success":true,"isManual":false,"mode":"webhook","workflowId":"PaLPAf3VhFN11mWP","workflowName":"chimueloBot","projectId":"4cXhCbdLbVUJK3Dd","projectName":"Ramiro De Rogatis <ramirojavierderogatis@hotmail.com>"}}
{"__type":"$$EventMessageConfirm","confirm":"65a9285c-030f-4e62-a956-6250f369bde3","ts":"2026-10-07T20:52:21.661-04:00","source":{"id":"0","name":"eventBus"}}
{"__type":"$$EventMessageAudit","id":"bbedb334-387e-4b52-80a4-ffd1658fa726","ts":"2026-10-07T20:52:22.509-04:00","eventName":"n8n.audit.workflow.executed","message":"n8n.audit.workflow.executed","payload":{"workflowId":"PaLPAf3VhFN11mWP","workflowName":"chimueloBot","executionId":"3744","projectId":"4cXhCbdLbVUJK3Dd","projectName":"Ramiro De Rogatis <ramirojavierderogatis@hotmail.com>","source":"webhook"}}
{"__type":"$$EventMessageConfirm","confirm":"bbedb334-387e-4b52-80a4-ffd1658fa726","ts":"2026-10-07T20:52:22.509-04:00","source":{"id":"0","name":"eventBus"}}
{"__type":"$$EventMessageWorkflow","id":"c228710e-60f2-4756-b6cf-df447eb1a605","ts":"2026-10-07T20:52:22.509-04:00","eventName":"n8n.workflow.started","message":"n8n.workflow.started","payload":{"executionId":"3744","workflowId":"PaLPAf3VhFN11mWP","isManual":false,"mode":"webhook","workflowName":"chimueloBot","projectId":"4cXhCbdLbVUJK3Dd","projectName":"Ramiro De Rogatis <ramirojavierderogatis@hotmail.com>"}}
{"__type":"$$EventMessageConfirm","confirm":"c228710e-60f2-4756-b6cf-df447eb1a605","ts":"2026-10-07T20:52:22.509-04:00","source":{"id":"0","name":"eventBus"}}
{"__type":"$$EventMessageNode","id":"8a8b9e53-d3c5-4fe3-bf5c-c13b2d68bea1","ts":"2026-10-07T20:52:22.510-04:00","eventName":"n8n.node.started","message":"n8n.node.started","payload":{"workflowId":"PaLPAf3VhFN11mWP","workflowName":"chimueloBot","executionId":"3744","nodeType":"n8n-nodes-base.webhook","nodeName":"Webhook","nodeId":"835eee2e-f5a8-41ae-8da8-c411adda2ef3"}}
{"__type":"$$EventMessageConfirm","confirm":"8a8b9e53-d3c5-4fe3-bf5c-c13b2d68bea1","ts":"2026-10-07T20:52:22.510-04:00","source":{"id":"0","name":"eventBus"}}
{"__type":"$$EventMessageNode","id":"85f1a294-650c-43d4-a41c-29f6023c46d7","ts":"2026-10-07T20:52:22.510-04:00","eventName":"n8n.node.finished","message":"n8n.node.finished","payload":{"workflowId":"PaLPAf3VhFN11mWP","workflowName":"chimueloBot","executionId":"3744","nodeType":"n8n-nodes-base.webhook","nodeName":"Webhook","nodeId":"835eee2e-f5a8-41ae-8da8-c411adda2ef3"}}
{"__type":"$$EventMessageConfirm","confirm":"85f1a294-650c-43d4-a41c-29f6023c46d7","ts":"2026-10-07T20:52:22.511-04:00","source":{"id":"0","name":"eventBus"}}
{"__type":"$$EventMessageNode","id":"cb86b0af-3713-4713-b2e6-959145b811ba","ts":"2026-10-07T20:52:22.511-04:00","eventName":"n8n.node.started","message":"n8n.node.started","payload":{"workflowId":"PaLPAf3VhFN11mWP","workflowName":"chimueloBot","executionId":"3744","nodeType":"n8n-nodes-base.if","nodeName":"If3","nodeId":"95b56f56-a35e-4d78-8c42-25353df18ded"}}
{"__type":"$$EventMessageConfirm","confirm":"cb86b0af-3713-4713-b2e6-959145b811ba","ts":"2026-10-07T20:52:22.511-04:00","source":{"id":"0","name":"eventBus"}}
{"__type":"$$EventMessageNode","id":"0b986a47-9988-4536-80f9-6bb51014b4dd","ts":"2026-10-07T20:52:22.517-04:00","eventName":"n8n.node.finished","message":"n8n.node.finished","payload":{"workflowId":"PaLPAf3VhFN11mWP","workflowName":"chimueloBot","executionId":"3744","nodeType":"n8n-nodes-base.if","nodeName":"If3","nodeId":"95b56f56-a35e-4d78-8c42-25353df18ded"}}
{"__type":"$$EventMessageConfirm","confirm":"0b986a47-9988-4536-80f9-6bb51014b4dd","ts":"2026-10-07T20:52:22.517-04:00","source":{"id":"0","name":"eventBus"}}
{"__type":"$$EventMessageNode","id":"14dfb320-4858-4394-bdc6-38c17c078757","ts":"2026-10-07T20:52:22.517-04:00","eventName":"n8n.node.started","message":"n8n.node.started","payload":{"workflowId":"PaLPAf3VhFN11mWP","workflowName":"chimueloBot","executionId":"3744","nodeType":"n8n-nodes-base.if","nodeName":"If","nodeId":"fce468f6-e692-43e8-a90c-29d403eaad22"}}
{"__type":"$$EventMessageConfirm","confirm":"14dfb320-4858-4394-bdc6-38c17c078757","ts":"2026-10-07T20:52:22.517-04:00","source":{"id":"0","name":"eventBus"}}
{"__type":"$$EventMessageNode","id":"2a6d0bed-c0b1-4eb5-a018-ef1fa9501abc","ts":"2026-10-07T20:52:22.519-04:00","eventName":"n8n.node.finished","message":"n8n.node.finished","payload":{"workflowId":"PaLPAf3VhFN11mWP","workflowName":"chimueloBot","executionId":"3744","nodeType":"n8n-nodes-base.if","nodeName":"If","nodeId":"fce468f6-e692-43e8-a90c-29d403eaad22"}}
{"__type":"$$EventMessageConfirm","confirm":"2a6d0bed-c0b1-4eb5-a018-ef1fa9501abc","ts":"2026-10-07T20:52:22.519-04:00","source":{"id":"0","name":"eventBus"}}
{"__type":"$$EventMessageNode","id":"2e34141f-9630-496d-8403-dde0c1deeb74","ts":"2026-10-07T20:52:22.519-04:00","eventName":"n8n.node.started","message":"n8n.node.started","payload":{"workflowId":"PaLPAf3VhFN11mWP","workflowName":"chimueloBot","executionId":"3744","nodeType":"n8n-nodes-base.if","nodeName":"If1","nodeId":"e019ba3d-6fff-4262-8bed-dfee6e3133d7"}}
{"__type":"$$EventMessageConfirm","confirm":"2e34141f-9630-496d-8403-dde0c1deeb74","ts":"2026-10-07T20:52:22.519-04:00","source":{"id":"0","name":"eventBus"}}
{"__type":"$$EventMessageNode","id":"f3cfb60d-0d6c-422a-b974-6cdc7d39a425","ts":"2026-10-07T20:52:22.521-04:00","eventName":"n8n.node.finished","message":"n8n.node.finished","payload":{"workflowId":"PaLPAf3VhFN11mWP","workflowName":"chimueloBot","executionId":"3744","nodeType":"n8n-nodes-base.if","nodeName":"If1","nodeId":"e019ba3d-6fff-4262-8bed-dfee6e3133d7"}}
{"__type":"$$EventMessageConfirm","confirm":"f3cfb60d-0d6c-422a-b974-6cdc7d39a425","ts":"2026-10-07T20:52:22.521-04:00","source":{"id":"0","name":"eventBus"}}
{"__type":"$$EventMessageNode","id":"9e71cf0e-5558-4d40-9d00-ba46cd7dfc7d","ts":"2026-10-07T20:52:22.521-04:00","eventName":"n8n.node.started","message":"n8n.node.started","payload":{"workflowId":"PaLPAf3VhFN11mWP","workflowName":"chimueloBot","executionId":"3744","nodeType":"n8n-nodes-base.if","nodeName":"If2","nodeId":"79a91f8d-afeb-4ddc-b6f8-3c9bb45fc216"}}
{"__type":"$$EventMessageConfirm","confirm":"9e71cf0e-5558-4d40-9d00-ba46cd7dfc7d","ts":"2026-10-07T20:52:22.521-04:00","source":{"id":"0","name":"eventBus"}}
{"__type":"$$EventMessageNode","id":"4991c43f-4235-4bd1-b838-8996c6df641e","ts":"2026-10-07T20:52:22.524-04:00","eventName":"n8n.node.finished","message":"n8n.node.finished","payload":{"workflowId":"PaLPAf3VhFN11mWP","workflowName":"chimueloBot","executionId":"3744","nodeType":"n8n-nodes-base.if","nodeName":"If2","nodeId":"79a91f8d-afeb-4ddc-b6f8-3c9bb45fc216"}}
{"__type":"$$EventMessageConfirm","confirm":"4991c43f-4235-4bd1-b838-8996c6df641e","ts":"2026-10-07T20:52:22.524-04:00","source":{"id":"0","name":"eventBus"}}
{"__type":"$$EventMessageWorkflow","id":"da8ce4ec-6f1f-449d-b905-d190f9df4899","ts":"2026-10-07T20:52:22.524-04:00","eventName":"n8n.workflow.success","message":"n8n.workflow.success","payload":{"executionId":"3744","success":true,"isManual":false,"mode":"webhook","workflowId":"PaLPAf3VhFN11mWP","workflowName":"chimueloBot","projectId":"4cXhCbdLbVUJK3Dd","projectName":"Ramiro De Rogatis <ramirojavierderogatis@hotmail.com>"}}
{"__type":"$$EventMessageConfirm","confirm":"da8ce4ec-6f1f-449d-b905-d190f9df4899","ts":"2026-10-07T20:52:22.525-04:00","source":{"id":"0","name":"eventBus"}}
{"__type":"$$EventMessageAudit","id":"4276fa00-907c-40ae-b84a-d821b7018e79","ts":"2026-10-07T20:52:23.145-04:00","eventName":"n8n.audit.workflow.executed","message":"n8n.audit.workflow.executed","payload":{"workflowId":"PaLPAf3VhFN11mWP","workflowName":"chimueloBot","executionId":"3745","projectId":"4cXhCbdLbVUJK3Dd","projectName":"Ramiro De Rogatis <ramirojavierderogatis@hotmail.com>","source":"webhook"}}
{"__type":"$$EventMessageConfirm","confirm":"4276fa00-907c-40ae-b84a-d821b7018e79","ts":"2026-10-07T20:52:23.145-04:00","source":{"id":"0","name":"eventBus"}}
{"__type":"$$EventMessageWorkflow","id":"b23cc79f-a356-4a7c-bfca-aae3ae94cc4f","ts":"2026-10-07T20:52:23.145-04:00","eventName":"n8n.workflow.started","message":"n8n.workflow.started","payload":{"executionId":"3745","workflowId":"PaLPAf3VhFN11mWP","isManual":false,"mode":"webhook","workflowName":"chimueloBot","projectId":"4cXhCbdLbVUJK3Dd","projectName":"Ramiro De Rogatis <ramirojavierderogatis@hotmail.com>"}}
{"__type":"$$EventMessageConfirm","confirm":"b23cc79f-a356-4a7c-bfca-aae3ae94cc4f","ts":"2026-10-07T20:52:23.145-04:00","source":{"id":"0","name":"eventBus"}}
{"__type":"$$EventMessageNode","id":"c0ed8313-8c56-4356-8c3d-477d23597de6","ts":"2026-10-07T20:52:23.146-04:00","eventName":"n8n.node.started","message":"n8n.node.started","payload":{"workflowId":"PaLPAf3VhFN11mWP","workflowName":"chimueloBot","executionId":"3745","nodeType":"n8n-nodes-base.webhook","nodeName":"Webhook","nodeId":"835eee2e-f5a8-41ae-8da8-c411adda2ef3"}}
{"__type":"$$EventMessageConfirm","confirm":"c0ed8313-8c56-4356-8c3d-477d23597de6","ts":"2026-10-07T20:52:23.146-04:00","source":{"id":"0","name":"eventBus"}}
{"__type":"$$EventMessageNode","id":"7ca51b97-cfc3-43e8-83e1-533fb604e4a5","ts":"2026-10-07T20:52:23.146-04:00","eventName":"n8n.node.finished","message":"n8n.node.finished","payload":{"workflowId":"PaLPAf3VhFN11mWP","workflowName":"chimueloBot","executionId":"3745","nodeType":"n8n-nodes-base.webhook","nodeName":"Webhook","nodeId":"835eee2e-f5a8-41ae-8da8-c411adda2ef3"}}
{"__type":"$$EventMessageConfirm","confirm":"7ca51b97-cfc3-43e8-83e1-533fb604e4a5","ts":"2026-10-07T20:52:23.146-04:00","source":{"id":"0","name":"eventBus"}}
{"__type":"$$EventMessageNode","id":"0bcf3650-6ab2-4a77-b9ff-837528e03a1f","ts":"2026-10-07T20:52:23.146-04:00","eventName":"n8n.node.started","message":"n8n.node.started","payload":{"workflowId":"PaLPAf3VhFN11mWP","workflowName":"chimueloBot","executionId":"3745","nodeType":"n8n-nodes-base.if","nodeName":"If3","nodeId":"95b56f56-a35e-4d78-8c42-25353df18ded"}}
{"__type":"$$EventMessageConfirm","confirm":"0bcf3650-6ab2-4a77-b9ff-837528e03a1f","ts":"2026-10-07T20:52:23.146-04:00","source":{"id":"0","name":"eventBus"}}
{"__type":"$$EventMessageNode","id":"645df457-bff6-4620-9898-107c1ea2db38","ts":"2026-10-07T20:52:23.154-04:00","eventName":"n8n.node.finished","message":"n8n.node.finished","payload":{"workflowId":"PaLPAf3VhFN11mWP","workflowName":"chimueloBot","executionId":"3745","nodeType":"n8n-nodes-base.if","nodeName":"If3","nodeId":"95b56f56-a35e-4d78-8c42-25353df18ded"}}
{"__type":"$$EventMessageConfirm","confirm":"645df457-bff6-4620-9898-107c1ea2db38","ts":"2026-10-07T20:52:23.154-04:00","source":{"id":"0","name":"eventBus"}}
{"__type":"$$EventMessageNode","id":"25b74acc-fa70-423c-84e6-327aec0366f8","ts":"2026-10-07T20:52:23.154-04:00","eventName":"n8n.node.started","message":"n8n.node.started","payload":{"workflowId":"PaLPAf3VhFN11mWP","workflowName":"chimueloBot","executionId":"3745","nodeType":"n8n-nodes-base.if","nodeName":"If","nodeId":"fce468f6-e692-43e8-a90c-29d403eaad22"}}
{"__type":"$$EventMessageConfirm","confirm":"25b74acc-fa70-423c-84e6-327aec0366f8","ts":"2026-10-07T20:52:23.154-04:00","source":{"id":"0","name":"eventBus"}}
{"__type":"$$EventMessageNode","id":"e3aa2a45-289e-472d-aff0-7c760319fc60","ts":"2026-10-07T20:52:23.157-04:00","eventName":"n8n.node.finished","message":"n8n.node.finished","payload":{"workflowId":"PaLPAf3VhFN11mWP","workflowName":"chimueloBot","executionId":"3745","nodeType":"n8n-nodes-base.if","nodeName":"If","nodeId":"fce468f6-e692-43e8-a90c-29d403eaad22"}}
{"__type":"$$EventMessageConfirm","confirm":"e3aa2a45-289e-472d-aff0-7c760319fc60","ts":"2026-10-07T20:52:23.157-04:00","source":{"id":"0","name":"eventBus"}}
{"__type":"$$EventMessageNode","id":"cb7c9fd7-bf67-4daa-928f-dd7f16b8d501","ts":"2026-10-07T20:52:23.157-04:00","eventName":"n8n.node.started","message":"n8n.node.started","payload":{"workflowId":"PaLPAf3VhFN11mWP","workflowName":"chimueloBot","executionId":"3745","nodeType":"n8n-nodes-base.if","nodeName":"If1","nodeId":"e019ba3d-6fff-4262-8bed-dfee6e3133d7"}}
{"__type":"$$EventMessageConfirm","confirm":"cb7c9fd7-bf67-4daa-928f-dd7f16b8d501","ts":"2026-10-07T20:52:23.157-04:00","source":{"id":"0","name":"eventBus"}}
{"__type":"$$EventMessageNode","id":"2068b6f6-78bd-4631-9a4a-76223836e168","ts":"2026-10-07T20:52:23.159-04:00","eventName":"n8n.node.finished","message":"n8n.node.finished","payload":{"workflowId":"PaLPAf3VhFN11mWP","workflowName":"chimueloBot","executionId":"3745","nodeType":"n8n-nodes-base.if","nodeName":"If1","nodeId":"e019ba3d-6fff-4262-8bed-dfee6e3133d7"}}
{"__type":"$$EventMessageConfirm","confirm":"2068b6f6-78bd-4631-9a4a-76223836e168","ts":"2026-10-07T20:52:23.159-04:00","source":{"id":"0","name":"eventBus"}}
{"__type":"$$EventMessageNode","id":"95661f8a-d1bd-4134-b2cc-d746aa21c848","ts":"2026-10-07T20:52:23.159-04:00","eventName":"n8n.node.started","message":"n8n.node.started","payload":{"workflowId":"PaLPAf3VhFN11mWP","workflowName":"chimueloBot","executionId":"3745","nodeType":"n8n-nodes-base.if","nodeName":"If2","nodeId":"79a91f8d-afeb-4ddc-b6f8-3c9bb45fc216"}}
{"__type":"$$EventMessageConfirm","confirm":"95661f8a-d1bd-4134-b2cc-d746aa21c848","ts":"2026-10-07T20:52:23.159-04:00","source":{"id":"0","name":"eventBus"}}
{"__type":"$$EventMessageNode","id":"b3c151b9-8376-4e8b-8a2f-9f9ad999f55a","ts":"2026-10-07T20:52:23.163-04:00","eventName":"n8n.node.finished","message":"n8n.node.finished","payload":{"workflowId":"PaLPAf3VhFN11mWP","workflowName":"chimueloBot","executionId":"3745","nodeType":"n8n-nodes-base.if","nodeName":"If2","nodeId":"79a91f8d-afeb-4ddc-b6f8-3c9bb45fc216"}}
{"__type":"$$EventMessageConfirm","confirm":"b3c151b9-8376-4e8b-8a2f-9f9ad999f55a","ts":"2026-10-07T20:52:23.163-04:00","source":{"id":"0","name":"eventBus"}}
{"__type":"$$EventMessageWorkflow","id":"af22fce2-e2c7-4894-aee0-5d9f02f5c5af","ts":"2026-10-07T20:52:23.163-04:00","eventName":"n8n.workflow.success","message":"n8n.workflow.success","payload":{"executionId":"3745","success":true,"isManual":false,"mode":"webhook","workflowId":"PaLPAf3VhFN11mWP","workflowName":"chimueloBot","projectId":"4cXhCbdLbVUJK3Dd","projectName":"Ramiro De Rogatis <ramirojavierderogatis@hotmail.com>"}}
{"__type":"$$EventMessageConfirm","confirm":"af22fce2-e2c7-4894-aee0-5d9f02f5c5af","ts":"2026-10-07T20:52:23.163-04:00","source":{"id":"0","name":"eventBus"}}
{"__type":"$$EventMessageAudit","id":"fd46cede-e5b8-48a2-846e-8b9ce02902c6","ts":"2026-10-07T20:52:24.154-04:00","eventName":"n8n.audit.workflow.executed","message":"n8n.audit.workflow.executed","payload":{"workflowId":"PaLPAf3VhFN11mWP","workflowName":"chimueloBot","executionId":"3746","projectId":"4cXhCbdLbVUJK3Dd","projectName":"Ramiro De Rogatis <ramirojavierderogatis@hotmail.com>","source":"webhook"}}
{"__type":"$$EventMessageConfirm","confirm":"fd46cede-e5b8-48a2-846e-8b9ce02902c6","ts":"2026-10-07T20:52:24.154-04:00","source":{"id":"0","name":"eventBus"}}
{"__type":"$$EventMessageWorkflow","id":"6c2b6af5-7bf6-4664-9f16-59ffe8fe42b1","ts":"2026-10-07T20:52:24.154-04:00","eventName":"n8n.workflow.started","message":"n8n.workflow.started","payload":{"executionId":"3746","workflowId":"PaLPAf3VhFN11mWP","isManual":false,"mode":"webhook","workflowName":"chimueloBot","projectId":"4cXhCbdLbVUJK3Dd","projectName":"Ramiro De Rogatis <ramirojavierderogatis@hotmail.com>"}}
{"__type":"$$EventMessageConfirm","confirm":"6c2b6af5-7bf6-4664-9f16-59ffe8fe42b1","ts":"2026-10-07T20:52:24.154-04:00","source":{"id":"0","name":"eventBus"}}
{"__type":"$$EventMessageNode","id":"c3bcbb1c-fcd2-4163-91cd-8382cc0ef828","ts":"2026-10-07T20:52:24.155-04:00","eventName":"n8n.node.started","message":"n8n.node.started","payload":{"workflowId":"PaLPAf3VhFN11mWP","workflowName":"chimueloBot","executionId":"3746","nodeType":"n8n-nodes-base.webhook","nodeName":"Webhook","nodeId":"835eee2e-f5a8-41ae-8da8-c411adda2ef3"}}
{"__type":"$$EventMessageConfirm","confirm":"c3bcbb1c-fcd2-4163-91cd-8382cc0ef828","ts":"2026-10-07T20:52:24.155-04:00","source":{"id":"0","name":"eventBus"}}
{"__type":"$$EventMessageNode","id":"99e04687-1dad-4fd6-9ea9-bcd738d77301","ts":"2026-10-07T20:52:24.155-04:00","eventName":"n8n.node.finished","message":"n8n.node.finished","payload":{"workflowId":"PaLPAf3VhFN11mWP","workflowName":"chimueloBot","executionId":"3746","nodeType":"n8n-nodes-base.webhook","nodeName":"Webhook","nodeId":"835eee2e-f5a8-41ae-8da8-c411adda2ef3"}}
{"__type":"$$EventMessageConfirm","confirm":"99e04687-1dad-4fd6-9ea9-bcd738d77301","ts":"2026-10-07T20:52:24.155-04:00","source":{"id":"0","name":"eventBus"}}
{"__type":"$$EventMessageNode","id":"ad7deb6f-95ff-4e22-b359-ba501a54b73c","ts":"2026-10-07T20:52:24.156-04:00","eventName":"n8n.node.started","message":"n8n.node.started","payload":{"workflowId":"PaLPAf3VhFN11mWP","workflowName":"chimueloBot","executionId":"3746","nodeType":"n8n-nodes-base.if","nodeName":"If3","nodeId":"95b56f56-a35e-4d78-8c42-25353df18ded"}}
{"__type":"$$EventMessageConfirm","confirm":"ad7deb6f-95ff-4e22-b359-ba501a54b73c","ts":"2026-10-07T20:52:24.156-04:00","source":{"id":"0","name":"eventBus"}}
{"__type":"$$EventMessageNode","id":"25dfd5e4-d81d-4de3-9d52-f98728b46ba3","ts":"2026-10-07T20:52:24.163-04:00","eventName":"n8n.node.finished","message":"n8n.node.finished","payload":{"workflowId":"PaLPAf3VhFN11mWP","workflowName":"chimueloBot","executionId":"3746","nodeType":"n8n-nodes-base.if","nodeName":"If3","nodeId":"95b56f56-a35e-4d78-8c42-25353df18ded"}}
{"__type":"$$EventMessageConfirm","confirm":"25dfd5e4-d81d-4de3-9d52-f98728b46ba3","ts":"2026-10-07T20:52:24.163-04:00","source":{"id":"0","name":"eventBus"}}
{"__type":"$$EventMessageNode","id":"fb466266-c15a-4f96-806a-579cd6e627cb","ts":"2026-10-07T20:52:24.163-04:00","eventName":"n8n.node.started","message":"n8n.node.started","payload":{"workflowId":"PaLPAf3VhFN11mWP","workflowName":"chimueloBot","executionId":"3746","nodeType":"n8n-nodes-base.if","nodeName":"If","nodeId":"fce468f6-e692-43e8-a90c-29d403eaad22"}}
{"__type":"$$EventMessageConfirm","confirm":"fb466266-c15a-4f96-806a-579cd6e627cb","ts":"2026-10-07T20:52:24.163-04:00","source":{"id":"0","name":"eventBus"}}
{"__type":"$$EventMessageNode","id":"ca6808b1-68c0-44d7-93f0-20e7ab57b469","ts":"2026-10-07T20:52:24.165-04:00","eventName":"n8n.node.finished","message":"n8n.node.finished","payload":{"workflowId":"PaLPAf3VhFN11mWP","workflowName":"chimueloBot","executionId":"3746","nodeType":"n8n-nodes-base.if","nodeName":"If","nodeId":"fce468f6-e692-43e8-a90c-29d403eaad22"}}
{"__type":"$$EventMessageConfirm","confirm":"ca6808b1-68c0-44d7-93f0-20e7ab57b469","ts":"2026-10-07T20:52:24.165-04:00","source":{"id":"0","name":"eventBus"}}
{"__type":"$$EventMessageNode","id":"67444d1f-3be2-4d49-9a8f-8abfac3038c0","ts":"2026-10-07T20:52:24.165-04:00","eventName":"n8n.node.started","message":"n8n.node.started","payload":{"workflowId":"PaLPAf3VhFN11mWP","workflowName":"chimueloBot","executionId":"3746","nodeType":"n8n-nodes-base.if","nodeName":"If1","nodeId":"e019ba3d-6fff-4262-8bed-dfee6e3133d7"}}
{"__type":"$$EventMessageConfirm","confirm":"67444d1f-3be2-4d49-9a8f-8abfac3038c0","ts":"2026-10-07T20:52:24.165-04:00","source":{"id":"0","name":"eventBus"}}
{"__type":"$$EventMessageNode","id":"cc16ca55-9211-47c2-ac78-784ca21a9ada","ts":"2026-10-07T20:52:24.166-04:00","eventName":"n8n.node.finished","message":"n8n.node.finished","payload":{"workflowId":"PaLPAf3VhFN11mWP","workflowName":"chimueloBot","executionId":"3746","nodeType":"n8n-nodes-base.if","nodeName":"If1","nodeId":"e019ba3d-6fff-4262-8bed-dfee6e3133d7"}}
{"__type":"$$EventMessageConfirm","confirm":"cc16ca55-9211-47c2-ac78-784ca21a9ada","ts":"2026-10-07T20:52:24.167-04:00","source":{"id":"0","name":"eventBus"}}
{"__type":"$$EventMessageNode","id":"9300711d-0f90-4e5e-ab41-becb3ecdb486","ts":"2026-10-07T20:52:24.167-04:00","eventName":"n8n.node.started","message":"n8n.node.started","payload":{"workflowId":"PaLPAf3VhFN11mWP","workflowName":"chimueloBot","executionId":"3746","nodeType":"n8n-nodes-base.if","nodeName":"If2","nodeId":"79a91f8d-afeb-4ddc-b6f8-3c9bb45fc216"}}
{"__type":"$$EventMessageConfirm","confirm":"9300711d-0f90-4e5e-ab41-becb3ecdb486","ts":"2026-10-07T20:52:24.167-04:00","source":{"id":"0","name":"eventBus"}}
{"__type":"$$EventMessageNode","id":"e88d92ba-3f3c-41de-b8c6-285ffa7d7d2f","ts":"2026-10-07T20:52:24.171-04:00","eventName":"n8n.node.finished","message":"n8n.node.finished","payload":{"workflowId":"PaLPAf3VhFN11mWP","workflowName":"chimueloBot","executionId":"3746","nodeType":"n8n-nodes-base.if","nodeName":"If2","nodeId":"79a91f8d-afeb-4ddc-b6f8-3c9bb45fc216"}}
{"__type":"$$EventMessageConfirm","confirm":"e88d92ba-3f3c-41de-b8c6-285ffa7d7d2f","ts":"2026-10-07T20:52:24.171-04:00","source":{"id":"0","name":"eventBus"}}
{"__type":"$$EventMessageWorkflow","id":"72c0436f-23d4-4a27-b078-e1319a9e7106","ts":"2026-10-07T20:52:24.171-04:00","eventName":"n8n.workflow.success","message":"n8n.workflow.success","payload":{"executionId":"3746","success":true,"isManual":false,"mode":"webhook","workflowId":"PaLPAf3VhFN11mWP","workflowName":"chimueloBot","projectId":"4cXhCbdLbVUJK3Dd","projectName":"Ramiro De Rogatis <ramirojavierderogatis@hotmail.com>"}}
{"__type":"$$EventMessageConfirm","confirm":"72c0436f-23d4-4a27-b078-e1319a9e7106","ts":"2026-10-07T20:52:24.171-04:00","source":{"id":"0","name":"eventBus"}}
{"__type":"$$EventMessageAudit","id":"44898245-0a92-43e2-9ddb-4f965b8c3bc9","ts":"2026-10-07T20:52:24.984-04:00","eventName":"n8n.audit.workflow.executed","message":"n8n.audit.workflow.executed","payload":{"workflowId":"PaLPAf3VhFN11mWP","workflowName":"chimueloBot","executionId":"3747","projectId":"4cXhCbdLbVUJK3Dd","projectName":"Ramiro De Rogatis <ramirojavierderogatis@hotmail.com>","source":"webhook"}}
{"__type":"$$EventMessageConfirm","confirm":"44898245-0a92-43e2-9ddb-4f965b8c3bc9","ts":"2026-10-07T20:52:24.984-04:00","source":{"id":"0","name":"eventBus"}}
{"__type":"$$EventMessageWorkflow","id":"f4a516df-d13d-446e-b9f0-28a8cdf44bc7","ts":"2026-10-07T20:52:24.984-04:00","eventName":"n8n.workflow.started","message":"n8n.workflow.started","payload":{"executionId":"3747","workflowId":"PaLPAf3VhFN11mWP","isManual":false,"mode":"webhook","workflowName":"chimueloBot","projectId":"4cXhCbdLbVUJK3Dd","projectName":"Ramiro De Rogatis <ramirojavierderogatis@hotmail.com>"}}
{"__type":"$$EventMessageConfirm","confirm":"f4a516df-d13d-446e-b9f0-28a8cdf44bc7","ts":"2026-10-07T20:52:24.984-04:00","source":{"id":"0","name":"eventBus"}}
{"__type":"$$EventMessageNode","id":"41348e03-ac03-48bd-b1ee-bd7befd78990","ts":"2026-10-07T20:52:24.985-04:00","eventName":"n8n.node.started","message":"n8n.node.started","payload":{"workflowId":"PaLPAf3VhFN11mWP","workflowName":"chimueloBot","executionId":"3747","nodeType":"n8n-nodes-base.webhook","nodeName":"Webhook","nodeId":"835eee2e-f5a8-41ae-8da8-c411adda2ef3"}}
{"__type":"$$EventMessageConfirm","confirm":"41348e03-ac03-48bd-b1ee-bd7befd78990","ts":"2026-10-07T20:52:24.985-04:00","source":{"id":"0","name":"eventBus"}}
{"__type":"$$EventMessageNode","id":"41753668-78e9-4666-9854-51abf585de2e","ts":"2026-10-07T20:52:24.985-04:00","eventName":"n8n.node.finished","message":"n8n.node.finished","payload":{"workflowId":"PaLPAf3VhFN11mWP","workflowName":"chimueloBot","executionId":"3747","nodeType":"n8n-nodes-base.webhook","nodeName":"Webhook","nodeId":"835eee2e-f5a8-41ae-8da8-c411adda2ef3"}}
{"__type":"$$EventMessageConfirm","confirm":"41753668-78e9-4666-9854-51abf585de2e","ts":"2026-10-07T20:52:24.985-04:00","source":{"id":"0","name":"eventBus"}}
{"__type":"$$EventMessageNode","id":"dfdbd019-3b4b-42c5-bc16-e3bc4b3976ab","ts":"2026-10-07T20:52:24.985-04:00","eventName":"n8n.node.started","message":"n8n.node.started","payload":{"workflowId":"PaLPAf3VhFN11mWP","workflowName":"chimueloBot","executionId":"3747","nodeType":"n8n-nodes-base.if","nodeName":"If3","nodeId":"95b56f56-a35e-4d78-8c42-25353df18ded"}}
{"__type":"$$EventMessageConfirm","confirm":"dfdbd019-3b4b-42c5-bc16-e3bc4b3976ab","ts":"2026-10-07T20:52:24.985-04:00","source":{"id":"0","name":"eventBus"}}
{"__type":"$$EventMessageNode","id":"8b565b4e-d8f0-42b6-a424-a2194a049bc6","ts":"2026-10-07T20:52:24.992-04:00","eventName":"n8n.node.finished","message":"n8n.node.finished","payload":{"workflowId":"PaLPAf3VhFN11mWP","workflowName":"chimueloBot","executionId":"3747","nodeType":"n8n-nodes-base.if","nodeName":"If3","nodeId":"95b56f56-a35e-4d78-8c42-25353df18ded"}}
{"__type":"$$EventMessageConfirm","confirm":"8b565b4e-d8f0-42b6-a424-a2194a049bc6","ts":"2026-10-07T20:52:24.992-04:00","source":{"id":"0","name":"eventBus"}}
{"__type":"$$EventMessageNode","id":"424b38e0-e987-4e7d-b1f9-fa83f22156de","ts":"2026-10-07T20:52:24.992-04:00","eventName":"n8n.node.started","message":"n8n.node.started","payload":{"workflowId":"PaLPAf3VhFN11mWP","workflowName":"chimueloBot","executionId":"3747","nodeType":"n8n-nodes-base.if","nodeName":"If","nodeId":"fce468f6-e692-43e8-a90c-29d403eaad22"}}
{"__type":"$$EventMessageConfirm","confirm":"424b38e0-e987-4e7d-b1f9-fa83f22156de","ts":"2026-10-07T20:52:24.992-04:00","source":{"id":"0","name":"eventBus"}}
{"__type":"$$EventMessageNode","id":"a022b7ce-e963-4e6d-95e2-961294b7822d","ts":"2026-10-07T20:52:24.994-04:00","eventName":"n8n.node.finished","message":"n8n.node.finished","payload":{"workflowId":"PaLPAf3VhFN11mWP","workflowName":"chimueloBot","executionId":"3747","nodeType":"n8n-nodes-base.if","nodeName":"If","nodeId":"fce468f6-e692-43e8-a90c-29d403eaad22"}}
{"__type":"$$EventMessageConfirm","confirm":"a022b7ce-e963-4e6d-95e2-961294b7822d","ts":"2026-10-07T20:52:24.994-04:00","source":{"id":"0","name":"eventBus"}}
{"__type":"$$EventMessageNode","id":"f8cb4f28-7c4b-4998-b948-237acbf9a9ba","ts":"2026-10-07T20:52:24.994-04:00","eventName":"n8n.node.started","message":"n8n.node.started","payload":{"workflowId":"PaLPAf3VhFN11mWP","workflowName":"chimueloBot","executionId":"3747","nodeType":"n8n-nodes-base.if","nodeName":"If1","nodeId":"e019ba3d-6fff-4262-8bed-dfee6e3133d7"}}
{"__type":"$$EventMessageConfirm","confirm":"f8cb4f28-7c4b-4998-b948-237acbf9a9ba","ts":"2026-10-07T20:52:24.994-04:00","source":{"id":"0","name":"eventBus"}}
{"__type":"$$EventMessageNode","id":"9e7ba332-c954-4326-bc89-4d17d07f4f8e","ts":"2026-10-07T20:52:24.995-04:00","eventName":"n8n.node.finished","message":"n8n.node.finished","payload":{"workflowId":"PaLPAf3VhFN11mWP","workflowName":"chimueloBot","executionId":"3747","nodeType":"n8n-nodes-base.if","nodeName":"If1","nodeId":"e019ba3d-6fff-4262-8bed-dfee6e3133d7"}}
{"__type":"$$EventMessageConfirm","confirm":"9e7ba332-c954-4326-bc89-4d17d07f4f8e","ts":"2026-10-07T20:52:24.995-04:00","source":{"id":"0","name":"eventBus"}}
{"__type":"$$EventMessageNode","id":"9963d3fd-e04b-4569-ae2d-d986dd26d3a1","ts":"2026-10-07T20:52:24.995-04:00","eventName":"n8n.node.started","message":"n8n.node.started","payload":{"workflowId":"PaLPAf3VhFN11mWP","workflowName":"chimueloBot","executionId":"3747","nodeType":"n8n-nodes-base.if","nodeName":"If2","nodeId":"79a91f8d-afeb-4ddc-b6f8-3c9bb45fc216"}}
{"__type":"$$EventMessageConfirm","confirm":"9963d3fd-e04b-4569-ae2d-d986dd26d3a1","ts":"2026-10-07T20:52:24.995-04:00","source":{"id":"0","name":"eventBus"}}
{"__type":"$$EventMessageNode","id":"cbe82c9d-45f2-44ae-8cb8-473cf729f5c3","ts":"2026-10-07T20:52:24.999-04:00","eventName":"n8n.node.finished","message":"n8n.node.finished","payload":{"workflowId":"PaLPAf3VhFN11mWP","workflowName":"chimueloBot","executionId":"3747","nodeType":"n8n-nodes-base.if","nodeName":"If2","nodeId":"79a91f8d-afeb-4ddc-b6f8-3c9bb45fc216"}}
{"__type":"$$EventMessageConfirm","confirm":"cbe82c9d-45f2-44ae-8cb8-473cf729f5c3","ts":"2026-10-07T20:52:24.999-04:00","source":{"id":"0","name":"eventBus"}}
{"__type":"$$EventMessageWorkflow","id":"4521964b-9cd5-40f0-8bb1-abd43fcc9230","ts":"2026-10-07T20:52:24.999-04:00","eventName":"n8n.workflow.success","message":"n8n.workflow.success","payload":{"executionId":"3747","success":true,"isManual":false,"mode":"webhook","workflowId":"PaLPAf3VhFN11mWP","workflowName":"chimueloBot","projectId":"4cXhCbdLbVUJK3Dd","projectName":"Ramiro De Rogatis <ramirojavierderogatis@hotmail.com>"}}
{"__type":"$$EventMessageConfirm","confirm":"4521964b-9cd5-40f0-8bb1-abd43fcc9230","ts":"2026-10-07T20:52:24.999-04:00","source":{"id":"0","name":"eventBus"}}
{"__type":"$$EventMessageAudit","id":"1975b259-a4f4-4919-9ffd-24a6abb77a36","ts":"2026-10-07T20:52:25.687-04:00","eventName":"n8n.audit.workflow.executed","message":"n8n.audit.workflow.executed","payload":{"workflowId":"PaLPAf3VhFN11mWP","workflowName":"chimueloBot","executionId":"3748","projectId":"4cXhCbdLbVUJK3Dd","projectName":"Ramiro De Rogatis <ramirojavierderogatis@hotmail.com>","source":"webhook"}}
{"__type":"$$EventMessageConfirm","confirm":"1975b259-a4f4-4919-9ffd-24a6abb77a36","ts":"2026-10-07T20:52:25.687-04:00","source":{"id":"0","name":"eventBus"}}
{"__type":"$$EventMessageWorkflow","id":"d8fa26d0-7d0d-4a80-9333-b3a4b755cb6c","ts":"2026-10-07T20:52:25.687-04:00","eventName":"n8n.workflow.started","message":"n8n.workflow.started","payload":{"executionId":"3748","workflowId":"PaLPAf3VhFN11mWP","isManual":false,"mode":"webhook","workflowName":"chimueloBot","projectId":"4cXhCbdLbVUJK3Dd","projectName":"Ramiro De Rogatis <ramirojavierderogatis@hotmail.com>"}}
{"__type":"$$EventMessageConfirm","confirm":"d8fa26d0-7d0d-4a80-9333-b3a4b755cb6c","ts":"2026-10-07T20:52:25.688-04:00","source":{"id":"0","name":"eventBus"}}
{"__type":"$$EventMessageNode","id":"62ef1a04-f8e6-4cf4-8489-532378eeaa92","ts":"2026-10-07T20:52:25.688-04:00","eventName":"n8n.node.started","message":"n8n.node.started","payload":{"workflowId":"PaLPAf3VhFN11mWP","workflowName":"chimueloBot","executionId":"3748","nodeType":"n8n-nodes-base.webhook","nodeName":"Webhook","nodeId":"835eee2e-f5a8-41ae-8da8-c411adda2ef3"}}
{"__type":"$$EventMessageConfirm","confirm":"62ef1a04-f8e6-4cf4-8489-532378eeaa92","ts":"2026-10-07T20:52:25.689-04:00","source":{"id":"0","name":"eventBus"}}
{"__type":"$$EventMessageNode","id":"5cf3a380-011f-4361-9b4c-fdcfbfc7d84b","ts":"2026-10-07T20:52:25.689-04:00","eventName":"n8n.node.finished","message":"n8n.node.finished","payload":{"workflowId":"PaLPAf3VhFN11mWP","workflowName":"chimueloBot","executionId":"3748","nodeType":"n8n-nodes-base.webhook","nodeName":"Webhook","nodeId":"835eee2e-f5a8-41ae-8da8-c411adda2ef3"}}
{"__type":"$$EventMessageConfirm","confirm":"5cf3a380-011f-4361-9b4c-fdcfbfc7d84b","ts":"2026-10-07T20:52:25.689-04:00","source":{"id":"0","name":"eventBus"}}
{"__type":"$$EventMessageNode","id":"39e4c534-a29d-4342-bc44-1103b7a20445","ts":"2026-10-07T20:52:25.689-04:00","eventName":"n8n.node.started","message":"n8n.node.started","payload":{"workflowId":"PaLPAf3VhFN11mWP","workflowName":"chimueloBot","executionId":"3748","nodeType":"n8n-nodes-base.if","nodeName":"If3","nodeId":"95b56f56-a35e-4d78-8c42-25353df18ded"}}
{"__type":"$$EventMessageConfirm","confirm":"39e4c534-a29d-4342-bc44-1103b7a20445","ts":"2026-10-07T20:52:25.689-04:00","source":{"id":"0","name":"eventBus"}}
{"__type":"$$EventMessageNode","id":"c4ad7a8a-ead9-4dc5-93d1-c0372080d4d5","ts":"2026-10-07T20:52:25.695-04:00","eventName":"n8n.node.finished","message":"n8n.node.finished","payload":{"workflowId":"PaLPAf3VhFN11mWP","workflowName":"chimueloBot","executionId":"3748","nodeType":"n8n-nodes-base.if","nodeName":"If3","nodeId":"95b56f56-a35e-4d78-8c42-25353df18ded"}}
{"__type":"$$EventMessageConfirm","confirm":"c4ad7a8a-ead9-4dc5-93d1-c0372080d4d5","ts":"2026-10-07T20:52:25.695-04:00","source":{"id":"0","name":"eventBus"}}
{"__type":"$$EventMessageNode","id":"013f7a34-1395-4204-8745-c75de94c255b","ts":"2026-10-07T20:52:25.695-04:00","eventName":"n8n.node.started","message":"n8n.node.started","payload":{"workflowId":"PaLPAf3VhFN11mWP","workflowName":"chimueloBot","executionId":"3748","nodeType":"n8n-nodes-base.if","nodeName":"If","nodeId":"fce468f6-e692-43e8-a90c-29d403eaad22"}}
{"__type":"$$EventMessageConfirm","confirm":"013f7a34-1395-4204-8745-c75de94c255b","ts":"2026-10-07T20:52:25.695-04:00","source":{"id":"0","name":"eventBus"}}
{"__type":"$$EventMessageNode","id":"4bc683c4-a89a-4454-a291-a37d67c9ddf5","ts":"2026-10-07T20:52:25.697-04:00","eventName":"n8n.node.finished","message":"n8n.node.finished","payload":{"workflowId":"PaLPAf3VhFN11mWP","workflowName":"chimueloBot","executionId":"3748","nodeType":"n8n-nodes-base.if","nodeName":"If","nodeId":"fce468f6-e692-43e8-a90c-29d403eaad22"}}
{"__type":"$$EventMessageConfirm","confirm":"4bc683c4-a89a-4454-a291-a37d67c9ddf5","ts":"2026-10-07T20:52:25.697-04:00","source":{"id":"0","name":"eventBus"}}
{"__type":"$$EventMessageNode","id":"b2db2249-021d-43e0-a884-bcb8c9113474","ts":"2026-10-07T20:52:25.697-04:00","eventName":"n8n.node.started","message":"n8n.node.started","payload":{"workflowId":"PaLPAf3VhFN11mWP","workflowName":"chimueloBot","executionId":"3748","nodeType":"n8n-nodes-base.if","nodeName":"If1","nodeId":"e019ba3d-6fff-4262-8bed-dfee6e3133d7"}}
{"__type":"$$EventMessageConfirm","confirm":"b2db2249-021d-43e0-a884-bcb8c9113474","ts":"2026-10-07T20:52:25.697-04:00","source":{"id":"0","name":"eventBus"}}
{"__type":"$$EventMessageNode","id":"7791ec30-4011-47bf-adde-17532d3d8120","ts":"2026-10-07T20:52:25.699-04:00","eventName":"n8n.node.finished","message":"n8n.node.finished","payload":{"workflowId":"PaLPAf3VhFN11mWP","workflowName":"chimueloBot","executionId":"3748","nodeType":"n8n-nodes-base.if","nodeName":"If1","nodeId":"e019ba3d-6fff-4262-8bed-dfee6e3133d7"}}
{"__type":"$$EventMessageConfirm","confirm":"7791ec30-4011-47bf-adde-17532d3d8120","ts":"2026-10-07T20:52:25.699-04:00","source":{"id":"0","name":"eventBus"}}
{"__type":"$$EventMessageNode","id":"3f44b114-3924-4f10-895a-f28bd3167520","ts":"2026-10-07T20:52:25.699-04:00","eventName":"n8n.node.started","message":"n8n.node.started","payload":{"workflowId":"PaLPAf3VhFN11mWP","workflowName":"chimueloBot","executionId":"3748","nodeType":"n8n-nodes-base.if","nodeName":"If2","nodeId":"79a91f8d-afeb-4ddc-b6f8-3c9bb45fc216"}}
{"__type":"$$EventMessageConfirm","confirm":"3f44b114-3924-4f10-895a-f28bd3167520","ts":"2026-10-07T20:52:25.699-04:00","source":{"id":"0","name":"eventBus"}}
{"__type":"$$EventMessageNode","id":"1545fa15-9c79-4565-ad17-92b6ac8f35c0","ts":"2026-10-07T20:52:25.702-04:00","eventName":"n8n.node.finished","message":"n8n.node.finished","payload":{"workflowId":"PaLPAf3VhFN11mWP","workflowName":"chimueloBot","executionId":"3748","nodeType":"n8n-nodes-base.if","nodeName":"If2","nodeId":"79a91f8d-afeb-4ddc-b6f8-3c9bb45fc216"}}
{"__type":"$$EventMessageConfirm","confirm":"1545fa15-9c79-4565-ad17-92b6ac8f35c0","ts":"2026-10-07T20:52:25.702-04:00","source":{"id":"0","name":"eventBus"}}
{"__type":"$$EventMessageWorkflow","id":"2d1e2964-a607-46a8-b11c-343ebd52fdad","ts":"2026-10-07T20:52:25.702-04:00","eventName":"n8n.workflow.success","message":"n8n.workflow.success","payload":{"executionId":"3748","success":true,"isManual":false,"mode":"webhook","workflowId":"PaLPAf3VhFN11mWP","workflowName":"chimueloBot","projectId":"4cXhCbdLbVUJK3Dd","projectName":"Ramiro De Rogatis <ramirojavierderogatis@hotmail.com>"}}
{"__type":"$$EventMessageConfirm","confirm":"2d1e2964-a607-46a8-b11c-343ebd52fdad","ts":"2026-10-07T20:52:25.702-04:00","source":{"id":"0","name":"eventBus"}}
{"__type":"$$EventMessageAudit","id":"54b5d189-fb8e-4c68-a369-bef9aee22d2e","ts":"2026-10-07T20:52:26.585-04:00","eventName":"n8n.audit.workflow.executed","message":"n8n.audit.workflow.executed","payload":{"workflowId":"PaLPAf3VhFN11mWP","workflowName":"chimueloBot","executionId":"3749","projectId":"4cXhCbdLbVUJK3Dd","projectName":"Ramiro De Rogatis <ramirojavierderogatis@hotmail.com>","source":"webhook"}}
{"__type":"$$EventMessageConfirm","confirm":"54b5d189-fb8e-4c68-a369-bef9aee22d2e","ts":"2026-10-07T20:52:26.585-04:00","source":{"id":"0","name":"eventBus"}}
{"__type":"$$EventMessageWorkflow","id":"54a01efb-5a83-4151-ac41-ea998e4f7d7f","ts":"2026-10-07T20:52:26.585-04:00","eventName":"n8n.workflow.started","message":"n8n.workflow.started","payload":{"executionId":"3749","workflowId":"PaLPAf3VhFN11mWP","isManual":false,"mode":"webhook","workflowName":"chimueloBot","projectId":"4cXhCbdLbVUJK3Dd","projectName":"Ramiro De Rogatis <ramirojavierderogatis@hotmail.com>"}}
{"__type":"$$EventMessageConfirm","confirm":"54a01efb-5a83-4151-ac41-ea998e4f7d7f","ts":"2026-10-07T20:52:26.585-04:00","source":{"id":"0","name":"eventBus"}}
{"__type":"$$EventMessageNode","id":"a79eb14e-0b6d-45cf-8401-ea6079496bf2","ts":"2026-10-07T20:52:26.586-04:00","eventName":"n8n.node.started","message":"n8n.node.started","payload":{"workflowId":"PaLPAf3VhFN11mWP","workflowName":"chimueloBot","executionId":"3749","nodeType":"n8n-nodes-base.webhook","nodeName":"Webhook","nodeId":"835eee2e-f5a8-41ae-8da8-c411adda2ef3"}}
{"__type":"$$EventMessageConfirm","confirm":"a79eb14e-0b6d-45cf-8401-ea6079496bf2","ts":"2026-10-07T20:52:26.586-04:00","source":{"id":"0","name":"eventBus"}}
{"__type":"$$EventMessageNode","id":"1866716e-6718-4e73-969b-ea8e7f5c2da7","ts":"2026-10-07T20:52:26.586-04:00","eventName":"n8n.node.finished","message":"n8n.node.finished","payload":{"workflowId":"PaLPAf3VhFN11mWP","workflowName":"chimueloBot","executionId":"3749","nodeType":"n8n-nodes-base.webhook","nodeName":"Webhook","nodeId":"835eee2e-f5a8-41ae-8da8-c411adda2ef3"}}
{"__type":"$$EventMessageConfirm","confirm":"1866716e-6718-4e73-969b-ea8e7f5c2da7","ts":"2026-10-07T20:52:26.586-04:00","source":{"id":"0","name":"eventBus"}}
{"__type":"$$EventMessageNode","id":"8a01f76f-a748-4e89-b051-390750001c52","ts":"2026-10-07T20:52:26.586-04:00","eventName":"n8n.node.started","message":"n8n.node.started","payload":{"workflowId":"PaLPAf3VhFN11mWP","workflowName":"chimueloBot","executionId":"3749","nodeType":"n8n-nodes-base.if","nodeName":"If3","nodeId":"95b56f56-a35e-4d78-8c42-25353df18ded"}}
{"__type":"$$EventMessageConfirm","confirm":"8a01f76f-a748-4e89-b051-390750001c52","ts":"2026-10-07T20:52:26.586-04:00","source":{"id":"0","name":"eventBus"}}
{"__type":"$$EventMessageNode","id":"5593c24f-dc11-4adf-b822-33f74756d38b","ts":"2026-10-07T20:52:26.593-04:00","eventName":"n8n.node.finished","message":"n8n.node.finished","payload":{"workflowId":"PaLPAf3VhFN11mWP","workflowName":"chimueloBot","executionId":"3749","nodeType":"n8n-nodes-base.if","nodeName":"If3","nodeId":"95b56f56-a35e-4d78-8c42-25353df18ded"}}
{"__type":"$$EventMessageConfirm","confirm":"5593c24f-dc11-4adf-b822-33f74756d38b","ts":"2026-10-07T20:52:26.593-04:00","source":{"id":"0","name":"eventBus"}}
{"__type":"$$EventMessageNode","id":"549dc540-3b75-426b-92ec-648466050ca2","ts":"2026-10-07T20:52:26.593-04:00","eventName":"n8n.node.started","message":"n8n.node.started","payload":{"workflowId":"PaLPAf3VhFN11mWP","workflowName":"chimueloBot","executionId":"3749","nodeType":"n8n-nodes-base.if","nodeName":"If","nodeId":"fce468f6-e692-43e8-a90c-29d403eaad22"}}
{"__type":"$$EventMessageConfirm","confirm":"549dc540-3b75-426b-92ec-648466050ca2","ts":"2026-10-07T20:52:26.593-04:00","source":{"id":"0","name":"eventBus"}}
{"__type":"$$EventMessageNode","id":"ed91b2f3-5bf4-44ac-a1f1-88e9ffb8e00a","ts":"2026-10-07T20:52:26.595-04:00","eventName":"n8n.node.finished","message":"n8n.node.finished","payload":{"workflowId":"PaLPAf3VhFN11mWP","workflowName":"chimueloBot","executionId":"3749","nodeType":"n8n-nodes-base.if","nodeName":"If","nodeId":"fce468f6-e692-43e8-a90c-29d403eaad22"}}
{"__type":"$$EventMessageConfirm","confirm":"ed91b2f3-5bf4-44ac-a1f1-88e9ffb8e00a","ts":"2026-10-07T20:52:26.595-04:00","source":{"id":"0","name":"eventBus"}}
{"__type":"$$EventMessageNode","id":"b9cc5037-34b6-4678-9264-ea4f339f06a3","ts":"2026-10-07T20:52:26.595-04:00","eventName":"n8n.node.started","message":"n8n.node.started","payload":{"workflowId":"PaLPAf3VhFN11mWP","workflowName":"chimueloBot","executionId":"3749","nodeType":"n8n-nodes-base.if","nodeName":"If1","nodeId":"e019ba3d-6fff-4262-8bed-dfee6e3133d7"}}
{"__type":"$$EventMessageConfirm","confirm":"b9cc5037-34b6-4678-9264-ea4f339f06a3","ts":"2026-10-07T20:52:26.595-04:00","source":{"id":"0","name":"eventBus"}}
{"__type":"$$EventMessageNode","id":"d491c5c0-ab43-435f-979b-68f158386a3e","ts":"2026-10-07T20:52:26.597-04:00","eventName":"n8n.node.finished","message":"n8n.node.finished","payload":{"workflowId":"PaLPAf3VhFN11mWP","workflowName":"chimueloBot","executionId":"3749","nodeType":"n8n-nodes-base.if","nodeName":"If1","nodeId":"e019ba3d-6fff-4262-8bed-dfee6e3133d7"}}
{"__type":"$$EventMessageConfirm","confirm":"d491c5c0-ab43-435f-979b-68f158386a3e","ts":"2026-10-07T20:52:26.597-04:00","source":{"id":"0","name":"eventBus"}}
{"__type":"$$EventMessageNode","id":"23123dcf-17f9-4edb-a722-b5e1b6f1b3b3","ts":"2026-10-07T20:52:26.597-04:00","eventName":"n8n.node.started","message":"n8n.node.started","payload":{"workflowId":"PaLPAf3VhFN11mWP","workflowName":"chimueloBot","executionId":"3749","nodeType":"n8n-nodes-base.if","nodeName":"If2","nodeId":"79a91f8d-afeb-4ddc-b6f8-3c9bb45fc216"}}
{"__type":"$$EventMessageConfirm","confirm":"23123dcf-17f9-4edb-a722-b5e1b6f1b3b3","ts":"2026-10-07T20:52:26.597-04:00","source":{"id":"0","name":"eventBus"}}
{"__type":"$$EventMessageNode","id":"042e2400-7620-4c79-86b2-f67361f0b706","ts":"2026-10-07T20:52:26.600-04:00","eventName":"n8n.node.finished","message":"n8n.node.finished","payload":{"workflowId":"PaLPAf3VhFN11mWP","workflowName":"chimueloBot","executionId":"3749","nodeType":"n8n-nodes-base.if","nodeName":"If2","nodeId":"79a91f8d-afeb-4ddc-b6f8-3c9bb45fc216"}}
{"__type":"$$EventMessageConfirm","confirm":"042e2400-7620-4c79-86b2-f67361f0b706","ts":"2026-10-07T20:52:26.600-04:00","source":{"id":"0","name":"eventBus"}}
{"__type":"$$EventMessageWorkflow","id":"55f5c9ed-5167-4be9-9aa1-832be11740b6","ts":"2026-10-07T20:52:26.600-04:00","eventName":"n8n.workflow.success","message":"n8n.workflow.success","payload":{"executionId":"3749","success":true,"isManual":false,"mode":"webhook","workflowId":"PaLPAf3VhFN11mWP","workflowName":"chimueloBot","projectId":"4cXhCbdLbVUJK3Dd","projectName":"Ramiro De Rogatis <ramirojavierderogatis@hotmail.com>"}}
{"__type":"$$EventMessageConfirm","confirm":"55f5c9ed-5167-4be9-9aa1-832be11740b6","ts":"2026-10-07T20:52:26.600-04:00","source":{"id":"0","name":"eventBus"}}
{"__type":"$$EventMessageAudit","id":"2932028b-009c-4c8c-aebd-ed96fa35a599","ts":"2026-10-07T20:52:27.228-04:00","eventName":"n8n.audit.workflow.executed","message":"n8n.audit.workflow.executed","payload":{"workflowId":"PaLPAf3VhFN11mWP","workflowName":"chimueloBot","executionId":"3750","projectId":"4cXhCbdLbVUJK3Dd","projectName":"Ramiro De Rogatis <ramirojavierderogatis@hotmail.com>","source":"webhook"}}
{"__type":"$$EventMessageConfirm","confirm":"2932028b-009c-4c8c-aebd-ed96fa35a599","ts":"2026-10-07T20:52:27.229-04:00","source":{"id":"0","name":"eventBus"}}
{"__type":"$$EventMessageWorkflow","id":"beb3a6d5-4bc0-4011-93c2-2074df959d6d","ts":"2026-10-07T20:52:27.229-04:00","eventName":"n8n.workflow.started","message":"n8n.workflow.started","payload":{"executionId":"3750","workflowId":"PaLPAf3VhFN11mWP","isManual":false,"mode":"webhook","workflowName":"chimueloBot","projectId":"4cXhCbdLbVUJK3Dd","projectName":"Ramiro De Rogatis <ramirojavierderogatis@hotmail.com>"}}
{"__type":"$$EventMessageConfirm","confirm":"beb3a6d5-4bc0-4011-93c2-2074df959d6d","ts":"2026-10-07T20:52:27.229-04:00","source":{"id":"0","name":"eventBus"}}
{"__type":"$$EventMessageNode","id":"8b572b1c-72b7-4d71-a41e-f2f58c293e17","ts":"2026-10-07T20:52:27.229-04:00","eventName":"n8n.node.started","message":"n8n.node.started","payload":{"workflowId":"PaLPAf3VhFN11mWP","workflowName":"chimueloBot","executionId":"3750","nodeType":"n8n-nodes-base.webhook","nodeName":"Webhook","nodeId":"835eee2e-f5a8-41ae-8da8-c411adda2ef3"}}
{"__type":"$$EventMessageConfirm","confirm":"8b572b1c-72b7-4d71-a41e-f2f58c293e17","ts":"2026-10-07T20:52:27.229-04:00","source":{"id":"0","name":"eventBus"}}
{"__type":"$$EventMessageNode","id":"12db48c8-ea49-432c-b4ec-3dfb225e3368","ts":"2026-10-07T20:52:27.230-04:00","eventName":"n8n.node.finished","message":"n8n.node.finished","payload":{"workflowId":"PaLPAf3VhFN11mWP","workflowName":"chimueloBot","executionId":"3750","nodeType":"n8n-nodes-base.webhook","nodeName":"Webhook","nodeId":"835eee2e-f5a8-41ae-8da8-c411adda2ef3"}}
{"__type":"$$EventMessageConfirm","confirm":"12db48c8-ea49-432c-b4ec-3dfb225e3368","ts":"2026-10-07T20:52:27.230-04:00","source":{"id":"0","name":"eventBus"}}
{"__type":"$$EventMessageNode","id":"d105078c-0e34-437b-99e6-35bd12e1a0ab","ts":"2026-10-07T20:52:27.230-04:00","eventName":"n8n.node.started","message":"n8n.node.started","payload":{"workflowId":"PaLPAf3VhFN11mWP","workflowName":"chimueloBot","executionId":"3750","nodeType":"n8n-nodes-base.if","nodeName":"If3","nodeId":"95b56f56-a35e-4d78-8c42-25353df18ded"}}
{"__type":"$$EventMessageConfirm","confirm":"d105078c-0e34-437b-99e6-35bd12e1a0ab","ts":"2026-10-07T20:52:27.230-04:00","source":{"id":"0","name":"eventBus"}}
{"__type":"$$EventMessageNode","id":"cf6882ff-242b-4da2-bc06-276d128d9c52","ts":"2026-10-07T20:52:27.238-04:00","eventName":"n8n.node.finished","message":"n8n.node.finished","payload":{"workflowId":"PaLPAf3VhFN11mWP","workflowName":"chimueloBot","executionId":"3750","nodeType":"n8n-nodes-base.if","nodeName":"If3","nodeId":"95b56f56-a35e-4d78-8c42-25353df18ded"}}
{"__type":"$$EventMessageConfirm","confirm":"cf6882ff-242b-4da2-bc06-276d128d9c52","ts":"2026-10-07T20:52:27.238-04:00","source":{"id":"0","name":"eventBus"}}
{"__type":"$$EventMessageNode","id":"ec5b325d-745e-4a87-a53b-2844ef205ad4","ts":"2026-10-07T20:52:27.238-04:00","eventName":"n8n.node.started","message":"n8n.node.started","payload":{"workflowId":"PaLPAf3VhFN11mWP","workflowName":"chimueloBot","executionId":"3750","nodeType":"n8n-nodes-base.if","nodeName":"If","nodeId":"fce468f6-e692-43e8-a90c-29d403eaad22"}}
{"__type":"$$EventMessageConfirm","confirm":"ec5b325d-745e-4a87-a53b-2844ef205ad4","ts":"2026-10-07T20:52:27.238-04:00","source":{"id":"0","name":"eventBus"}}
{"__type":"$$EventMessageNode","id":"d4139aeb-8870-4bfb-9644-9b814817a739","ts":"2026-10-07T20:52:27.240-04:00","eventName":"n8n.node.finished","message":"n8n.node.finished","payload":{"workflowId":"PaLPAf3VhFN11mWP","workflowName":"chimueloBot","executionId":"3750","nodeType":"n8n-nodes-base.if","nodeName":"If","nodeId":"fce468f6-e692-43e8-a90c-29d403eaad22"}}
{"__type":"$$EventMessageConfirm","confirm":"d4139aeb-8870-4bfb-9644-9b814817a739","ts":"2026-10-07T20:52:27.240-04:00","source":{"id":"0","name":"eventBus"}}
{"__type":"$$EventMessageNode","id":"bf4c0070-3eaf-46c0-a566-fa2a0d4203dc","ts":"2026-10-07T20:52:27.240-04:00","eventName":"n8n.node.started","message":"n8n.node.started","payload":{"workflowId":"PaLPAf3VhFN11mWP","workflowName":"chimueloBot","executionId":"3750","nodeType":"n8n-nodes-base.if","nodeName":"If1","nodeId":"e019ba3d-6fff-4262-8bed-dfee6e3133d7"}}
{"__type":"$$EventMessageConfirm","confirm":"bf4c0070-3eaf-46c0-a566-fa2a0d4203dc","ts":"2026-10-07T20:52:27.240-04:00","source":{"id":"0","name":"eventBus"}}
{"__type":"$$EventMessageNode","id":"b00feee9-23a3-4e4a-a5d9-ccab817a0b8f","ts":"2026-10-07T20:52:27.242-04:00","eventName":"n8n.node.finished","message":"n8n.node.finished","payload":{"workflowId":"PaLPAf3VhFN11mWP","workflowName":"chimueloBot","executionId":"3750","nodeType":"n8n-nodes-base.if","nodeName":"If1","nodeId":"e019ba3d-6fff-4262-8bed-dfee6e3133d7"}}
{"__type":"$$EventMessageConfirm","confirm":"b00feee9-23a3-4e4a-a5d9-ccab817a0b8f","ts":"2026-10-07T20:52:27.242-04:00","source":{"id":"0","name":"eventBus"}}
{"__type":"$$EventMessageNode","id":"3c9087eb-9abd-4406-857e-b2ee61329efd","ts":"2026-10-07T20:52:27.242-04:00","eventName":"n8n.node.started","message":"n8n.node.started","payload":{"workflowId":"PaLPAf3VhFN11mWP","workflowName":"chimueloBot","executionId":"3750","nodeType":"n8n-nodes-base.if","nodeName":"If2","nodeId":"79a91f8d-afeb-4ddc-b6f8-3c9bb45fc216"}}
{"__type":"$$EventMessageConfirm","confirm":"3c9087eb-9abd-4406-857e-b2ee61329efd","ts":"2026-10-07T20:52:27.242-04:00","source":{"id":"0","name":"eventBus"}}
{"__type":"$$EventMessageNode","id":"17860738-ebc9-4fa1-8da7-d17bc133bd6a","ts":"2026-10-07T20:52:27.246-04:00","eventName":"n8n.node.finished","message":"n8n.node.finished","payload":{"workflowId":"PaLPAf3VhFN11mWP","workflowName":"chimueloBot","executionId":"3750","nodeType":"n8n-nodes-base.if","nodeName":"If2","nodeId":"79a91f8d-afeb-4ddc-b6f8-3c9bb45fc216"}}
{"__type":"$$EventMessageConfirm","confirm":"17860738-ebc9-4fa1-8da7-d17bc133bd6a","ts":"2026-10-07T20:52:27.246-04:00","source":{"id":"0","name":"eventBus"}}
{"__type":"$$EventMessageWorkflow","id":"488e98d4-5fcf-4687-a9be-a571a165d967","ts":"2026-10-07T20:52:27.246-04:00","eventName":"n8n.workflow.success","message":"n8n.workflow.success","payload":{"executionId":"3750","success":true,"isManual":false,"mode":"webhook","workflowId":"PaLPAf3VhFN11mWP","workflowName":"chimueloBot","projectId":"4cXhCbdLbVUJK3Dd","projectName":"Ramiro De Rogatis <ramirojavierderogatis@hotmail.com>"}}
{"__type":"$$EventMessageConfirm","confirm":"488e98d4-5fcf-4687-a9be-a571a165d967","ts":"2026-10-07T20:52:27.246-04:00","source":{"id":"0","name":"eventBus"}}
{"__type":"$$EventMessageAudit","id":"f335bbfb-7577-4a90-af7a-ed8c343a1e72","ts":"2026-10-07T20:52:28.162-04:00","eventName":"n8n.audit.workflow.executed","message":"n8n.audit.workflow.executed","payload":{"workflowId":"PaLPAf3VhFN11mWP","workflowName":"chimueloBot","executionId":"3751","projectId":"4cXhCbdLbVUJK3Dd","projectName":"Ramiro De Rogatis <ramirojavierderogatis@hotmail.com>","source":"webhook"}}
{"__type":"$$EventMessageConfirm","confirm":"f335bbfb-7577-4a90-af7a-ed8c343a1e72","ts":"2026-10-07T20:52:28.162-04:00","source":{"id":"0","name":"eventBus"}}
{"__type":"$$EventMessageWorkflow","id":"5f08d7c3-b90a-4d47-8200-a7ea90bdcaa9","ts":"2026-10-07T20:52:28.162-04:00","eventName":"n8n.workflow.started","message":"n8n.workflow.started","payload":{"executionId":"3751","workflowId":"PaLPAf3VhFN11mWP","isManual":false,"mode":"webhook","workflowName":"chimueloBot","projectId":"4cXhCbdLbVUJK3Dd","projectName":"Ramiro De Rogatis <ramirojavierderogatis@hotmail.com>"}}
{"__type":"$$EventMessageConfirm","confirm":"5f08d7c3-b90a-4d47-8200-a7ea90bdcaa9","ts":"2026-10-07T20:52:28.162-04:00","source":{"id":"0","name":"eventBus"}}
{"__type":"$$EventMessageNode","id":"773b4ffb-1c4d-47b4-9014-3343887521be","ts":"2026-10-07T20:52:28.163-04:00","eventName":"n8n.node.started","message":"n8n.node.started","payload":{"workflowId":"PaLPAf3VhFN11mWP","workflowName":"chimueloBot","executionId":"3751","nodeType":"n8n-nodes-base.webhook","nodeName":"Webhook","nodeId":"835eee2e-f5a8-41ae-8da8-c411adda2ef3"}}
{"__type":"$$EventMessageConfirm","confirm":"773b4ffb-1c4d-47b4-9014-3343887521be","ts":"2026-10-07T20:52:28.163-04:00","source":{"id":"0","name":"eventBus"}}
{"__type":"$$EventMessageNode","id":"d86e22b2-b377-49dd-b13b-31ac9235bd9c","ts":"2026-10-07T20:52:28.163-04:00","eventName":"n8n.node.finished","message":"n8n.node.finished","payload":{"workflowId":"PaLPAf3VhFN11mWP","workflowName":"chimueloBot","executionId":"3751","nodeType":"n8n-nodes-base.webhook","nodeName":"Webhook","nodeId":"835eee2e-f5a8-41ae-8da8-c411adda2ef3"}}
{"__type":"$$EventMessageConfirm","confirm":"d86e22b2-b377-49dd-b13b-31ac9235bd9c","ts":"2026-10-07T20:52:28.163-04:00","source":{"id":"0","name":"eventBus"}}
{"__type":"$$EventMessageNode","id":"4fe09eae-e78c-46a3-9bee-ea49f176a769","ts":"2026-10-07T20:52:28.163-04:00","eventName":"n8n.node.started","message":"n8n.node.started","payload":{"workflowId":"PaLPAf3VhFN11mWP","workflowName":"chimueloBot","executionId":"3751","nodeType":"n8n-nodes-base.if","nodeName":"If3","nodeId":"95b56f56-a35e-4d78-8c42-25353df18ded"}}
{"__type":"$$EventMessageConfirm","confirm":"4fe09eae-e78c-46a3-9bee-ea49f176a769","ts":"2026-10-07T20:52:28.163-04:00","source":{"id":"0","name":"eventBus"}}
{"__type":"$$EventMessageNode","id":"695cb6cd-a638-41c3-ad57-f6ce87734baf","ts":"2026-10-07T20:52:28.171-04:00","eventName":"n8n.node.finished","message":"n8n.node.finished","payload":{"workflowId":"PaLPAf3VhFN11mWP","workflowName":"chimueloBot","executionId":"3751","nodeType":"n8n-nodes-base.if","nodeName":"If3","nodeId":"95b56f56-a35e-4d78-8c42-25353df18ded"}}
{"__type":"$$EventMessageConfirm","confirm":"695cb6cd-a638-41c3-ad57-f6ce87734baf","ts":"2026-10-07T20:52:28.171-04:00","source":{"id":"0","name":"eventBus"}}
{"__type":"$$EventMessageNode","id":"ff98d3aa-85e4-4012-a6f0-73305997e3d7","ts":"2026-10-07T20:52:28.171-04:00","eventName":"n8n.node.started","message":"n8n.node.started","payload":{"workflowId":"PaLPAf3VhFN11mWP","workflowName":"chimueloBot","executionId":"3751","nodeType":"n8n-nodes-base.if","nodeName":"If","nodeId":"fce468f6-e692-43e8-a90c-29d403eaad22"}}
{"__type":"$$EventMessageConfirm","confirm":"ff98d3aa-85e4-4012-a6f0-73305997e3d7","ts":"2026-10-07T20:52:28.171-04:00","source":{"id":"0","name":"eventBus"}}
{"__type":"$$EventMessageNode","id":"05774eb1-716d-4c09-9e3d-1ad6b4594175","ts":"2026-10-07T20:52:28.173-04:00","eventName":"n8n.node.finished","message":"n8n.node.finished","payload":{"workflowId":"PaLPAf3VhFN11mWP","workflowName":"chimueloBot","executionId":"3751","nodeType":"n8n-nodes-base.if","nodeName":"If","nodeId":"fce468f6-e692-43e8-a90c-29d403eaad22"}}
{"__type":"$$EventMessageConfirm","confirm":"05774eb1-716d-4c09-9e3d-1ad6b4594175","ts":"2026-10-07T20:52:28.173-04:00","source":{"id":"0","name":"eventBus"}}
{"__type":"$$EventMessageNode","id":"71cce4e5-0ccd-4075-8456-e5333911cefa","ts":"2026-10-07T20:52:28.174-04:00","eventName":"n8n.node.started","message":"n8n.node.started","payload":{"workflowId":"PaLPAf3VhFN11mWP","workflowName":"chimueloBot","executionId":"3751","nodeType":"n8n-nodes-base.if","nodeName":"If1","nodeId":"e019ba3d-6fff-4262-8bed-dfee6e3133d7"}}
{"__type":"$$EventMessageConfirm","confirm":"71cce4e5-0ccd-4075-8456-e5333911cefa","ts":"2026-10-07T20:52:28.174-04:00","source":{"id":"0","name":"eventBus"}}
{"__type":"$$EventMessageNode","id":"f6b1fe86-9d6e-4329-a8aa-a67f359e1d51","ts":"2026-10-07T20:52:28.176-04:00","eventName":"n8n.node.finished","message":"n8n.node.finished","payload":{"workflowId":"PaLPAf3VhFN11mWP","workflowName":"chimueloBot","executionId":"3751","nodeType":"n8n-nodes-base.if","nodeName":"If1","nodeId":"e019ba3d-6fff-4262-8bed-dfee6e3133d7"}}
{"__type":"$$EventMessageConfirm","confirm":"f6b1fe86-9d6e-4329-a8aa-a67f359e1d51","ts":"2026-10-07T20:52:28.176-04:00","source":{"id":"0","name":"eventBus"}}
{"__type":"$$EventMessageNode","id":"a5521db4-c23b-4424-a145-a803a32b0ab4","ts":"2026-10-07T20:52:28.176-04:00","eventName":"n8n.node.started","message":"n8n.node.started","payload":{"workflowId":"PaLPAf3VhFN11mWP","workflowName":"chimueloBot","executionId":"3751","nodeType":"n8n-nodes-base.if","nodeName":"If2","nodeId":"79a91f8d-afeb-4ddc-b6f8-3c9bb45fc216"}}
{"__type":"$$EventMessageConfirm","confirm":"a5521db4-c23b-4424-a145-a803a32b0ab4","ts":"2026-10-07T20:52:28.176-04:00","source":{"id":"0","name":"eventBus"}}
{"__type":"$$EventMessageNode","id":"2c6d8c7f-d0fa-4488-8277-0801429cc838","ts":"2026-10-07T20:52:28.180-04:00","eventName":"n8n.node.finished","message":"n8n.node.finished","payload":{"workflowId":"PaLPAf3VhFN11mWP","workflowName":"chimueloBot","executionId":"3751","nodeType":"n8n-nodes-base.if","nodeName":"If2","nodeId":"79a91f8d-afeb-4ddc-b6f8-3c9bb45fc216"}}
{"__type":"$$EventMessageConfirm","confirm":"2c6d8c7f-d0fa-4488-8277-0801429cc838","ts":"2026-10-07T20:52:28.180-04:00","source":{"id":"0","name":"eventBus"}}
{"__type":"$$EventMessageWorkflow","id":"00e2dd1d-3a93-47eb-8604-dfc97ad0df2d","ts":"2026-10-07T20:52:28.180-04:00","eventName":"n8n.workflow.success","message":"n8n.workflow.success","payload":{"executionId":"3751","success":true,"isManual":false,"mode":"webhook","workflowId":"PaLPAf3VhFN11mWP","workflowName":"chimueloBot","projectId":"4cXhCbdLbVUJK3Dd","projectName":"Ramiro De Rogatis <ramirojavierderogatis@hotmail.com>"}}
{"__type":"$$EventMessageConfirm","confirm":"00e2dd1d-3a93-47eb-8604-dfc97ad0df2d","ts":"2026-10-07T20:52:28.180-04:00","source":{"id":"0","name":"eventBus"}}
{"__type":"$$EventMessageAudit","id":"2c0d6ac1-226a-4621-a5a9-a64aea46f631","ts":"2026-10-07T20:52:28.994-04:00","eventName":"n8n.audit.workflow.executed","message":"n8n.audit.workflow.executed","payload":{"workflowId":"PaLPAf3VhFN11mWP","workflowName":"chimueloBot","executionId":"3752","projectId":"4cXhCbdLbVUJK3Dd","projectName":"Ramiro De Rogatis <ramirojavierderogatis@hotmail.com>","source":"webhook"}}
{"__type":"$$EventMessageConfirm","confirm":"2c0d6ac1-226a-4621-a5a9-a64aea46f631","ts":"2026-10-07T20:52:28.995-04:00","source":{"id":"0","name":"eventBus"}}
{"__type":"$$EventMessageWorkflow","id":"bea9f995-61de-4560-95d9-98f745d6a378","ts":"2026-10-07T20:52:28.995-04:00","eventName":"n8n.workflow.started","message":"n8n.workflow.started","payload":{"executionId":"3752","workflowId":"PaLPAf3VhFN11mWP","isManual":false,"mode":"webhook","workflowName":"chimueloBot","projectId":"4cXhCbdLbVUJK3Dd","projectName":"Ramiro De Rogatis <ramirojavierderogatis@hotmail.com>"}}
{"__type":"$$EventMessageConfirm","confirm":"bea9f995-61de-4560-95d9-98f745d6a378","ts":"2026-10-07T20:52:28.995-04:00","source":{"id":"0","name":"eventBus"}}
{"__type":"$$EventMessageNode","id":"ea9d7a8d-0e29-4c84-b087-1e13d79968ad","ts":"2026-10-07T20:52:28.996-04:00","eventName":"n8n.node.started","message":"n8n.node.started","payload":{"workflowId":"PaLPAf3VhFN11mWP","workflowName":"chimueloBot","executionId":"3752","nodeType":"n8n-nodes-base.webhook","nodeName":"Webhook","nodeId":"835eee2e-f5a8-41ae-8da8-c411adda2ef3"}}
{"__type":"$$EventMessageConfirm","confirm":"ea9d7a8d-0e29-4c84-b087-1e13d79968ad","ts":"2026-10-07T20:52:28.996-04:00","source":{"id":"0","name":"eventBus"}}
{"__type":"$$EventMessageNode","id":"e3220027-9f41-4aeb-b388-3b90a9cf251d","ts":"2026-10-07T20:52:28.996-04:00","eventName":"n8n.node.finished","message":"n8n.node.finished","payload":{"workflowId":"PaLPAf3VhFN11mWP","workflowName":"chimueloBot","executionId":"3752","nodeType":"n8n-nodes-base.webhook","nodeName":"Webhook","nodeId":"835eee2e-f5a8-41ae-8da8-c411adda2ef3"}}
{"__type":"$$EventMessageConfirm","confirm":"e3220027-9f41-4aeb-b388-3b90a9cf251d","ts":"2026-10-07T20:52:28.996-04:00","source":{"id":"0","name":"eventBus"}}
{"__type":"$$EventMessageNode","id":"5048b2bd-d0eb-4824-8a97-756f92b1a53d","ts":"2026-10-07T20:52:28.996-04:00","eventName":"n8n.node.started","message":"n8n.node.started","payload":{"workflowId":"PaLPAf3VhFN11mWP","workflowName":"chimueloBot","executionId":"3752","nodeType":"n8n-nodes-base.if","nodeName":"If3","nodeId":"95b56f56-a35e-4d78-8c42-25353df18ded"}}
{"__type":"$$EventMessageConfirm","confirm":"5048b2bd-d0eb-4824-8a97-756f92b1a53d","ts":"2026-10-07T20:52:28.997-04:00","source":{"id":"0","name":"eventBus"}}
{"__type":"$$EventMessageNode","id":"73a9f208-4c0b-4b18-9749-3540e9c651f9","ts":"2026-10-07T20:52:29.005-04:00","eventName":"n8n.node.finished","message":"n8n.node.finished","payload":{"workflowId":"PaLPAf3VhFN11mWP","workflowName":"chimueloBot","executionId":"3752","nodeType":"n8n-nodes-base.if","nodeName":"If3","nodeId":"95b56f56-a35e-4d78-8c42-25353df18ded"}}
{"__type":"$$EventMessageConfirm","confirm":"73a9f208-4c0b-4b18-9749-3540e9c651f9","ts":"2026-10-07T20:52:29.005-04:00","source":{"id":"0","name":"eventBus"}}
{"__type":"$$EventMessageNode","id":"57385e91-77e8-44e9-89f5-0c4f2e905c27","ts":"2026-10-07T20:52:29.005-04:00","eventName":"n8n.node.started","message":"n8n.node.started","payload":{"workflowId":"PaLPAf3VhFN11mWP","workflowName":"chimueloBot","executionId":"3752","nodeType":"n8n-nodes-base.if","nodeName":"If","nodeId":"fce468f6-e692-43e8-a90c-29d403eaad22"}}
{"__type":"$$EventMessageConfirm","confirm":"57385e91-77e8-44e9-89f5-0c4f2e905c27","ts":"2026-10-07T20:52:29.005-04:00","source":{"id":"0","name":"eventBus"}}
{"__type":"$$EventMessageNode","id":"b6414c66-e2b1-4719-9873-5c9908a44443","ts":"2026-10-07T20:52:29.008-04:00","eventName":"n8n.node.finished","message":"n8n.node.finished","payload":{"workflowId":"PaLPAf3VhFN11mWP","workflowName":"chimueloBot","executionId":"3752","nodeType":"n8n-nodes-base.if","nodeName":"If","nodeId":"fce468f6-e692-43e8-a90c-29d403eaad22"}}
{"__type":"$$EventMessageConfirm","confirm":"b6414c66-e2b1-4719-9873-5c9908a44443","ts":"2026-10-07T20:52:29.008-04:00","source":{"id":"0","name":"eventBus"}}
{"__type":"$$EventMessageNode","id":"cc906cc8-3a9d-49b0-9cd7-1f2eca7be0a0","ts":"2026-10-07T20:52:29.008-04:00","eventName":"n8n.node.started","message":"n8n.node.started","payload":{"workflowId":"PaLPAf3VhFN11mWP","workflowName":"chimueloBot","executionId":"3752","nodeType":"n8n-nodes-base.if","nodeName":"If1","nodeId":"e019ba3d-6fff-4262-8bed-dfee6e3133d7"}}
{"__type":"$$EventMessageConfirm","confirm":"cc906cc8-3a9d-49b0-9cd7-1f2eca7be0a0","ts":"2026-10-07T20:52:29.008-04:00","source":{"id":"0","name":"eventBus"}}
{"__type":"$$EventMessageNode","id":"4fa4551e-aac8-4f4a-899d-0958a0fd4189","ts":"2026-10-07T20:52:29.011-04:00","eventName":"n8n.node.finished","message":"n8n.node.finished","payload":{"workflowId":"PaLPAf3VhFN11mWP","workflowName":"chimueloBot","executionId":"3752","nodeType":"n8n-nodes-base.if","nodeName":"If1","nodeId":"e019ba3d-6fff-4262-8bed-dfee6e3133d7"}}
{"__type":"$$EventMessageConfirm","confirm":"4fa4551e-aac8-4f4a-899d-0958a0fd4189","ts":"2026-10-07T20:52:29.011-04:00","source":{"id":"0","name":"eventBus"}}
{"__type":"$$EventMessageNode","id":"b5f3c372-2ae7-4862-8de6-b42eada7ffeb","ts":"2026-10-07T20:52:29.012-04:00","eventName":"n8n.node.started","message":"n8n.node.started","payload":{"workflowId":"PaLPAf3VhFN11mWP","workflowName":"chimueloBot","executionId":"3752","nodeType":"n8n-nodes-base.if","nodeName":"If2","nodeId":"79a91f8d-afeb-4ddc-b6f8-3c9bb45fc216"}}
{"__type":"$$EventMessageConfirm","confirm":"b5f3c372-2ae7-4862-8de6-b42eada7ffeb","ts":"2026-10-07T20:52:29.012-04:00","source":{"id":"0","name":"eventBus"}}
{"__type":"$$EventMessageNode","id":"3f03e1ea-e9db-4edc-b482-986fafa3af65","ts":"2026-10-07T20:52:29.019-04:00","eventName":"n8n.node.finished","message":"n8n.node.finished","payload":{"workflowId":"PaLPAf3VhFN11mWP","workflowName":"chimueloBot","executionId":"3752","nodeType":"n8n-nodes-base.if","nodeName":"If2","nodeId":"79a91f8d-afeb-4ddc-b6f8-3c9bb45fc216"}}
{"__type":"$$EventMessageConfirm","confirm":"3f03e1ea-e9db-4edc-b482-986fafa3af65","ts":"2026-10-07T20:52:29.019-04:00","source":{"id":"0","name":"eventBus"}}
{"__type":"$$EventMessageWorkflow","id":"b3eb93b0-505f-472f-8028-7441262fff9a","ts":"2026-10-07T20:52:29.019-04:00","eventName":"n8n.workflow.success","message":"n8n.workflow.success","payload":{"executionId":"3752","success":true,"isManual":false,"mode":"webhook","workflowId":"PaLPAf3VhFN11mWP","workflowName":"chimueloBot","projectId":"4cXhCbdLbVUJK3Dd","projectName":"Ramiro De Rogatis <ramirojavierderogatis@hotmail.com>"}}
{"__type":"$$EventMessageConfirm","confirm":"b3eb93b0-505f-472f-8028-7441262fff9a","ts":"2026-10-07T20:52:29.019-04:00","source":{"id":"0","name":"eventBus"}}
{"__type":"$$EventMessageAudit","id":"8e2d6376-af19-4a70-b1ee-d6352bca065e","ts":"2026-10-07T20:52:29.688-04:00","eventName":"n8n.audit.workflow.executed","message":"n8n.audit.workflow.executed","payload":{"workflowId":"PaLPAf3VhFN11mWP","workflowName":"chimueloBot","executionId":"3753","projectId":"4cXhCbdLbVUJK3Dd","projectName":"Ramiro De Rogatis <ramirojavierderogatis@hotmail.com>","source":"webhook"}}
{"__type":"$$EventMessageConfirm","confirm":"8e2d6376-af19-4a70-b1ee-d6352bca065e","ts":"2026-10-07T20:52:29.688-04:00","source":{"id":"0","name":"eventBus"}}
{"__type":"$$EventMessageWorkflow","id":"70140c59-25c5-46cd-87ee-7a403402826b","ts":"2026-10-07T20:52:29.688-04:00","eventName":"n8n.workflow.started","message":"n8n.workflow.started","payload":{"executionId":"3753","workflowId":"PaLPAf3VhFN11mWP","isManual":false,"mode":"webhook","workflowName":"chimueloBot","projectId":"4cXhCbdLbVUJK3Dd","projectName":"Ramiro De Rogatis <ramirojavierderogatis@hotmail.com>"}}
{"__type":"$$EventMessageConfirm","confirm":"70140c59-25c5-46cd-87ee-7a403402826b","ts":"2026-10-07T20:52:29.688-04:00","source":{"id":"0","name":"eventBus"}}
{"__type":"$$EventMessageNode","id":"ebb9aca0-c316-4594-b6e0-e359b57191b2","ts":"2026-10-07T20:52:29.689-04:00","eventName":"n8n.node.started","message":"n8n.node.started","payload":{"workflowId":"PaLPAf3VhFN11mWP","workflowName":"chimueloBot","executionId":"3753","nodeType":"n8n-nodes-base.webhook","nodeName":"Webhook","nodeId":"835eee2e-f5a8-41ae-8da8-c411adda2ef3"}}
{"__type":"$$EventMessageConfirm","confirm":"ebb9aca0-c316-4594-b6e0-e359b57191b2","ts":"2026-10-07T20:52:29.689-04:00","source":{"id":"0","name":"eventBus"}}
{"__type":"$$EventMessageNode","id":"cec633d5-aa10-42d2-bb1f-b1099dfd291e","ts":"2026-10-07T20:52:29.689-04:00","eventName":"n8n.node.finished","message":"n8n.node.finished","payload":{"workflowId":"PaLPAf3VhFN11mWP","workflowName":"chimueloBot","executionId":"3753","nodeType":"n8n-nodes-base.webhook","nodeName":"Webhook","nodeId":"835eee2e-f5a8-41ae-8da8-c411adda2ef3"}}
{"__type":"$$EventMessageConfirm","confirm":"cec633d5-aa10-42d2-bb1f-b1099dfd291e","ts":"2026-10-07T20:52:29.689-04:00","source":{"id":"0","name":"eventBus"}}
{"__type":"$$EventMessageNode","id":"173e343b-e2e3-45ac-92e0-64628ca7cf39","ts":"2026-10-07T20:52:29.689-04:00","eventName":"n8n.node.started","message":"n8n.node.started","payload":{"workflowId":"PaLPAf3VhFN11mWP","workflowName":"chimueloBot","executionId":"3753","nodeType":"n8n-nodes-base.if","nodeName":"If3","nodeId":"95b56f56-a35e-4d78-8c42-25353df18ded"}}
{"__type":"$$EventMessageConfirm","confirm":"173e343b-e2e3-45ac-92e0-64628ca7cf39","ts":"2026-10-07T20:52:29.689-04:00","source":{"id":"0","name":"eventBus"}}
{"__type":"$$EventMessageNode","id":"ac82df9a-44be-4a10-b2e0-33f9bb50ee52","ts":"2026-10-07T20:52:29.696-04:00","eventName":"n8n.node.finished","message":"n8n.node.finished","payload":{"workflowId":"PaLPAf3VhFN11mWP","workflowName":"chimueloBot","executionId":"3753","nodeType":"n8n-nodes-base.if","nodeName":"If3","nodeId":"95b56f56-a35e-4d78-8c42-25353df18ded"}}
{"__type":"$$EventMessageConfirm","confirm":"ac82df9a-44be-4a10-b2e0-33f9bb50ee52","ts":"2026-10-07T20:52:29.697-04:00","source":{"id":"0","name":"eventBus"}}
{"__type":"$$EventMessageNode","id":"dadd8f0d-fc0a-485e-a024-e1ff1170deec","ts":"2026-10-07T20:52:29.697-04:00","eventName":"n8n.node.started","message":"n8n.node.started","payload":{"workflowId":"PaLPAf3VhFN11mWP","workflowName":"chimueloBot","executionId":"3753","nodeType":"n8n-nodes-base.if","nodeName":"If","nodeId":"fce468f6-e692-43e8-a90c-29d403eaad22"}}
{"__type":"$$EventMessageConfirm","confirm":"dadd8f0d-fc0a-485e-a024-e1ff1170deec","ts":"2026-10-07T20:52:29.697-04:00","source":{"id":"0","name":"eventBus"}}
{"__type":"$$EventMessageNode","id":"5dd77236-f69e-445f-bfca-663732b92ac4","ts":"2026-10-07T20:52:29.699-04:00","eventName":"n8n.node.finished","message":"n8n.node.finished","payload":{"workflowId":"PaLPAf3VhFN11mWP","workflowName":"chimueloBot","executionId":"3753","nodeType":"n8n-nodes-base.if","nodeName":"If","nodeId":"fce468f6-e692-43e8-a90c-29d403eaad22"}}
{"__type":"$$EventMessageConfirm","confirm":"5dd77236-f69e-445f-bfca-663732b92ac4","ts":"2026-10-07T20:52:29.699-04:00","source":{"id":"0","name":"eventBus"}}
{"__type":"$$EventMessageNode","id":"9338559e-8cbd-4266-a766-7a73073586f6","ts":"2026-10-07T20:52:29.699-04:00","eventName":"n8n.node.started","message":"n8n.node.started","payload":{"workflowId":"PaLPAf3VhFN11mWP","workflowName":"chimueloBot","executionId":"3753","nodeType":"n8n-nodes-base.if","nodeName":"If1","nodeId":"e019ba3d-6fff-4262-8bed-dfee6e3133d7"}}
{"__type":"$$EventMessageConfirm","confirm":"9338559e-8cbd-4266-a766-7a73073586f6","ts":"2026-10-07T20:52:29.699-04:00","source":{"id":"0","name":"eventBus"}}
{"__type":"$$EventMessageNode","id":"17ff480c-65fe-4e63-bf4e-10b69edcb128","ts":"2026-10-07T20:52:29.701-04:00","eventName":"n8n.node.finished","message":"n8n.node.finished","payload":{"workflowId":"PaLPAf3VhFN11mWP","workflowName":"chimueloBot","executionId":"3753","nodeType":"n8n-nodes-base.if","nodeName":"If1","nodeId":"e019ba3d-6fff-4262-8bed-dfee6e3133d7"}}
{"__type":"$$EventMessageConfirm","confirm":"17ff480c-65fe-4e63-bf4e-10b69edcb128","ts":"2026-10-07T20:52:29.701-04:00","source":{"id":"0","name":"eventBus"}}
{"__type":"$$EventMessageNode","id":"9cc14c5f-07c1-426a-b428-dc78a5d979f9","ts":"2026-10-07T20:52:29.701-04:00","eventName":"n8n.node.started","message":"n8n.node.started","payload":{"workflowId":"PaLPAf3VhFN11mWP","workflowName":"chimueloBot","executionId":"3753","nodeType":"n8n-nodes-base.if","nodeName":"If2","nodeId":"79a91f8d-afeb-4ddc-b6f8-3c9bb45fc216"}}
{"__type":"$$EventMessageConfirm","confirm":"9cc14c5f-07c1-426a-b428-dc78a5d979f9","ts":"2026-10-07T20:52:29.701-04:00","source":{"id":"0","name":"eventBus"}}
{"__type":"$$EventMessageNode","id":"16933cbf-5033-4f3a-9330-10560288584a","ts":"2026-10-07T20:52:29.705-04:00","eventName":"n8n.node.finished","message":"n8n.node.finished","payload":{"workflowId":"PaLPAf3VhFN11mWP","workflowName":"chimueloBot","executionId":"3753","nodeType":"n8n-nodes-base.if","nodeName":"If2","nodeId":"79a91f8d-afeb-4ddc-b6f8-3c9bb45fc216"}}
{"__type":"$$EventMessageConfirm","confirm":"16933cbf-5033-4f3a-9330-10560288584a","ts":"2026-10-07T20:52:29.705-04:00","source":{"id":"0","name":"eventBus"}}
{"__type":"$$EventMessageWorkflow","id":"15d4fea1-c2b9-4b39-83ea-cf1516d0b640","ts":"2026-10-07T20:52:29.705-04:00","eventName":"n8n.workflow.success","message":"n8n.workflow.success","payload":{"executionId":"3753","success":true,"isManual":false,"mode":"webhook","workflowId":"PaLPAf3VhFN11mWP","workflowName":"chimueloBot","projectId":"4cXhCbdLbVUJK3Dd","projectName":"Ramiro De Rogatis <ramirojavierderogatis@hotmail.com>"}}
{"__type":"$$EventMessageConfirm","confirm":"15d4fea1-c2b9-4b39-83ea-cf1516d0b640","ts":"2026-10-07T20:52:29.705-04:00","source":{"id":"0","name":"eventBus"}}
{"__type":"$$EventMessageAudit","id":"bc94b4bd-52b3-492a-bd88-4b6ff18427a2","ts":"2026-10-07T20:52:30.500-04:00","eventName":"n8n.audit.workflow.executed","message":"n8n.audit.workflow.executed","payload":{"workflowId":"PaLPAf3VhFN11mWP","workflowName":"chimueloBot","executionId":"3754","projectId":"4cXhCbdLbVUJK3Dd","projectName":"Ramiro De Rogatis <ramirojavierderogatis@hotmail.com>","source":"webhook"}}
{"__type":"$$EventMessageConfirm","confirm":"bc94b4bd-52b3-492a-bd88-4b6ff18427a2","ts":"2026-10-07T20:52:30.501-04:00","source":{"id":"0","name":"eventBus"}}
{"__type":"$$EventMessageWorkflow","id":"680c4a7f-a091-4938-af8f-bc21f6f3103d","ts":"2026-10-07T20:52:30.501-04:00","eventName":"n8n.workflow.started","message":"n8n.workflow.started","payload":{"executionId":"3754","workflowId":"PaLPAf3VhFN11mWP","isManual":false,"mode":"webhook","workflowName":"chimueloBot","projectId":"4cXhCbdLbVUJK3Dd","projectName":"Ramiro De Rogatis <ramirojavierderogatis@hotmail.com>"}}
{"__type":"$$EventMessageConfirm","confirm":"680c4a7f-a091-4938-af8f-bc21f6f3103d","ts":"2026-10-07T20:52:30.501-04:00","source":{"id":"0","name":"eventBus"}}
{"__type":"$$EventMessageNode","id":"631bed40-020c-40b0-a066-5394804be883","ts":"2026-10-07T20:52:30.501-04:00","eventName":"n8n.node.started","message":"n8n.node.started","payload":{"workflowId":"PaLPAf3VhFN11mWP","workflowName":"chimueloBot","executionId":"3754","nodeType":"n8n-nodes-base.webhook","nodeName":"Webhook","nodeId":"835eee2e-f5a8-41ae-8da8-c411adda2ef3"}}
{"__type":"$$EventMessageConfirm","confirm":"631bed40-020c-40b0-a066-5394804be883","ts":"2026-10-07T20:52:30.502-04:00","source":{"id":"0","name":"eventBus"}}
{"__type":"$$EventMessageNode","id":"9db56aee-50f1-415a-87b5-1f4185756078","ts":"2026-10-07T20:52:30.502-04:00","eventName":"n8n.node.finished","message":"n8n.node.finished","payload":{"workflowId":"PaLPAf3VhFN11mWP","workflowName":"chimueloBot","executionId":"3754","nodeType":"n8n-nodes-base.webhook","nodeName":"Webhook","nodeId":"835eee2e-f5a8-41ae-8da8-c411adda2ef3"}}
{"__type":"$$EventMessageConfirm","confirm":"9db56aee-50f1-415a-87b5-1f4185756078","ts":"2026-10-07T20:52:30.502-04:00","source":{"id":"0","name":"eventBus"}}
{"__type":"$$EventMessageNode","id":"ea3ba18c-12f5-4a28-bce5-c2cd772b495c","ts":"2026-10-07T20:52:30.502-04:00","eventName":"n8n.node.started","message":"n8n.node.started","payload":{"workflowId":"PaLPAf3VhFN11mWP","workflowName":"chimueloBot","executionId":"3754","nodeType":"n8n-nodes-base.if","nodeName":"If3","nodeId":"95b56f56-a35e-4d78-8c42-25353df18ded"}}
{"__type":"$$EventMessageConfirm","confirm":"ea3ba18c-12f5-4a28-bce5-c2cd772b495c","ts":"2026-10-07T20:52:30.502-04:00","source":{"id":"0","name":"eventBus"}}
{"__type":"$$EventMessageNode","id":"0ebbb16e-9676-4dff-8235-a6e91a06d398","ts":"2026-10-07T20:52:30.508-04:00","eventName":"n8n.node.finished","message":"n8n.node.finished","payload":{"workflowId":"PaLPAf3VhFN11mWP","workflowName":"chimueloBot","executionId":"3754","nodeType":"n8n-nodes-base.if","nodeName":"If3","nodeId":"95b56f56-a35e-4d78-8c42-25353df18ded"}}
{"__type":"$$EventMessageConfirm","confirm":"0ebbb16e-9676-4dff-8235-a6e91a06d398","ts":"2026-10-07T20:52:30.509-04:00","source":{"id":"0","name":"eventBus"}}
{"__type":"$$EventMessageNode","id":"aab8a54e-8278-4257-ac16-3cfc7b7e5c1d","ts":"2026-10-07T20:52:30.509-04:00","eventName":"n8n.node.started","message":"n8n.node.started","payload":{"workflowId":"PaLPAf3VhFN11mWP","workflowName":"chimueloBot","executionId":"3754","nodeType":"n8n-nodes-base.if","nodeName":"If","nodeId":"fce468f6-e692-43e8-a90c-29d403eaad22"}}
{"__type":"$$EventMessageConfirm","confirm":"aab8a54e-8278-4257-ac16-3cfc7b7e5c1d","ts":"2026-10-07T20:52:30.509-04:00","source":{"id":"0","name":"eventBus"}}
{"__type":"$$EventMessageNode","id":"6ce8045b-e8e2-4157-ab2b-7e21d188d04c","ts":"2026-10-07T20:52:30.512-04:00","eventName":"n8n.node.finished","message":"n8n.node.finished","payload":{"workflowId":"PaLPAf3VhFN11mWP","workflowName":"chimueloBot","executionId":"3754","nodeType":"n8n-nodes-base.if","nodeName":"If","nodeId":"fce468f6-e692-43e8-a90c-29d403eaad22"}}
{"__type":"$$EventMessageConfirm","confirm":"6ce8045b-e8e2-4157-ab2b-7e21d188d04c","ts":"2026-10-07T20:52:30.512-04:00","source":{"id":"0","name":"eventBus"}}
{"__type":"$$EventMessageNode","id":"169c8f1c-5292-4e76-83bc-b134c1f21f4f","ts":"2026-10-07T20:52:30.512-04:00","eventName":"n8n.node.started","message":"n8n.node.started","payload":{"workflowId":"PaLPAf3VhFN11mWP","workflowName":"chimueloBot","executionId":"3754","nodeType":"n8n-nodes-base.if","nodeName":"If1","nodeId":"e019ba3d-6fff-4262-8bed-dfee6e3133d7"}}
{"__type":"$$EventMessageConfirm","confirm":"169c8f1c-5292-4e76-83bc-b134c1f21f4f","ts":"2026-10-07T20:52:30.512-04:00","source":{"id":"0","name":"eventBus"}}
{"__type":"$$EventMessageNode","id":"fd23517c-21f3-4927-8012-792c157cf19c","ts":"2026-10-07T20:52:30.515-04:00","eventName":"n8n.node.finished","message":"n8n.node.finished","payload":{"workflowId":"PaLPAf3VhFN11mWP","workflowName":"chimueloBot","executionId":"3754","nodeType":"n8n-nodes-base.if","nodeName":"If1","nodeId":"e019ba3d-6fff-4262-8bed-dfee6e3133d7"}}
{"__type":"$$EventMessageConfirm","confirm":"fd23517c-21f3-4927-8012-792c157cf19c","ts":"2026-10-07T20:52:30.515-04:00","source":{"id":"0","name":"eventBus"}}
{"__type":"$$EventMessageNode","id":"efeacbf0-efd8-4193-a107-e804db870f5b","ts":"2026-10-07T20:52:30.515-04:00","eventName":"n8n.node.started","message":"n8n.node.started","payload":{"workflowId":"PaLPAf3VhFN11mWP","workflowName":"chimueloBot","executionId":"3754","nodeType":"n8n-nodes-base.if","nodeName":"If2","nodeId":"79a91f8d-afeb-4ddc-b6f8-3c9bb45fc216"}}
{"__type":"$$EventMessageConfirm","confirm":"efeacbf0-efd8-4193-a107-e804db870f5b","ts":"2026-10-07T20:52:30.515-04:00","source":{"id":"0","name":"eventBus"}}
{"__type":"$$EventMessageNode","id":"2977e2c2-5133-47ad-b50f-473f7969a1f2","ts":"2026-10-07T20:52:30.518-04:00","eventName":"n8n.node.finished","message":"n8n.node.finished","payload":{"workflowId":"PaLPAf3VhFN11mWP","workflowName":"chimueloBot","executionId":"3754","nodeType":"n8n-nodes-base.if","nodeName":"If2","nodeId":"79a91f8d-afeb-4ddc-b6f8-3c9bb45fc216"}}
{"__type":"$$EventMessageConfirm","confirm":"2977e2c2-5133-47ad-b50f-473f7969a1f2","ts":"2026-10-07T20:52:30.518-04:00","source":{"id":"0","name":"eventBus"}}
{"__type":"$$EventMessageWorkflow","id":"baf313ef-59b8-46c4-8955-7763c9b32f51","ts":"2026-10-07T20:52:30.518-04:00","eventName":"n8n.workflow.success","message":"n8n.workflow.success","payload":{"executionId":"3754","success":true,"isManual":false,"mode":"webhook","workflowId":"PaLPAf3VhFN11mWP","workflowName":"chimueloBot","projectId":"4cXhCbdLbVUJK3Dd","projectName":"Ramiro De Rogatis <ramirojavierderogatis@hotmail.com>"}}
{"__type":"$$EventMessageConfirm","confirm":"baf313ef-59b8-46c4-8955-7763c9b32f51","ts":"2026-10-07T20:52:30.518-04:00","source":{"id":"0","name":"eventBus"}}
{"__type":"$$EventMessageAudit","id":"a0e5294f-fcd9-4364-8cc0-9d11c82da3d1","ts":"2026-10-07T20:52:31.136-04:00","eventName":"n8n.audit.workflow.executed","message":"n8n.audit.workflow.executed","payload":{"workflowId":"PaLPAf3VhFN11mWP","workflowName":"chimueloBot","executionId":"3755","projectId":"4cXhCbdLbVUJK3Dd","projectName":"Ramiro De Rogatis <ramirojavierderogatis@hotmail.com>","source":"webhook"}}
{"__type":"$$EventMessageConfirm","confirm":"a0e5294f-fcd9-4364-8cc0-9d11c82da3d1","ts":"2026-10-07T20:52:31.136-04:00","source":{"id":"0","name":"eventBus"}}
{"__type":"$$EventMessageWorkflow","id":"0fbe9ca8-660a-45a6-a796-fd973b24d022","ts":"2026-10-07T20:52:31.136-04:00","eventName":"n8n.workflow.started","message":"n8n.workflow.started","payload":{"executionId":"3755","workflowId":"PaLPAf3VhFN11mWP","isManual":false,"mode":"webhook","workflowName":"chimueloBot","projectId":"4cXhCbdLbVUJK3Dd","projectName":"Ramiro De Rogatis <ramirojavierderogatis@hotmail.com>"}}
{"__type":"$$EventMessageConfirm","confirm":"0fbe9ca8-660a-45a6-a796-fd973b24d022","ts":"2026-10-07T20:52:31.136-04:00","source":{"id":"0","name":"eventBus"}}
{"__type":"$$EventMessageNode","id":"028af108-29a6-43eb-bbf7-8b1dfd2e3860","ts":"2026-10-07T20:52:31.137-04:00","eventName":"n8n.node.started","message":"n8n.node.started","payload":{"workflowId":"PaLPAf3VhFN11mWP","workflowName":"chimueloBot","executionId":"3755","nodeType":"n8n-nodes-base.webhook","nodeName":"Webhook","nodeId":"835eee2e-f5a8-41ae-8da8-c411adda2ef3"}}
{"__type":"$$EventMessageConfirm","confirm":"028af108-29a6-43eb-bbf7-8b1dfd2e3860","ts":"2026-10-07T20:52:31.137-04:00","source":{"id":"0","name":"eventBus"}}
{"__type":"$$EventMessageNode","id":"aa3f3c53-6012-4b51-a5f7-251cbb950ab2","ts":"2026-10-07T20:52:31.137-04:00","eventName":"n8n.node.finished","message":"n8n.node.finished","payload":{"workflowId":"PaLPAf3VhFN11mWP","workflowName":"chimueloBot","executionId":"3755","nodeType":"n8n-nodes-base.webhook","nodeName":"Webhook","nodeId":"835eee2e-f5a8-41ae-8da8-c411adda2ef3"}}
{"__type":"$$EventMessageConfirm","confirm":"aa3f3c53-6012-4b51-a5f7-251cbb950ab2","ts":"2026-10-07T20:52:31.137-04:00","source":{"id":"0","name":"eventBus"}}
{"__type":"$$EventMessageNode","id":"90191b18-36f6-4463-be84-214f44e5ad25","ts":"2026-10-07T20:52:31.137-04:00","eventName":"n8n.node.started","message":"n8n.node.started","payload":{"workflowId":"PaLPAf3VhFN11mWP","workflowName":"chimueloBot","executionId":"3755","nodeType":"n8n-nodes-base.if","nodeName":"If3","nodeId":"95b56f56-a35e-4d78-8c42-25353df18ded"}}
{"__type":"$$EventMessageConfirm","confirm":"90191b18-36f6-4463-be84-214f44e5ad25","ts":"2026-10-07T20:52:31.137-04:00","source":{"id":"0","name":"eventBus"}}
{"__type":"$$EventMessageNode","id":"1635f8f9-5c3a-42f1-a532-66a713592eed","ts":"2026-10-07T20:52:31.145-04:00","eventName":"n8n.node.finished","message":"n8n.node.finished","payload":{"workflowId":"PaLPAf3VhFN11mWP","workflowName":"chimueloBot","executionId":"3755","nodeType":"n8n-nodes-base.if","nodeName":"If3","nodeId":"95b56f56-a35e-4d78-8c42-25353df18ded"}}
{"__type":"$$EventMessageConfirm","confirm":"1635f8f9-5c3a-42f1-a532-66a713592eed","ts":"2026-10-07T20:52:31.145-04:00","source":{"id":"0","name":"eventBus"}}
{"__type":"$$EventMessageNode","id":"5ccfcc94-4d99-47b8-9456-61d5ef10ce7c","ts":"2026-10-07T20:52:31.145-04:00","eventName":"n8n.node.started","message":"n8n.node.started","payload":{"workflowId":"PaLPAf3VhFN11mWP","workflowName":"chimueloBot","executionId":"3755","nodeType":"n8n-nodes-base.if","nodeName":"If","nodeId":"fce468f6-e692-43e8-a90c-29d403eaad22"}}
{"__type":"$$EventMessageConfirm","confirm":"5ccfcc94-4d99-47b8-9456-61d5ef10ce7c","ts":"2026-10-07T20:52:31.145-04:00","source":{"id":"0","name":"eventBus"}}
{"__type":"$$EventMessageNode","id":"b725a921-ab2b-417d-96c0-d35df45edf67","ts":"2026-10-07T20:52:31.147-04:00","eventName":"n8n.node.finished","message":"n8n.node.finished","payload":{"workflowId":"PaLPAf3VhFN11mWP","workflowName":"chimueloBot","executionId":"3755","nodeType":"n8n-nodes-base.if","nodeName":"If","nodeId":"fce468f6-e692-43e8-a90c-29d403eaad22"}}
{"__type":"$$EventMessageConfirm","confirm":"b725a921-ab2b-417d-96c0-d35df45edf67","ts":"2026-10-07T20:52:31.147-04:00","source":{"id":"0","name":"eventBus"}}
{"__type":"$$EventMessageNode","id":"7415e843-5485-40f8-9d06-db222a121ed6","ts":"2026-10-07T20:52:31.147-04:00","eventName":"n8n.node.started","message":"n8n.node.started","payload":{"workflowId":"PaLPAf3VhFN11mWP","workflowName":"chimueloBot","executionId":"3755","nodeType":"n8n-nodes-base.if","nodeName":"If1","nodeId":"e019ba3d-6fff-4262-8bed-dfee6e3133d7"}}
{"__type":"$$EventMessageConfirm","confirm":"7415e843-5485-40f8-9d06-db222a121ed6","ts":"2026-10-07T20:52:31.147-04:00","source":{"id":"0","name":"eventBus"}}
{"__type":"$$EventMessageNode","id":"5d8ccb1f-f427-41bc-a404-d6eb9287a117","ts":"2026-10-07T20:52:31.149-04:00","eventName":"n8n.node.finished","message":"n8n.node.finished","payload":{"workflowId":"PaLPAf3VhFN11mWP","workflowName":"chimueloBot","executionId":"3755","nodeType":"n8n-nodes-base.if","nodeName":"If1","nodeId":"e019ba3d-6fff-4262-8bed-dfee6e3133d7"}}
{"__type":"$$EventMessageConfirm","confirm":"5d8ccb1f-f427-41bc-a404-d6eb9287a117","ts":"2026-10-07T20:52:31.149-04:00","source":{"id":"0","name":"eventBus"}}
{"__type":"$$EventMessageNode","id":"6dd7091a-bcde-4cff-8f83-b2c880d6c57c","ts":"2026-10-07T20:52:31.149-04:00","eventName":"n8n.node.started","message":"n8n.node.started","payload":{"workflowId":"PaLPAf3VhFN11mWP","workflowName":"chimueloBot","executionId":"3755","nodeType":"n8n-nodes-base.if","nodeName":"If2","nodeId":"79a91f8d-afeb-4ddc-b6f8-3c9bb45fc216"}}
{"__type":"$$EventMessageConfirm","confirm":"6dd7091a-bcde-4cff-8f83-b2c880d6c57c","ts":"2026-10-07T20:52:31.149-04:00","source":{"id":"0","name":"eventBus"}}
{"__type":"$$EventMessageNode","id":"fc8e59ea-62d5-40af-894d-d9426078c09f","ts":"2026-10-07T20:52:31.153-04:00","eventName":"n8n.node.finished","message":"n8n.node.finished","payload":{"workflowId":"PaLPAf3VhFN11mWP","workflowName":"chimueloBot","executionId":"3755","nodeType":"n8n-nodes-base.if","nodeName":"If2","nodeId":"79a91f8d-afeb-4ddc-b6f8-3c9bb45fc216"}}
{"__type":"$$EventMessageConfirm","confirm":"fc8e59ea-62d5-40af-894d-d9426078c09f","ts":"2026-10-07T20:52:31.153-04:00","source":{"id":"0","name":"eventBus"}}
{"__type":"$$EventMessageWorkflow","id":"a00369e5-c107-43e1-80d6-97725c52360d","ts":"2026-10-07T20:52:31.153-04:00","eventName":"n8n.workflow.success","message":"n8n.workflow.success","payload":{"executionId":"3755","success":true,"isManual":false,"mode":"webhook","workflowId":"PaLPAf3VhFN11mWP","workflowName":"chimueloBot","projectId":"4cXhCbdLbVUJK3Dd","projectName":"Ramiro De Rogatis <ramirojavierderogatis@hotmail.com>"}}
{"__type":"$$EventMessageConfirm","confirm":"a00369e5-c107-43e1-80d6-97725c52360d","ts":"2026-10-07T20:52:31.153-04:00","source":{"id":"0","name":"eventBus"}}
{"__type":"$$EventMessageAudit","id":"4b92a1d9-e9bb-4d7d-a632-bde310835bf1","ts":"2026-10-07T20:52:31.765-04:00","eventName":"n8n.audit.workflow.executed","message":"n8n.audit.workflow.executed","payload":{"workflowId":"PaLPAf3VhFN11mWP","workflowName":"chimueloBot","executionId":"3756","projectId":"4cXhCbdLbVUJK3Dd","projectName":"Ramiro De Rogatis <ramirojavierderogatis@hotmail.com>","source":"webhook"}}
{"__type":"$$EventMessageConfirm","confirm":"4b92a1d9-e9bb-4d7d-a632-bde310835bf1","ts":"2026-10-07T20:52:31.765-04:00","source":{"id":"0","name":"eventBus"}}
{"__type":"$$EventMessageWorkflow","id":"634a2453-b045-4dab-8d61-5970a6311914","ts":"2026-10-07T20:52:31.765-04:00","eventName":"n8n.workflow.started","message":"n8n.workflow.started","payload":{"executionId":"3756","workflowId":"PaLPAf3VhFN11mWP","isManual":false,"mode":"webhook","workflowName":"chimueloBot","projectId":"4cXhCbdLbVUJK3Dd","projectName":"Ramiro De Rogatis <ramirojavierderogatis@hotmail.com>"}}
{"__type":"$$EventMessageConfirm","confirm":"634a2453-b045-4dab-8d61-5970a6311914","ts":"2026-10-07T20:52:31.765-04:00","source":{"id":"0","name":"eventBus"}}
{"__type":"$$EventMessageNode","id":"5f5ec991-989d-4ad0-804e-e17671d929a7","ts":"2026-10-07T20:52:31.766-04:00","eventName":"n8n.node.started","message":"n8n.node.started","payload":{"workflowId":"PaLPAf3VhFN11mWP","workflowName":"chimueloBot","executionId":"3756","nodeType":"n8n-nodes-base.webhook","nodeName":"Webhook","nodeId":"835eee2e-f5a8-41ae-8da8-c411adda2ef3"}}
{"__type":"$$EventMessageConfirm","confirm":"5f5ec991-989d-4ad0-804e-e17671d929a7","ts":"2026-10-07T20:52:31.766-04:00","source":{"id":"0","name":"eventBus"}}
{"__type":"$$EventMessageNode","id":"fe1ecf73-6900-4d32-9582-acc5ae49e3e0","ts":"2026-10-07T20:52:31.766-04:00","eventName":"n8n.node.finished","message":"n8n.node.finished","payload":{"workflowId":"PaLPAf3VhFN11mWP","workflowName":"chimueloBot","executionId":"3756","nodeType":"n8n-nodes-base.webhook","nodeName":"Webhook","nodeId":"835eee2e-f5a8-41ae-8da8-c411adda2ef3"}}
{"__type":"$$EventMessageConfirm","confirm":"fe1ecf73-6900-4d32-9582-acc5ae49e3e0","ts":"2026-10-07T20:52:31.766-04:00","source":{"id":"0","name":"eventBus"}}
{"__type":"$$EventMessageNode","id":"0a1736c0-8604-41b4-a93b-6ae14131e785","ts":"2026-10-07T20:52:31.766-04:00","eventName":"n8n.node.started","message":"n8n.node.started","payload":{"workflowId":"PaLPAf3VhFN11mWP","workflowName":"chimueloBot","executionId":"3756","nodeType":"n8n-nodes-base.if","nodeName":"If3","nodeId":"95b56f56-a35e-4d78-8c42-25353df18ded"}}
{"__type":"$$EventMessageConfirm","confirm":"0a1736c0-8604-41b4-a93b-6ae14131e785","ts":"2026-10-07T20:52:31.766-04:00","source":{"id":"0","name":"eventBus"}}
{"__type":"$$EventMessageNode","id":"dfce9893-cb5c-4141-b4f8-c13f59fe4a55","ts":"2026-10-07T20:52:31.772-04:00","eventName":"n8n.node.finished","message":"n8n.node.finished","payload":{"workflowId":"PaLPAf3VhFN11mWP","workflowName":"chimueloBot","executionId":"3756","nodeType":"n8n-nodes-base.if","nodeName":"If3","nodeId":"95b56f56-a35e-4d78-8c42-25353df18ded"}}
{"__type":"$$EventMessageConfirm","confirm":"dfce9893-cb5c-4141-b4f8-c13f59fe4a55","ts":"2026-10-07T20:52:31.773-04:00","source":{"id":"0","name":"eventBus"}}
{"__type":"$$EventMessageNode","id":"11a78265-1737-4aa4-8222-2b750290d6a7","ts":"2026-10-07T20:52:31.773-04:00","eventName":"n8n.node.started","message":"n8n.node.started","payload":{"workflowId":"PaLPAf3VhFN11mWP","workflowName":"chimueloBot","executionId":"3756","nodeType":"n8n-nodes-base.if","nodeName":"If","nodeId":"fce468f6-e692-43e8-a90c-29d403eaad22"}}
{"__type":"$$EventMessageConfirm","confirm":"11a78265-1737-4aa4-8222-2b750290d6a7","ts":"2026-10-07T20:52:31.773-04:00","source":{"id":"0","name":"eventBus"}}
{"__type":"$$EventMessageNode","id":"ce756c0e-f713-47eb-afec-974abb5892ec","ts":"2026-10-07T20:52:31.774-04:00","eventName":"n8n.node.finished","message":"n8n.node.finished","payload":{"workflowId":"PaLPAf3VhFN11mWP","workflowName":"chimueloBot","executionId":"3756","nodeType":"n8n-nodes-base.if","nodeName":"If","nodeId":"fce468f6-e692-43e8-a90c-29d403eaad22"}}
{"__type":"$$EventMessageConfirm","confirm":"ce756c0e-f713-47eb-afec-974abb5892ec","ts":"2026-10-07T20:52:31.774-04:00","source":{"id":"0","name":"eventBus"}}
{"__type":"$$EventMessageNode","id":"0dd66615-3684-41f8-ab61-6447027d61e1","ts":"2026-10-07T20:52:31.774-04:00","eventName":"n8n.node.started","message":"n8n.node.started","payload":{"workflowId":"PaLPAf3VhFN11mWP","workflowName":"chimueloBot","executionId":"3756","nodeType":"n8n-nodes-base.if","nodeName":"If1","nodeId":"e019ba3d-6fff-4262-8bed-dfee6e3133d7"}}
{"__type":"$$EventMessageConfirm","confirm":"0dd66615-3684-41f8-ab61-6447027d61e1","ts":"2026-10-07T20:52:31.774-04:00","source":{"id":"0","name":"eventBus"}}
{"__type":"$$EventMessageNode","id":"128f45ca-a8b6-4747-a529-f35d70ab453a","ts":"2026-10-07T20:52:31.776-04:00","eventName":"n8n.node.finished","message":"n8n.node.finished","payload":{"workflowId":"PaLPAf3VhFN11mWP","workflowName":"chimueloBot","executionId":"3756","nodeType":"n8n-nodes-base.if","nodeName":"If1","nodeId":"e019ba3d-6fff-4262-8bed-dfee6e3133d7"}}
{"__type":"$$EventMessageConfirm","confirm":"128f45ca-a8b6-4747-a529-f35d70ab453a","ts":"2026-10-07T20:52:31.776-04:00","source":{"id":"0","name":"eventBus"}}
{"__type":"$$EventMessageNode","id":"161e25ae-8a2b-4912-8153-aca18eec340d","ts":"2026-10-07T20:52:31.776-04:00","eventName":"n8n.node.started","message":"n8n.node.started","payload":{"workflowId":"PaLPAf3VhFN11mWP","workflowName":"chimueloBot","executionId":"3756","nodeType":"n8n-nodes-base.if","nodeName":"If2","nodeId":"79a91f8d-afeb-4ddc-b6f8-3c9bb45fc216"}}
{"__type":"$$EventMessageConfirm","confirm":"161e25ae-8a2b-4912-8153-aca18eec340d","ts":"2026-10-07T20:52:31.776-04:00","source":{"id":"0","name":"eventBus"}}
{"__type":"$$EventMessageNode","id":"3e49170c-511b-42c5-9f31-da63ac409fd0","ts":"2026-10-07T20:52:31.779-04:00","eventName":"n8n.node.finished","message":"n8n.node.finished","payload":{"workflowId":"PaLPAf3VhFN11mWP","workflowName":"chimueloBot","executionId":"3756","nodeType":"n8n-nodes-base.if","nodeName":"If2","nodeId":"79a91f8d-afeb-4ddc-b6f8-3c9bb45fc216"}}
{"__type":"$$EventMessageConfirm","confirm":"3e49170c-511b-42c5-9f31-da63ac409fd0","ts":"2026-10-07T20:52:31.779-04:00","source":{"id":"0","name":"eventBus"}}
{"__type":"$$EventMessageWorkflow","id":"d9c33c1a-201c-41dc-8be5-03a1ecde9d02","ts":"2026-10-07T20:52:31.779-04:00","eventName":"n8n.workflow.success","message":"n8n.workflow.success","payload":{"executionId":"3756","success":true,"isManual":false,"mode":"webhook","workflowId":"PaLPAf3VhFN11mWP","workflowName":"chimueloBot","projectId":"4cXhCbdLbVUJK3Dd","projectName":"Ramiro De Rogatis <ramirojavierderogatis@hotmail.com>"}}
{"__type":"$$EventMessageConfirm","confirm":"d9c33c1a-201c-41dc-8be5-03a1ecde9d02","ts":"2026-10-07T20:52:31.779-04:00","source":{"id":"0","name":"eventBus"}}
{"__type":"$$EventMessageAudit","id":"49693982-2b06-4324-8586-d4025477b8b1","ts":"2026-10-07T20:52:32.390-04:00","eventName":"n8n.audit.workflow.executed","message":"n8n.audit.workflow.executed","payload":{"workflowId":"PaLPAf3VhFN11mWP","workflowName":"chimueloBot","executionId":"3757","projectId":"4cXhCbdLbVUJK3Dd","projectName":"Ramiro De Rogatis <ramirojavierderogatis@hotmail.com>","source":"webhook"}}
{"__type":"$$EventMessageConfirm","confirm":"49693982-2b06-4324-8586-d4025477b8b1","ts":"2026-10-07T20:52:32.390-04:00","source":{"id":"0","name":"eventBus"}}
{"__type":"$$EventMessageWorkflow","id":"97069f40-931b-429f-a2cc-c767927aec4d","ts":"2026-10-07T20:52:32.390-04:00","eventName":"n8n.workflow.started","message":"n8n.workflow.started","payload":{"executionId":"3757","workflowId":"PaLPAf3VhFN11mWP","isManual":false,"mode":"webhook","workflowName":"chimueloBot","projectId":"4cXhCbdLbVUJK3Dd","projectName":"Ramiro De Rogatis <ramirojavierderogatis@hotmail.com>"}}
{"__type":"$$EventMessageConfirm","confirm":"97069f40-931b-429f-a2cc-c767927aec4d","ts":"2026-10-07T20:52:32.390-04:00","source":{"id":"0","name":"eventBus"}}
{"__type":"$$EventMessageNode","id":"ce80d349-97db-423b-810b-1aab1c9d321a","ts":"2026-10-07T20:52:32.391-04:00","eventName":"n8n.node.started","message":"n8n.node.started","payload":{"workflowId":"PaLPAf3VhFN11mWP","workflowName":"chimueloBot","executionId":"3757","nodeType":"n8n-nodes-base.webhook","nodeName":"Webhook","nodeId":"835eee2e-f5a8-41ae-8da8-c411adda2ef3"}}
{"__type":"$$EventMessageConfirm","confirm":"ce80d349-97db-423b-810b-1aab1c9d321a","ts":"2026-10-07T20:52:32.391-04:00","source":{"id":"0","name":"eventBus"}}
{"__type":"$$EventMessageNode","id":"9d17228f-cfa3-4f65-9410-bfb6d559d0cb","ts":"2026-10-07T20:52:32.391-04:00","eventName":"n8n.node.finished","message":"n8n.node.finished","payload":{"workflowId":"PaLPAf3VhFN11mWP","workflowName":"chimueloBot","executionId":"3757","nodeType":"n8n-nodes-base.webhook","nodeName":"Webhook","nodeId":"835eee2e-f5a8-41ae-8da8-c411adda2ef3"}}
{"__type":"$$EventMessageConfirm","confirm":"9d17228f-cfa3-4f65-9410-bfb6d559d0cb","ts":"2026-10-07T20:52:32.391-04:00","source":{"id":"0","name":"eventBus"}}
{"__type":"$$EventMessageNode","id":"f35c12c6-7a7c-4f91-a222-1658020aeec8","ts":"2026-10-07T20:52:32.391-04:00","eventName":"n8n.node.started","message":"n8n.node.started","payload":{"workflowId":"PaLPAf3VhFN11mWP","workflowName":"chimueloBot","executionId":"3757","nodeType":"n8n-nodes-base.if","nodeName":"If3","nodeId":"95b56f56-a35e-4d78-8c42-25353df18ded"}}
{"__type":"$$EventMessageConfirm","confirm":"f35c12c6-7a7c-4f91-a222-1658020aeec8","ts":"2026-10-07T20:52:32.392-04:00","source":{"id":"0","name":"eventBus"}}
{"__type":"$$EventMessageNode","id":"3a96de71-5d68-4df8-b43b-fe6d924a6b5b","ts":"2026-10-07T20:52:32.398-04:00","eventName":"n8n.node.finished","message":"n8n.node.finished","payload":{"workflowId":"PaLPAf3VhFN11mWP","workflowName":"chimueloBot","executionId":"3757","nodeType":"n8n-nodes-base.if","nodeName":"If3","nodeId":"95b56f56-a35e-4d78-8c42-25353df18ded"}}
{"__type":"$$EventMessageConfirm","confirm":"3a96de71-5d68-4df8-b43b-fe6d924a6b5b","ts":"2026-10-07T20:52:32.398-04:00","source":{"id":"0","name":"eventBus"}}
{"__type":"$$EventMessageNode","id":"b109c030-f864-4f12-8004-991a854ce341","ts":"2026-10-07T20:52:32.398-04:00","eventName":"n8n.node.started","message":"n8n.node.started","payload":{"workflowId":"PaLPAf3VhFN11mWP","workflowName":"chimueloBot","executionId":"3757","nodeType":"n8n-nodes-base.if","nodeName":"If","nodeId":"fce468f6-e692-43e8-a90c-29d403eaad22"}}
{"__type":"$$EventMessageConfirm","confirm":"b109c030-f864-4f12-8004-991a854ce341","ts":"2026-10-07T20:52:32.398-04:00","source":{"id":"0","name":"eventBus"}}
{"__type":"$$EventMessageNode","id":"2d3a1930-9a42-4ad0-9d97-e935c1edf7f6","ts":"2026-10-07T20:52:32.400-04:00","eventName":"n8n.node.finished","message":"n8n.node.finished","payload":{"workflowId":"PaLPAf3VhFN11mWP","workflowName":"chimueloBot","executionId":"3757","nodeType":"n8n-nodes-base.if","nodeName":"If","nodeId":"fce468f6-e692-43e8-a90c-29d403eaad22"}}
{"__type":"$$EventMessageConfirm","confirm":"2d3a1930-9a42-4ad0-9d97-e935c1edf7f6","ts":"2026-10-07T20:52:32.400-04:00","source":{"id":"0","name":"eventBus"}}
{"__type":"$$EventMessageNode","id":"6664425d-88d9-49c8-8750-034d1801ee49","ts":"2026-10-07T20:52:32.400-04:00","eventName":"n8n.node.started","message":"n8n.node.started","payload":{"workflowId":"PaLPAf3VhFN11mWP","workflowName":"chimueloBot","executionId":"3757","nodeType":"n8n-nodes-base.if","nodeName":"If1","nodeId":"e019ba3d-6fff-4262-8bed-dfee6e3133d7"}}
{"__type":"$$EventMessageConfirm","confirm":"6664425d-88d9-49c8-8750-034d1801ee49","ts":"2026-10-07T20:52:32.400-04:00","source":{"id":"0","name":"eventBus"}}
{"__type":"$$EventMessageNode","id":"b423026a-b7a1-4c5d-a25c-b83c2a9cb71b","ts":"2026-10-07T20:52:32.402-04:00","eventName":"n8n.node.finished","message":"n8n.node.finished","payload":{"workflowId":"PaLPAf3VhFN11mWP","workflowName":"chimueloBot","executionId":"3757","nodeType":"n8n-nodes-base.if","nodeName":"If1","nodeId":"e019ba3d-6fff-4262-8bed-dfee6e3133d7"}}
{"__type":"$$EventMessageConfirm","confirm":"b423026a-b7a1-4c5d-a25c-b83c2a9cb71b","ts":"2026-10-07T20:52:32.402-04:00","source":{"id":"0","name":"eventBus"}}
{"__type":"$$EventMessageNode","id":"75d41fea-48ea-470d-a2a1-62b2b9521180","ts":"2026-10-07T20:52:32.402-04:00","eventName":"n8n.node.started","message":"n8n.node.started","payload":{"workflowId":"PaLPAf3VhFN11mWP","workflowName":"chimueloBot","executionId":"3757","nodeType":"n8n-nodes-base.if","nodeName":"If2","nodeId":"79a91f8d-afeb-4ddc-b6f8-3c9bb45fc216"}}
{"__type":"$$EventMessageConfirm","confirm":"75d41fea-48ea-470d-a2a1-62b2b9521180","ts":"2026-10-07T20:52:32.402-04:00","source":{"id":"0","name":"eventBus"}}
{"__type":"$$EventMessageNode","id":"725d5ba3-2460-4fc1-b893-c7be273d9d43","ts":"2026-10-07T20:52:32.405-04:00","eventName":"n8n.node.finished","message":"n8n.node.finished","payload":{"workflowId":"PaLPAf3VhFN11mWP","workflowName":"chimueloBot","executionId":"3757","nodeType":"n8n-nodes-base.if","nodeName":"If2","nodeId":"79a91f8d-afeb-4ddc-b6f8-3c9bb45fc216"}}
{"__type":"$$EventMessageConfirm","confirm":"725d5ba3-2460-4fc1-b893-c7be273d9d43","ts":"2026-10-07T20:52:32.405-04:00","source":{"id":"0","name":"eventBus"}}
{"__type":"$$EventMessageWorkflow","id":"dfbae6fb-8e2e-40b6-97a4-e2a870849807","ts":"2026-10-07T20:52:32.406-04:00","eventName":"n8n.workflow.success","message":"n8n.workflow.success","payload":{"executionId":"3757","success":true,"isManual":false,"mode":"webhook","workflowId":"PaLPAf3VhFN11mWP","workflowName":"chimueloBot","projectId":"4cXhCbdLbVUJK3Dd","projectName":"Ramiro De Rogatis <ramirojavierderogatis@hotmail.com>"}}
{"__type":"$$EventMessageConfirm","confirm":"dfbae6fb-8e2e-40b6-97a4-e2a870849807","ts":"2026-10-07T20:52:32.406-04:00","source":{"id":"0","name":"eventBus"}}
{"__type":"$$EventMessageAudit","id":"a781f177-a81a-44b5-a6dd-b900423f6c4b","ts":"2026-10-07T20:52:33.266-04:00","eventName":"n8n.audit.workflow.executed","message":"n8n.audit.workflow.executed","payload":{"workflowId":"PaLPAf3VhFN11mWP","workflowName":"chimueloBot","executionId":"3758","projectId":"4cXhCbdLbVUJK3Dd","projectName":"Ramiro De Rogatis <ramirojavierderogatis@hotmail.com>","source":"webhook"}}
{"__type":"$$EventMessageConfirm","confirm":"a781f177-a81a-44b5-a6dd-b900423f6c4b","ts":"2026-10-07T20:52:33.266-04:00","source":{"id":"0","name":"eventBus"}}
{"__type":"$$EventMessageWorkflow","id":"a549b788-8373-401e-92a5-e25d27eabcad","ts":"2026-10-07T20:52:33.266-04:00","eventName":"n8n.workflow.started","message":"n8n.workflow.started","payload":{"executionId":"3758","workflowId":"PaLPAf3VhFN11mWP","isManual":false,"mode":"webhook","workflowName":"chimueloBot","projectId":"4cXhCbdLbVUJK3Dd","projectName":"Ramiro De Rogatis <ramirojavierderogatis@hotmail.com>"}}
{"__type":"$$EventMessageConfirm","confirm":"a549b788-8373-401e-92a5-e25d27eabcad","ts":"2026-10-07T20:52:33.266-04:00","source":{"id":"0","name":"eventBus"}}
{"__type":"$$EventMessageNode","id":"88e3b28c-ec8b-4a6b-bf72-97f744d29251","ts":"2026-10-07T20:52:33.267-04:00","eventName":"n8n.node.started","message":"n8n.node.started","payload":{"workflowId":"PaLPAf3VhFN11mWP","workflowName":"chimueloBot","executionId":"3758","nodeType":"n8n-nodes-base.webhook","nodeName":"Webhook","nodeId":"835eee2e-f5a8-41ae-8da8-c411adda2ef3"}}
{"__type":"$$EventMessageConfirm","confirm":"88e3b28c-ec8b-4a6b-bf72-97f744d29251","ts":"2026-10-07T20:52:33.267-04:00","source":{"id":"0","name":"eventBus"}}
{"__type":"$$EventMessageNode","id":"47325e97-5699-41a9-9054-81aea59d6690","ts":"2026-10-07T20:52:33.267-04:00","eventName":"n8n.node.finished","message":"n8n.node.finished","payload":{"workflowId":"PaLPAf3VhFN11mWP","workflowName":"chimueloBot","executionId":"3758","nodeType":"n8n-nodes-base.webhook","nodeName":"Webhook","nodeId":"835eee2e-f5a8-41ae-8da8-c411adda2ef3"}}
{"__type":"$$EventMessageConfirm","confirm":"47325e97-5699-41a9-9054-81aea59d6690","ts":"2026-10-07T20:52:33.267-04:00","source":{"id":"0","name":"eventBus"}}
{"__type":"$$EventMessageNode","id":"aeaf1cdb-3396-4fec-9d11-9ed04411a63f","ts":"2026-10-07T20:52:33.267-04:00","eventName":"n8n.node.started","message":"n8n.node.started","payload":{"workflowId":"PaLPAf3VhFN11mWP","workflowName":"chimueloBot","executionId":"3758","nodeType":"n8n-nodes-base.if","nodeName":"If3","nodeId":"95b56f56-a35e-4d78-8c42-25353df18ded"}}
{"__type":"$$EventMessageConfirm","confirm":"aeaf1cdb-3396-4fec-9d11-9ed04411a63f","ts":"2026-10-07T20:52:33.267-04:00","source":{"id":"0","name":"eventBus"}}
{"__type":"$$EventMessageNode","id":"dbb63a88-d52c-47d8-8861-14a6e652b68c","ts":"2026-10-07T20:52:33.273-04:00","eventName":"n8n.node.finished","message":"n8n.node.finished","payload":{"workflowId":"PaLPAf3VhFN11mWP","workflowName":"chimueloBot","executionId":"3758","nodeType":"n8n-nodes-base.if","nodeName":"If3","nodeId":"95b56f56-a35e-4d78-8c42-25353df18ded"}}
{"__type":"$$EventMessageConfirm","confirm":"dbb63a88-d52c-47d8-8861-14a6e652b68c","ts":"2026-10-07T20:52:33.273-04:00","source":{"id":"0","name":"eventBus"}}
{"__type":"$$EventMessageNode","id":"f84b5a3a-3a2b-4cdd-ba42-03bb08c65c3c","ts":"2026-10-07T20:52:33.274-04:00","eventName":"n8n.node.started","message":"n8n.node.started","payload":{"workflowId":"PaLPAf3VhFN11mWP","workflowName":"chimueloBot","executionId":"3758","nodeType":"n8n-nodes-base.if","nodeName":"If","nodeId":"fce468f6-e692-43e8-a90c-29d403eaad22"}}
{"__type":"$$EventMessageConfirm","confirm":"f84b5a3a-3a2b-4cdd-ba42-03bb08c65c3c","ts":"2026-10-07T20:52:33.274-04:00","source":{"id":"0","name":"eventBus"}}
{"__type":"$$EventMessageNode","id":"daab1e6f-dd48-4fc5-a5b7-c61bd088e083","ts":"2026-10-07T20:52:33.275-04:00","eventName":"n8n.node.finished","message":"n8n.node.finished","payload":{"workflowId":"PaLPAf3VhFN11mWP","workflowName":"chimueloBot","executionId":"3758","nodeType":"n8n-nodes-base.if","nodeName":"If","nodeId":"fce468f6-e692-43e8-a90c-29d403eaad22"}}
{"__type":"$$EventMessageConfirm","confirm":"daab1e6f-dd48-4fc5-a5b7-c61bd088e083","ts":"2026-10-07T20:52:33.275-04:00","source":{"id":"0","name":"eventBus"}}
{"__type":"$$EventMessageNode","id":"4894caae-b620-4244-8898-58d9708bf768","ts":"2026-10-07T20:52:33.275-04:00","eventName":"n8n.node.started","message":"n8n.node.started","payload":{"workflowId":"PaLPAf3VhFN11mWP","workflowName":"chimueloBot","executionId":"3758","nodeType":"n8n-nodes-base.if","nodeName":"If1","nodeId":"e019ba3d-6fff-4262-8bed-dfee6e3133d7"}}
{"__type":"$$EventMessageConfirm","confirm":"4894caae-b620-4244-8898-58d9708bf768","ts":"2026-10-07T20:52:33.275-04:00","source":{"id":"0","name":"eventBus"}}
{"__type":"$$EventMessageNode","id":"fcc2f475-fddc-45a8-b62c-5c5583a98737","ts":"2026-10-07T20:52:33.277-04:00","eventName":"n8n.node.finished","message":"n8n.node.finished","payload":{"workflowId":"PaLPAf3VhFN11mWP","workflowName":"chimueloBot","executionId":"3758","nodeType":"n8n-nodes-base.if","nodeName":"If1","nodeId":"e019ba3d-6fff-4262-8bed-dfee6e3133d7"}}
{"__type":"$$EventMessageConfirm","confirm":"fcc2f475-fddc-45a8-b62c-5c5583a98737","ts":"2026-10-07T20:52:33.277-04:00","source":{"id":"0","name":"eventBus"}}
{"__type":"$$EventMessageNode","id":"b63d5d47-2d29-4caf-8d83-d7c61dd1f00a","ts":"2026-10-07T20:52:33.277-04:00","eventName":"n8n.node.started","message":"n8n.node.started","payload":{"workflowId":"PaLPAf3VhFN11mWP","workflowName":"chimueloBot","executionId":"3758","nodeType":"n8n-nodes-base.if","nodeName":"If2","nodeId":"79a91f8d-afeb-4ddc-b6f8-3c9bb45fc216"}}
{"__type":"$$EventMessageConfirm","confirm":"b63d5d47-2d29-4caf-8d83-d7c61dd1f00a","ts":"2026-10-07T20:52:33.277-04:00","source":{"id":"0","name":"eventBus"}}
{"__type":"$$EventMessageNode","id":"7e4ac35c-74d4-48e9-a8fd-03f904560a7a","ts":"2026-10-07T20:52:33.280-04:00","eventName":"n8n.node.finished","message":"n8n.node.finished","payload":{"workflowId":"PaLPAf3VhFN11mWP","workflowName":"chimueloBot","executionId":"3758","nodeType":"n8n-nodes-base.if","nodeName":"If2","nodeId":"79a91f8d-afeb-4ddc-b6f8-3c9bb45fc216"}}
{"__type":"$$EventMessageConfirm","confirm":"7e4ac35c-74d4-48e9-a8fd-03f904560a7a","ts":"2026-10-07T20:52:33.280-04:00","source":{"id":"0","name":"eventBus"}}
{"__type":"$$EventMessageWorkflow","id":"b71d9f7c-f8d8-43a2-b0b1-b10f17f94f4e","ts":"2026-10-07T20:52:33.280-04:00","eventName":"n8n.workflow.success","message":"n8n.workflow.success","payload":{"executionId":"3758","success":true,"isManual":false,"mode":"webhook","workflowId":"PaLPAf3VhFN11mWP","workflowName":"chimueloBot","projectId":"4cXhCbdLbVUJK3Dd","projectName":"Ramiro De Rogatis <ramirojavierderogatis@hotmail.com>"}}
{"__type":"$$EventMessageConfirm","confirm":"b71d9f7c-f8d8-43a2-b0b1-b10f17f94f4e","ts":"2026-10-07T20:52:33.281-04:00","source":{"id":"0","name":"eventBus"}}
{"__type":"$$EventMessageAudit","id":"f4159286-17d4-4088-aaf3-b70945fb25a6","ts":"2026-10-07T20:52:33.889-04:00","eventName":"n8n.audit.workflow.executed","message":"n8n.audit.workflow.executed","payload":{"workflowId":"PaLPAf3VhFN11mWP","workflowName":"chimueloBot","executionId":"3759","projectId":"4cXhCbdLbVUJK3Dd","projectName":"Ramiro De Rogatis <ramirojavierderogatis@hotmail.com>","source":"webhook"}}
{"__type":"$$EventMessageConfirm","confirm":"f4159286-17d4-4088-aaf3-b70945fb25a6","ts":"2026-10-07T20:52:33.889-04:00","source":{"id":"0","name":"eventBus"}}
{"__type":"$$EventMessageWorkflow","id":"da2be379-0dea-48f1-9c7c-402690ce9a2a","ts":"2026-10-07T20:52:33.890-04:00","eventName":"n8n.workflow.started","message":"n8n.workflow.started","payload":{"executionId":"3759","workflowId":"PaLPAf3VhFN11mWP","isManual":false,"mode":"webhook","workflowName":"chimueloBot","projectId":"4cXhCbdLbVUJK3Dd","projectName":"Ramiro De Rogatis <ramirojavierderogatis@hotmail.com>"}}
{"__type":"$$EventMessageConfirm","confirm":"da2be379-0dea-48f1-9c7c-402690ce9a2a","ts":"2026-10-07T20:52:33.890-04:00","source":{"id":"0","name":"eventBus"}}
{"__type":"$$EventMessageNode","id":"b8fd1e4d-4723-4737-a9c9-cbb1dd54e064","ts":"2026-10-07T20:52:33.890-04:00","eventName":"n8n.node.started","message":"n8n.node.started","payload":{"workflowId":"PaLPAf3VhFN11mWP","workflowName":"chimueloBot","executionId":"3759","nodeType":"n8n-nodes-base.webhook","nodeName":"Webhook","nodeId":"835eee2e-f5a8-41ae-8da8-c411adda2ef3"}}
{"__type":"$$EventMessageConfirm","confirm":"b8fd1e4d-4723-4737-a9c9-cbb1dd54e064","ts":"2026-10-07T20:52:33.890-04:00","source":{"id":"0","name":"eventBus"}}
{"__type":"$$EventMessageNode","id":"53891213-bb46-4d9d-92c1-58f8fbe8c16c","ts":"2026-10-07T20:52:33.891-04:00","eventName":"n8n.node.finished","message":"n8n.node.finished","payload":{"workflowId":"PaLPAf3VhFN11mWP","workflowName":"chimueloBot","executionId":"3759","nodeType":"n8n-nodes-base.webhook","nodeName":"Webhook","nodeId":"835eee2e-f5a8-41ae-8da8-c411adda2ef3"}}
{"__type":"$$EventMessageConfirm","confirm":"53891213-bb46-4d9d-92c1-58f8fbe8c16c","ts":"2026-10-07T20:52:33.891-04:00","source":{"id":"0","name":"eventBus"}}
{"__type":"$$EventMessageNode","id":"ef455d1d-4f18-4373-a60e-786bfffc1671","ts":"2026-10-07T20:52:33.891-04:00","eventName":"n8n.node.started","message":"n8n.node.started","payload":{"workflowId":"PaLPAf3VhFN11mWP","workflowName":"chimueloBot","executionId":"3759","nodeType":"n8n-nodes-base.if","nodeName":"If3","nodeId":"95b56f56-a35e-4d78-8c42-25353df18ded"}}
{"__type":"$$EventMessageConfirm","confirm":"ef455d1d-4f18-4373-a60e-786bfffc1671","ts":"2026-10-07T20:52:33.891-04:00","source":{"id":"0","name":"eventBus"}}
{"__type":"$$EventMessageNode","id":"adc7f15a-c716-4ce9-aefa-18387f37187e","ts":"2026-10-07T20:52:33.902-04:00","eventName":"n8n.node.finished","message":"n8n.node.finished","payload":{"workflowId":"PaLPAf3VhFN11mWP","workflowName":"chimueloBot","executionId":"3759","nodeType":"n8n-nodes-base.if","nodeName":"If3","nodeId":"95b56f56-a35e-4d78-8c42-25353df18ded"}}
{"__type":"$$EventMessageConfirm","confirm":"adc7f15a-c716-4ce9-aefa-18387f37187e","ts":"2026-10-07T20:52:33.902-04:00","source":{"id":"0","name":"eventBus"}}
{"__type":"$$EventMessageNode","id":"ea306ec3-4e8e-436a-b321-b0318f84247b","ts":"2026-10-07T20:52:33.903-04:00","eventName":"n8n.node.started","message":"n8n.node.started","payload":{"workflowId":"PaLPAf3VhFN11mWP","workflowName":"chimueloBot","executionId":"3759","nodeType":"n8n-nodes-base.if","nodeName":"If","nodeId":"fce468f6-e692-43e8-a90c-29d403eaad22"}}
{"__type":"$$EventMessageConfirm","confirm":"ea306ec3-4e8e-436a-b321-b0318f84247b","ts":"2026-10-07T20:52:33.903-04:00","source":{"id":"0","name":"eventBus"}}
{"__type":"$$EventMessageNode","id":"4d48baff-dfc8-46ed-ab52-03cd9041984d","ts":"2026-10-07T20:52:33.905-04:00","eventName":"n8n.node.finished","message":"n8n.node.finished","payload":{"workflowId":"PaLPAf3VhFN11mWP","workflowName":"chimueloBot","executionId":"3759","nodeType":"n8n-nodes-base.if","nodeName":"If","nodeId":"fce468f6-e692-43e8-a90c-29d403eaad22"}}
{"__type":"$$EventMessageConfirm","confirm":"4d48baff-dfc8-46ed-ab52-03cd9041984d","ts":"2026-10-07T20:52:33.905-04:00","source":{"id":"0","name":"eventBus"}}
{"__type":"$$EventMessageNode","id":"add3ab5c-52f5-43d8-a9ff-7e276a48405b","ts":"2026-10-07T20:52:33.905-04:00","eventName":"n8n.node.started","message":"n8n.node.started","payload":{"workflowId":"PaLPAf3VhFN11mWP","workflowName":"chimueloBot","executionId":"3759","nodeType":"n8n-nodes-base.if","nodeName":"If1","nodeId":"e019ba3d-6fff-4262-8bed-dfee6e3133d7"}}
{"__type":"$$EventMessageConfirm","confirm":"add3ab5c-52f5-43d8-a9ff-7e276a48405b","ts":"2026-10-07T20:52:33.905-04:00","source":{"id":"0","name":"eventBus"}}
{"__type":"$$EventMessageNode","id":"e8d913b8-7a8b-4ecb-8c2e-a11c95447218","ts":"2026-10-07T20:52:33.907-04:00","eventName":"n8n.node.finished","message":"n8n.node.finished","payload":{"workflowId":"PaLPAf3VhFN11mWP","workflowName":"chimueloBot","executionId":"3759","nodeType":"n8n-nodes-base.if","nodeName":"If1","nodeId":"e019ba3d-6fff-4262-8bed-dfee6e3133d7"}}
{"__type":"$$EventMessageConfirm","confirm":"e8d913b8-7a8b-4ecb-8c2e-a11c95447218","ts":"2026-10-07T20:52:33.907-04:00","source":{"id":"0","name":"eventBus"}}
{"__type":"$$EventMessageNode","id":"9fab2753-c393-41c9-a160-82b4c7bad1ae","ts":"2026-10-07T20:52:33.907-04:00","eventName":"n8n.node.started","message":"n8n.node.started","payload":{"workflowId":"PaLPAf3VhFN11mWP","workflowName":"chimueloBot","executionId":"3759","nodeType":"n8n-nodes-base.if","nodeName":"If2","nodeId":"79a91f8d-afeb-4ddc-b6f8-3c9bb45fc216"}}
{"__type":"$$EventMessageConfirm","confirm":"9fab2753-c393-41c9-a160-82b4c7bad1ae","ts":"2026-10-07T20:52:33.907-04:00","source":{"id":"0","name":"eventBus"}}
{"__type":"$$EventMessageNode","id":"76322a0e-64e9-4b06-834a-fbf2fe817ba1","ts":"2026-10-07T20:52:33.911-04:00","eventName":"n8n.node.finished","message":"n8n.node.finished","payload":{"workflowId":"PaLPAf3VhFN11mWP","workflowName":"chimueloBot","executionId":"3759","nodeType":"n8n-nodes-base.if","nodeName":"If2","nodeId":"79a91f8d-afeb-4ddc-b6f8-3c9bb45fc216"}}
{"__type":"$$EventMessageConfirm","confirm":"76322a0e-64e9-4b06-834a-fbf2fe817ba1","ts":"2026-10-07T20:52:33.911-04:00","source":{"id":"0","name":"eventBus"}}
{"__type":"$$EventMessageWorkflow","id":"5045aeb7-4f0d-4de2-a934-d80e3b52df24","ts":"2026-10-07T20:52:33.912-04:00","eventName":"n8n.workflow.success","message":"n8n.workflow.success","payload":{"executionId":"3759","success":true,"isManual":false,"mode":"webhook","workflowId":"PaLPAf3VhFN11mWP","workflowName":"chimueloBot","projectId":"4cXhCbdLbVUJK3Dd","projectName":"Ramiro De Rogatis <ramirojavierderogatis@hotmail.com>"}}
{"__type":"$$EventMessageConfirm","confirm":"5045aeb7-4f0d-4de2-a934-d80e3b52df24","ts":"2026-10-07T20:52:33.912-04:00","source":{"id":"0","name":"eventBus"}}
{"__type":"$$EventMessageAudit","id":"cd42de84-d193-4469-8e58-becc3ebce662","ts":"2026-10-07T20:52:34.535-04:00","eventName":"n8n.audit.workflow.executed","message":"n8n.audit.workflow.executed","payload":{"workflowId":"PaLPAf3VhFN11mWP","workflowName":"chimueloBot","executionId":"3760","projectId":"4cXhCbdLbVUJK3Dd","projectName":"Ramiro De Rogatis <ramirojavierderogatis@hotmail.com>","source":"webhook"}}
{"__type":"$$EventMessageConfirm","confirm":"cd42de84-d193-4469-8e58-becc3ebce662","ts":"2026-10-07T20:52:34.535-04:00","source":{"id":"0","name":"eventBus"}}
{"__type":"$$EventMessageWorkflow","id":"3e743e37-e864-417c-9c62-b23e459f7795","ts":"2026-10-07T20:52:34.536-04:00","eventName":"n8n.workflow.started","message":"n8n.workflow.started","payload":{"executionId":"3760","workflowId":"PaLPAf3VhFN11mWP","isManual":false,"mode":"webhook","workflowName":"chimueloBot","projectId":"4cXhCbdLbVUJK3Dd","projectName":"Ramiro De Rogatis <ramirojavierderogatis@hotmail.com>"}}
{"__type":"$$EventMessageConfirm","confirm":"3e743e37-e864-417c-9c62-b23e459f7795","ts":"2026-10-07T20:52:34.536-04:00","source":{"id":"0","name":"eventBus"}}
{"__type":"$$EventMessageNode","id":"23b1012a-2294-41bf-b53c-411e80cdb22e","ts":"2026-10-07T20:52:34.536-04:00","eventName":"n8n.node.started","message":"n8n.node.started","payload":{"workflowId":"PaLPAf3VhFN11mWP","workflowName":"chimueloBot","executionId":"3760","nodeType":"n8n-nodes-base.webhook","nodeName":"Webhook","nodeId":"835eee2e-f5a8-41ae-8da8-c411adda2ef3"}}
{"__type":"$$EventMessageConfirm","confirm":"23b1012a-2294-41bf-b53c-411e80cdb22e","ts":"2026-10-07T20:52:34.536-04:00","source":{"id":"0","name":"eventBus"}}
{"__type":"$$EventMessageNode","id":"f1b9168d-030f-4419-9772-802d65f4141f","ts":"2026-10-07T20:52:34.537-04:00","eventName":"n8n.node.finished","message":"n8n.node.finished","payload":{"workflowId":"PaLPAf3VhFN11mWP","workflowName":"chimueloBot","executionId":"3760","nodeType":"n8n-nodes-base.webhook","nodeName":"Webhook","nodeId":"835eee2e-f5a8-41ae-8da8-c411adda2ef3"}}
{"__type":"$$EventMessageConfirm","confirm":"f1b9168d-030f-4419-9772-802d65f4141f","ts":"2026-10-07T20:52:34.537-04:00","source":{"id":"0","name":"eventBus"}}
{"__type":"$$EventMessageNode","id":"548eec6e-a5dd-4fd5-b8a1-da6b446dd066","ts":"2026-10-07T20:52:34.537-04:00","eventName":"n8n.node.started","message":"n8n.node.started","payload":{"workflowId":"PaLPAf3VhFN11mWP","workflowName":"chimueloBot","executionId":"3760","nodeType":"n8n-nodes-base.if","nodeName":"If3","nodeId":"95b56f56-a35e-4d78-8c42-25353df18ded"}}
{"__type":"$$EventMessageConfirm","confirm":"548eec6e-a5dd-4fd5-b8a1-da6b446dd066","ts":"2026-10-07T20:52:34.537-04:00","source":{"id":"0","name":"eventBus"}}
{"__type":"$$EventMessageNode","id":"3e5e9c67-5f1e-49f6-957b-c04f9b82ba79","ts":"2026-10-07T20:52:34.543-04:00","eventName":"n8n.node.finished","message":"n8n.node.finished","payload":{"workflowId":"PaLPAf3VhFN11mWP","workflowName":"chimueloBot","executionId":"3760","nodeType":"n8n-nodes-base.if","nodeName":"If3","nodeId":"95b56f56-a35e-4d78-8c42-25353df18ded"}}
{"__type":"$$EventMessageConfirm","confirm":"3e5e9c67-5f1e-49f6-957b-c04f9b82ba79","ts":"2026-10-07T20:52:34.544-04:00","source":{"id":"0","name":"eventBus"}}
{"__type":"$$EventMessageNode","id":"458eca3d-da6f-422a-b880-cf1b6fc15e21","ts":"2026-10-07T20:52:34.544-04:00","eventName":"n8n.node.started","message":"n8n.node.started","payload":{"workflowId":"PaLPAf3VhFN11mWP","workflowName":"chimueloBot","executionId":"3760","nodeType":"n8n-nodes-base.if","nodeName":"If","nodeId":"fce468f6-e692-43e8-a90c-29d403eaad22"}}
{"__type":"$$EventMessageConfirm","confirm":"458eca3d-da6f-422a-b880-cf1b6fc15e21","ts":"2026-10-07T20:52:34.544-04:00","source":{"id":"0","name":"eventBus"}}
{"__type":"$$EventMessageNode","id":"54c88897-2640-4f63-8e49-2e866196f76d","ts":"2026-10-07T20:52:34.546-04:00","eventName":"n8n.node.finished","message":"n8n.node.finished","payload":{"workflowId":"PaLPAf3VhFN11mWP","workflowName":"chimueloBot","executionId":"3760","nodeType":"n8n-nodes-base.if","nodeName":"If","nodeId":"fce468f6-e692-43e8-a90c-29d403eaad22"}}
{"__type":"$$EventMessageConfirm","confirm":"54c88897-2640-4f63-8e49-2e866196f76d","ts":"2026-10-07T20:52:34.546-04:00","source":{"id":"0","name":"eventBus"}}
{"__type":"$$EventMessageNode","id":"c771c94f-3795-4873-9f00-c93779cef6d8","ts":"2026-10-07T20:52:34.546-04:00","eventName":"n8n.node.started","message":"n8n.node.started","payload":{"workflowId":"PaLPAf3VhFN11mWP","workflowName":"chimueloBot","executionId":"3760","nodeType":"n8n-nodes-base.if","nodeName":"If1","nodeId":"e019ba3d-6fff-4262-8bed-dfee6e3133d7"}}
{"__type":"$$EventMessageConfirm","confirm":"c771c94f-3795-4873-9f00-c93779cef6d8","ts":"2026-10-07T20:52:34.546-04:00","source":{"id":"0","name":"eventBus"}}
{"__type":"$$EventMessageNode","id":"163f7eb8-3902-4162-996f-9ecf66f2736e","ts":"2026-10-07T20:52:34.548-04:00","eventName":"n8n.node.finished","message":"n8n.node.finished","payload":{"workflowId":"PaLPAf3VhFN11mWP","workflowName":"chimueloBot","executionId":"3760","nodeType":"n8n-nodes-base.if","nodeName":"If1","nodeId":"e019ba3d-6fff-4262-8bed-dfee6e3133d7"}}
{"__type":"$$EventMessageConfirm","confirm":"163f7eb8-3902-4162-996f-9ecf66f2736e","ts":"2026-10-07T20:52:34.548-04:00","source":{"id":"0","name":"eventBus"}}
{"__type":"$$EventMessageNode","id":"5cedcbdd-78b7-4ac5-9598-72a338112064","ts":"2026-10-07T20:52:34.548-04:00","eventName":"n8n.node.started","message":"n8n.node.started","payload":{"workflowId":"PaLPAf3VhFN11mWP","workflowName":"chimueloBot","executionId":"3760","nodeType":"n8n-nodes-base.if","nodeName":"If2","nodeId":"79a91f8d-afeb-4ddc-b6f8-3c9bb45fc216"}}
{"__type":"$$EventMessageConfirm","confirm":"5cedcbdd-78b7-4ac5-9598-72a338112064","ts":"2026-10-07T20:52:34.548-04:00","source":{"id":"0","name":"eventBus"}}
{"__type":"$$EventMessageNode","id":"612bf4d6-ee0a-4ab2-9e1e-cb26e488275e","ts":"2026-10-07T20:52:34.551-04:00","eventName":"n8n.node.finished","message":"n8n.node.finished","payload":{"workflowId":"PaLPAf3VhFN11mWP","workflowName":"chimueloBot","executionId":"3760","nodeType":"n8n-nodes-base.if","nodeName":"If2","nodeId":"79a91f8d-afeb-4ddc-b6f8-3c9bb45fc216"}}
{"__type":"$$EventMessageConfirm","confirm":"612bf4d6-ee0a-4ab2-9e1e-cb26e488275e","ts":"2026-10-07T20:52:34.551-04:00","source":{"id":"0","name":"eventBus"}}
{"__type":"$$EventMessageWorkflow","id":"68670bc0-1c40-4e13-aecb-fdeb6365e8bd","ts":"2026-10-07T20:52:34.551-04:00","eventName":"n8n.workflow.success","message":"n8n.workflow.success","payload":{"executionId":"3760","success":true,"isManual":false,"mode":"webhook","workflowId":"PaLPAf3VhFN11mWP","workflowName":"chimueloBot","projectId":"4cXhCbdLbVUJK3Dd","projectName":"Ramiro De Rogatis <ramirojavierderogatis@hotmail.com>"}}
{"__type":"$$EventMessageConfirm","confirm":"68670bc0-1c40-4e13-aecb-fdeb6365e8bd","ts":"2026-10-07T20:52:34.551-04:00","source":{"id":"0","name":"eventBus"}}
{"__type":"$$EventMessageAudit","id":"9f853585-82da-4aa3-9b5f-6633de389c2e","ts":"2026-10-07T20:52:35.171-04:00","eventName":"n8n.audit.workflow.executed","message":"n8n.audit.workflow.executed","payload":{"workflowId":"PaLPAf3VhFN11mWP","workflowName":"chimueloBot","executionId":"3761","projectId":"4cXhCbdLbVUJK3Dd","projectName":"Ramiro De Rogatis <ramirojavierderogatis@hotmail.com>","source":"webhook"}}
{"__type":"$$EventMessageConfirm","confirm":"9f853585-82da-4aa3-9b5f-6633de389c2e","ts":"2026-10-07T20:52:35.172-04:00","source":{"id":"0","name":"eventBus"}}
{"__type":"$$EventMessageWorkflow","id":"7077de02-0cb5-4a4e-a72f-a4c482199eac","ts":"2026-10-07T20:52:35.172-04:00","eventName":"n8n.workflow.started","message":"n8n.workflow.started","payload":{"executionId":"3761","workflowId":"PaLPAf3VhFN11mWP","isManual":false,"mode":"webhook","workflowName":"chimueloBot","projectId":"4cXhCbdLbVUJK3Dd","projectName":"Ramiro De Rogatis <ramirojavierderogatis@hotmail.com>"}}
{"__type":"$$EventMessageConfirm","confirm":"7077de02-0cb5-4a4e-a72f-a4c482199eac","ts":"2026-10-07T20:52:35.172-04:00","source":{"id":"0","name":"eventBus"}}
{"__type":"$$EventMessageNode","id":"687e1311-f6bc-4cd7-81d3-6d507cd0c548","ts":"2026-10-07T20:52:35.173-04:00","eventName":"n8n.node.started","message":"n8n.node.started","payload":{"workflowId":"PaLPAf3VhFN11mWP","workflowName":"chimueloBot","executionId":"3761","nodeType":"n8n-nodes-base.webhook","nodeName":"Webhook","nodeId":"835eee2e-f5a8-41ae-8da8-c411adda2ef3"}}
{"__type":"$$EventMessageConfirm","confirm":"687e1311-f6bc-4cd7-81d3-6d507cd0c548","ts":"2026-10-07T20:52:35.173-04:00","source":{"id":"0","name":"eventBus"}}
{"__type":"$$EventMessageNode","id":"7418bbd7-7705-46a6-b272-e7ee76e70f85","ts":"2026-10-07T20:52:35.173-04:00","eventName":"n8n.node.finished","message":"n8n.node.finished","payload":{"workflowId":"PaLPAf3VhFN11mWP","workflowName":"chimueloBot","executionId":"3761","nodeType":"n8n-nodes-base.webhook","nodeName":"Webhook","nodeId":"835eee2e-f5a8-41ae-8da8-c411adda2ef3"}}
{"__type":"$$EventMessageConfirm","confirm":"7418bbd7-7705-46a6-b272-e7ee76e70f85","ts":"2026-10-07T20:52:35.173-04:00","source":{"id":"0","name":"eventBus"}}
{"__type":"$$EventMessageNode","id":"e0961ee0-1da5-48ab-9982-d74f7ca7568b","ts":"2026-10-07T20:52:35.173-04:00","eventName":"n8n.node.started","message":"n8n.node.started","payload":{"workflowId":"PaLPAf3VhFN11mWP","workflowName":"chimueloBot","executionId":"3761","nodeType":"n8n-nodes-base.if","nodeName":"If3","nodeId":"95b56f56-a35e-4d78-8c42-25353df18ded"}}
{"__type":"$$EventMessageConfirm","confirm":"e0961ee0-1da5-48ab-9982-d74f7ca7568b","ts":"2026-10-07T20:52:35.173-04:00","source":{"id":"0","name":"eventBus"}}
{"__type":"$$EventMessageNode","id":"6c015d5c-5143-4cf9-9086-93adeed2b8d1","ts":"2026-10-07T20:52:35.182-04:00","eventName":"n8n.node.finished","message":"n8n.node.finished","payload":{"workflowId":"PaLPAf3VhFN11mWP","workflowName":"chimueloBot","executionId":"3761","nodeType":"n8n-nodes-base.if","nodeName":"If3","nodeId":"95b56f56-a35e-4d78-8c42-25353df18ded"}}
{"__type":"$$EventMessageConfirm","confirm":"6c015d5c-5143-4cf9-9086-93adeed2b8d1","ts":"2026-10-07T20:52:35.182-04:00","source":{"id":"0","name":"eventBus"}}
{"__type":"$$EventMessageNode","id":"ec4f781f-fe27-4dc5-8074-4c89bffcaf3d","ts":"2026-10-07T20:52:35.182-04:00","eventName":"n8n.node.started","message":"n8n.node.started","payload":{"workflowId":"PaLPAf3VhFN11mWP","workflowName":"chimueloBot","executionId":"3761","nodeType":"n8n-nodes-base.if","nodeName":"If","nodeId":"fce468f6-e692-43e8-a90c-29d403eaad22"}}
{"__type":"$$EventMessageConfirm","confirm":"ec4f781f-fe27-4dc5-8074-4c89bffcaf3d","ts":"2026-10-07T20:52:35.182-04:00","source":{"id":"0","name":"eventBus"}}
{"__type":"$$EventMessageNode","id":"d5dba5ac-1734-4247-9dcc-e140565fd9b7","ts":"2026-10-07T20:52:35.185-04:00","eventName":"n8n.node.finished","message":"n8n.node.finished","payload":{"workflowId":"PaLPAf3VhFN11mWP","workflowName":"chimueloBot","executionId":"3761","nodeType":"n8n-nodes-base.if","nodeName":"If","nodeId":"fce468f6-e692-43e8-a90c-29d403eaad22"}}
{"__type":"$$EventMessageConfirm","confirm":"d5dba5ac-1734-4247-9dcc-e140565fd9b7","ts":"2026-10-07T20:52:35.185-04:00","source":{"id":"0","name":"eventBus"}}
{"__type":"$$EventMessageNode","id":"d7f4bfda-ce7c-4d1a-ac7c-69bb793c4ee3","ts":"2026-10-07T20:52:35.185-04:00","eventName":"n8n.node.started","message":"n8n.node.started","payload":{"workflowId":"PaLPAf3VhFN11mWP","workflowName":"chimueloBot","executionId":"3761","nodeType":"n8n-nodes-base.if","nodeName":"If1","nodeId":"e019ba3d-6fff-4262-8bed-dfee6e3133d7"}}
{"__type":"$$EventMessageConfirm","confirm":"d7f4bfda-ce7c-4d1a-ac7c-69bb793c4ee3","ts":"2026-10-07T20:52:35.186-04:00","source":{"id":"0","name":"eventBus"}}
{"__type":"$$EventMessageNode","id":"9d03d45d-55a4-46f6-9f0f-c64087314438","ts":"2026-10-07T20:52:35.188-04:00","eventName":"n8n.node.finished","message":"n8n.node.finished","payload":{"workflowId":"PaLPAf3VhFN11mWP","workflowName":"chimueloBot","executionId":"3761","nodeType":"n8n-nodes-base.if","nodeName":"If1","nodeId":"e019ba3d-6fff-4262-8bed-dfee6e3133d7"}}
{"__type":"$$EventMessageConfirm","confirm":"9d03d45d-55a4-46f6-9f0f-c64087314438","ts":"2026-10-07T20:52:35.188-04:00","source":{"id":"0","name":"eventBus"}}
{"__type":"$$EventMessageNode","id":"e5e66332-4844-40c4-b03b-0c43e05cdbbc","ts":"2026-10-07T20:52:35.188-04:00","eventName":"n8n.node.started","message":"n8n.node.started","payload":{"workflowId":"PaLPAf3VhFN11mWP","workflowName":"chimueloBot","executionId":"3761","nodeType":"n8n-nodes-base.if","nodeName":"If2","nodeId":"79a91f8d-afeb-4ddc-b6f8-3c9bb45fc216"}}
{"__type":"$$EventMessageConfirm","confirm":"e5e66332-4844-40c4-b03b-0c43e05cdbbc","ts":"2026-10-07T20:52:35.188-04:00","source":{"id":"0","name":"eventBus"}}
{"__type":"$$EventMessageNode","id":"ff637968-adcf-4c9f-948c-02d7205f1bc7","ts":"2026-10-07T20:52:35.193-04:00","eventName":"n8n.node.finished","message":"n8n.node.finished","payload":{"workflowId":"PaLPAf3VhFN11mWP","workflowName":"chimueloBot","executionId":"3761","nodeType":"n8n-nodes-base.if","nodeName":"If2","nodeId":"79a91f8d-afeb-4ddc-b6f8-3c9bb45fc216"}}
{"__type":"$$EventMessageConfirm","confirm":"ff637968-adcf-4c9f-948c-02d7205f1bc7","ts":"2026-10-07T20:52:35.194-04:00","source":{"id":"0","name":"eventBus"}}
{"__type":"$$EventMessageWorkflow","id":"0675b018-4c1e-4bdc-a57a-33a8c0db9227","ts":"2026-10-07T20:52:35.194-04:00","eventName":"n8n.workflow.success","message":"n8n.workflow.success","payload":{"executionId":"3761","success":true,"isManual":false,"mode":"webhook","workflowId":"PaLPAf3VhFN11mWP","workflowName":"chimueloBot","projectId":"4cXhCbdLbVUJK3Dd","projectName":"Ramiro De Rogatis <ramirojavierderogatis@hotmail.com>"}}
{"__type":"$$EventMessageConfirm","confirm":"0675b018-4c1e-4bdc-a57a-33a8c0db9227","ts":"2026-10-07T20:52:35.194-04:00","source":{"id":"0","name":"eventBus"}}
{"__type":"$$EventMessageAudit","id":"9083406b-4dbd-49bb-aed4-754477aa3c5d","ts":"2026-10-07T20:52:35.811-04:00","eventName":"n8n.audit.workflow.executed","message":"n8n.audit.workflow.executed","payload":{"workflowId":"PaLPAf3VhFN11mWP","workflowName":"chimueloBot","executionId":"3762","projectId":"4cXhCbdLbVUJK3Dd","projectName":"Ramiro De Rogatis <ramirojavierderogatis@hotmail.com>","source":"webhook"}}
{"__type":"$$EventMessageConfirm","confirm":"9083406b-4dbd-49bb-aed4-754477aa3c5d","ts":"2026-10-07T20:52:35.811-04:00","source":{"id":"0","name":"eventBus"}}
{"__type":"$$EventMessageWorkflow","id":"c582ccf1-9cb2-41a4-9cfd-a404864a030d","ts":"2026-10-07T20:52:35.811-04:00","eventName":"n8n.workflow.started","message":"n8n.workflow.started","payload":{"executionId":"3762","workflowId":"PaLPAf3VhFN11mWP","isManual":false,"mode":"webhook","workflowName":"chimueloBot","projectId":"4cXhCbdLbVUJK3Dd","projectName":"Ramiro De Rogatis <ramirojavierderogatis@hotmail.com>"}}
{"__type":"$$EventMessageConfirm","confirm":"c582ccf1-9cb2-41a4-9cfd-a404864a030d","ts":"2026-10-07T20:52:35.811-04:00","source":{"id":"0","name":"eventBus"}}
{"__type":"$$EventMessageNode","id":"4960a4c9-11a1-488e-8c5d-6b2b57129265","ts":"2026-10-07T20:52:35.812-04:00","eventName":"n8n.node.started","message":"n8n.node.started","payload":{"workflowId":"PaLPAf3VhFN11mWP","workflowName":"chimueloBot","executionId":"3762","nodeType":"n8n-nodes-base.webhook","nodeName":"Webhook","nodeId":"835eee2e-f5a8-41ae-8da8-c411adda2ef3"}}
{"__type":"$$EventMessageConfirm","confirm":"4960a4c9-11a1-488e-8c5d-6b2b57129265","ts":"2026-10-07T20:52:35.812-04:00","source":{"id":"0","name":"eventBus"}}
{"__type":"$$EventMessageNode","id":"cf8e9f8f-0495-4530-bada-f25fffc8e805","ts":"2026-10-07T20:52:35.812-04:00","eventName":"n8n.node.finished","message":"n8n.node.finished","payload":{"workflowId":"PaLPAf3VhFN11mWP","workflowName":"chimueloBot","executionId":"3762","nodeType":"n8n-nodes-base.webhook","nodeName":"Webhook","nodeId":"835eee2e-f5a8-41ae-8da8-c411adda2ef3"}}
{"__type":"$$EventMessageConfirm","confirm":"cf8e9f8f-0495-4530-bada-f25fffc8e805","ts":"2026-10-07T20:52:35.812-04:00","source":{"id":"0","name":"eventBus"}}
{"__type":"$$EventMessageNode","id":"2b50faa6-e2e2-419c-851d-7061313382b0","ts":"2026-10-07T20:52:35.812-04:00","eventName":"n8n.node.started","message":"n8n.node.started","payload":{"workflowId":"PaLPAf3VhFN11mWP","workflowName":"chimueloBot","executionId":"3762","nodeType":"n8n-nodes-base.if","nodeName":"If3","nodeId":"95b56f56-a35e-4d78-8c42-25353df18ded"}}
{"__type":"$$EventMessageConfirm","confirm":"2b50faa6-e2e2-419c-851d-7061313382b0","ts":"2026-10-07T20:52:35.812-04:00","source":{"id":"0","name":"eventBus"}}
{"__type":"$$EventMessageNode","id":"86b23410-4835-462c-a108-cde2a9143ca1","ts":"2026-10-07T20:52:35.820-04:00","eventName":"n8n.node.finished","message":"n8n.node.finished","payload":{"workflowId":"PaLPAf3VhFN11mWP","workflowName":"chimueloBot","executionId":"3762","nodeType":"n8n-nodes-base.if","nodeName":"If3","nodeId":"95b56f56-a35e-4d78-8c42-25353df18ded"}}
{"__type":"$$EventMessageConfirm","confirm":"86b23410-4835-462c-a108-cde2a9143ca1","ts":"2026-10-07T20:52:35.820-04:00","source":{"id":"0","name":"eventBus"}}
{"__type":"$$EventMessageNode","id":"794a8c5b-3842-4a72-b1ac-2e58babcb0a3","ts":"2026-10-07T20:52:35.820-04:00","eventName":"n8n.node.started","message":"n8n.node.started","payload":{"workflowId":"PaLPAf3VhFN11mWP","workflowName":"chimueloBot","executionId":"3762","nodeType":"n8n-nodes-base.if","nodeName":"If","nodeId":"fce468f6-e692-43e8-a90c-29d403eaad22"}}
{"__type":"$$EventMessageConfirm","confirm":"794a8c5b-3842-4a72-b1ac-2e58babcb0a3","ts":"2026-10-07T20:52:35.820-04:00","source":{"id":"0","name":"eventBus"}}
{"__type":"$$EventMessageNode","id":"accb05d2-c116-41f5-8df0-b55ccbcff1ac","ts":"2026-10-07T20:52:35.824-04:00","eventName":"n8n.node.finished","message":"n8n.node.finished","payload":{"workflowId":"PaLPAf3VhFN11mWP","workflowName":"chimueloBot","executionId":"3762","nodeType":"n8n-nodes-base.if","nodeName":"If","nodeId":"fce468f6-e692-43e8-a90c-29d403eaad22"}}
{"__type":"$$EventMessageConfirm","confirm":"accb05d2-c116-41f5-8df0-b55ccbcff1ac","ts":"2026-10-07T20:52:35.824-04:00","source":{"id":"0","name":"eventBus"}}
{"__type":"$$EventMessageNode","id":"61f07615-5123-4157-946d-726bf8731643","ts":"2026-10-07T20:52:35.824-04:00","eventName":"n8n.node.started","message":"n8n.node.started","payload":{"workflowId":"PaLPAf3VhFN11mWP","workflowName":"chimueloBot","executionId":"3762","nodeType":"n8n-nodes-base.if","nodeName":"If1","nodeId":"e019ba3d-6fff-4262-8bed-dfee6e3133d7"}}
{"__type":"$$EventMessageConfirm","confirm":"61f07615-5123-4157-946d-726bf8731643","ts":"2026-10-07T20:52:35.824-04:00","source":{"id":"0","name":"eventBus"}}
{"__type":"$$EventMessageNode","id":"4de2f80d-43b3-41e3-809d-3a341d599f19","ts":"2026-10-07T20:52:35.826-04:00","eventName":"n8n.node.finished","message":"n8n.node.finished","payload":{"workflowId":"PaLPAf3VhFN11mWP","workflowName":"chimueloBot","executionId":"3762","nodeType":"n8n-nodes-base.if","nodeName":"If1","nodeId":"e019ba3d-6fff-4262-8bed-dfee6e3133d7"}}
{"__type":"$$EventMessageConfirm","confirm":"4de2f80d-43b3-41e3-809d-3a341d599f19","ts":"2026-10-07T20:52:35.826-04:00","source":{"id":"0","name":"eventBus"}}
{"__type":"$$EventMessageNode","id":"949ee309-d6a7-4a81-9540-b7a3afdae700","ts":"2026-10-07T20:52:35.826-04:00","eventName":"n8n.node.started","message":"n8n.node.started","payload":{"workflowId":"PaLPAf3VhFN11mWP","workflowName":"chimueloBot","executionId":"3762","nodeType":"n8n-nodes-base.if","nodeName":"If2","nodeId":"79a91f8d-afeb-4ddc-b6f8-3c9bb45fc216"}}
{"__type":"$$EventMessageConfirm","confirm":"949ee309-d6a7-4a81-9540-b7a3afdae700","ts":"2026-10-07T20:52:35.826-04:00","source":{"id":"0","name":"eventBus"}}
{"__type":"$$EventMessageNode","id":"390e4ea8-3ea3-4ef5-8ee7-dae3c284ef03","ts":"2026-10-07T20:52:35.829-04:00","eventName":"n8n.node.finished","message":"n8n.node.finished","payload":{"workflowId":"PaLPAf3VhFN11mWP","workflowName":"chimueloBot","executionId":"3762","nodeType":"n8n-nodes-base.if","nodeName":"If2","nodeId":"79a91f8d-afeb-4ddc-b6f8-3c9bb45fc216"}}
{"__type":"$$EventMessageConfirm","confirm":"390e4ea8-3ea3-4ef5-8ee7-dae3c284ef03","ts":"2026-10-07T20:52:35.829-04:00","source":{"id":"0","name":"eventBus"}}
{"__type":"$$EventMessageWorkflow","id":"8fe7b34d-be8f-42bf-929a-70635e718c0e","ts":"2026-10-07T20:52:35.829-04:00","eventName":"n8n.workflow.success","message":"n8n.workflow.success","payload":{"executionId":"3762","success":true,"isManual":false,"mode":"webhook","workflowId":"PaLPAf3VhFN11mWP","workflowName":"chimueloBot","projectId":"4cXhCbdLbVUJK3Dd","projectName":"Ramiro De Rogatis <ramirojavierderogatis@hotmail.com>"}}
{"__type":"$$EventMessageConfirm","confirm":"8fe7b34d-be8f-42bf-929a-70635e718c0e","ts":"2026-10-07T20:52:35.829-04:00","source":{"id":"0","name":"eventBus"}}
{"__type":"$$EventMessageAudit","id":"8899fd4f-7124-4dc2-80cf-e5ec710370f2","ts":"2026-10-07T20:52:36.439-04:00","eventName":"n8n.audit.workflow.executed","message":"n8n.audit.workflow.executed","payload":{"workflowId":"PaLPAf3VhFN11mWP","workflowName":"chimueloBot","executionId":"3763","projectId":"4cXhCbdLbVUJK3Dd","projectName":"Ramiro De Rogatis <ramirojavierderogatis@hotmail.com>","source":"webhook"}}
{"__type":"$$EventMessageConfirm","confirm":"8899fd4f-7124-4dc2-80cf-e5ec710370f2","ts":"2026-10-07T20:52:36.439-04:00","source":{"id":"0","name":"eventBus"}}
{"__type":"$$EventMessageWorkflow","id":"7e7cac3c-84d7-4f83-a6da-1802c9dc88e1","ts":"2026-10-07T20:52:36.439-04:00","eventName":"n8n.workflow.started","message":"n8n.workflow.started","payload":{"executionId":"3763","workflowId":"PaLPAf3VhFN11mWP","isManual":false,"mode":"webhook","workflowName":"chimueloBot","projectId":"4cXhCbdLbVUJK3Dd","projectName":"Ramiro De Rogatis <ramirojavierderogatis@hotmail.com>"}}
{"__type":"$$EventMessageConfirm","confirm":"7e7cac3c-84d7-4f83-a6da-1802c9dc88e1","ts":"2026-10-07T20:52:36.439-04:00","source":{"id":"0","name":"eventBus"}}
{"__type":"$$EventMessageNode","id":"2609bc74-0d62-4a90-8c3a-77a733e79759","ts":"2026-10-07T20:52:36.440-04:00","eventName":"n8n.node.started","message":"n8n.node.started","payload":{"workflowId":"PaLPAf3VhFN11mWP","workflowName":"chimueloBot","executionId":"3763","nodeType":"n8n-nodes-base.webhook","nodeName":"Webhook","nodeId":"835eee2e-f5a8-41ae-8da8-c411adda2ef3"}}
{"__type":"$$EventMessageConfirm","confirm":"2609bc74-0d62-4a90-8c3a-77a733e79759","ts":"2026-10-07T20:52:36.441-04:00","source":{"id":"0","name":"eventBus"}}
{"__type":"$$EventMessageNode","id":"c8c529b1-b355-4e29-a4db-26f29658f16a","ts":"2026-10-07T20:52:36.441-04:00","eventName":"n8n.node.finished","message":"n8n.node.finished","payload":{"workflowId":"PaLPAf3VhFN11mWP","workflowName":"chimueloBot","executionId":"3763","nodeType":"n8n-nodes-base.webhook","nodeName":"Webhook","nodeId":"835eee2e-f5a8-41ae-8da8-c411adda2ef3"}}
{"__type":"$$EventMessageConfirm","confirm":"c8c529b1-b355-4e29-a4db-26f29658f16a","ts":"2026-10-07T20:52:36.441-04:00","source":{"id":"0","name":"eventBus"}}
{"__type":"$$EventMessageNode","id":"11789353-c830-42d0-9aa8-db8745c6e856","ts":"2026-10-07T20:52:36.441-04:00","eventName":"n8n.node.started","message":"n8n.node.started","payload":{"workflowId":"PaLPAf3VhFN11mWP","workflowName":"chimueloBot","executionId":"3763","nodeType":"n8n-nodes-base.if","nodeName":"If3","nodeId":"95b56f56-a35e-4d78-8c42-25353df18ded"}}
{"__type":"$$EventMessageConfirm","confirm":"11789353-c830-42d0-9aa8-db8745c6e856","ts":"2026-10-07T20:52:36.441-04:00","source":{"id":"0","name":"eventBus"}}
{"__type":"$$EventMessageNode","id":"2b095fab-bf6d-43ce-a82b-dd5d0131d190","ts":"2026-10-07T20:52:36.448-04:00","eventName":"n8n.node.finished","message":"n8n.node.finished","payload":{"workflowId":"PaLPAf3VhFN11mWP","workflowName":"chimueloBot","executionId":"3763","nodeType":"n8n-nodes-base.if","nodeName":"If3","nodeId":"95b56f56-a35e-4d78-8c42-25353df18ded"}}
{"__type":"$$EventMessageConfirm","confirm":"2b095fab-bf6d-43ce-a82b-dd5d0131d190","ts":"2026-10-07T20:52:36.448-04:00","source":{"id":"0","name":"eventBus"}}
{"__type":"$$EventMessageNode","id":"ed954677-eec5-4774-8bf9-4ca553ac3180","ts":"2026-10-07T20:52:36.448-04:00","eventName":"n8n.node.started","message":"n8n.node.started","payload":{"workflowId":"PaLPAf3VhFN11mWP","workflowName":"chimueloBot","executionId":"3763","nodeType":"n8n-nodes-base.if","nodeName":"If","nodeId":"fce468f6-e692-43e8-a90c-29d403eaad22"}}
{"__type":"$$EventMessageConfirm","confirm":"ed954677-eec5-4774-8bf9-4ca553ac3180","ts":"2026-10-07T20:52:36.449-04:00","source":{"id":"0","name":"eventBus"}}
{"__type":"$$EventMessageNode","id":"5912d57a-a864-4c1c-93cd-a10c6e4f59c4","ts":"2026-10-07T20:52:36.450-04:00","eventName":"n8n.node.finished","message":"n8n.node.finished","payload":{"workflowId":"PaLPAf3VhFN11mWP","workflowName":"chimueloBot","executionId":"3763","nodeType":"n8n-nodes-base.if","nodeName":"If","nodeId":"fce468f6-e692-43e8-a90c-29d403eaad22"}}
{"__type":"$$EventMessageConfirm","confirm":"5912d57a-a864-4c1c-93cd-a10c6e4f59c4","ts":"2026-10-07T20:52:36.451-04:00","source":{"id":"0","name":"eventBus"}}
{"__type":"$$EventMessageNode","id":"ebce8942-2695-49ba-b69f-7cf99da72327","ts":"2026-10-07T20:52:36.451-04:00","eventName":"n8n.node.started","message":"n8n.node.started","payload":{"workflowId":"PaLPAf3VhFN11mWP","workflowName":"chimueloBot","executionId":"3763","nodeType":"n8n-nodes-base.if","nodeName":"If1","nodeId":"e019ba3d-6fff-4262-8bed-dfee6e3133d7"}}
{"__type":"$$EventMessageConfirm","confirm":"ebce8942-2695-49ba-b69f-7cf99da72327","ts":"2026-10-07T20:52:36.451-04:00","source":{"id":"0","name":"eventBus"}}
{"__type":"$$EventMessageNode","id":"0c5fe7c0-9876-4443-abfd-e527a92257fe","ts":"2026-10-07T20:52:36.453-04:00","eventName":"n8n.node.finished","message":"n8n.node.finished","payload":{"workflowId":"PaLPAf3VhFN11mWP","workflowName":"chimueloBot","executionId":"3763","nodeType":"n8n-nodes-base.if","nodeName":"If1","nodeId":"e019ba3d-6fff-4262-8bed-dfee6e3133d7"}}
{"__type":"$$EventMessageConfirm","confirm":"0c5fe7c0-9876-4443-abfd-e527a92257fe","ts":"2026-10-07T20:52:36.453-04:00","source":{"id":"0","name":"eventBus"}}
{"__type":"$$EventMessageNode","id":"62b01471-bf46-4ff6-9e9e-bf4a237b0253","ts":"2026-10-07T20:52:36.453-04:00","eventName":"n8n.node.started","message":"n8n.node.started","payload":{"workflowId":"PaLPAf3VhFN11mWP","workflowName":"chimueloBot","executionId":"3763","nodeType":"n8n-nodes-base.if","nodeName":"If2","nodeId":"79a91f8d-afeb-4ddc-b6f8-3c9bb45fc216"}}
{"__type":"$$EventMessageConfirm","confirm":"62b01471-bf46-4ff6-9e9e-bf4a237b0253","ts":"2026-10-07T20:52:36.453-04:00","source":{"id":"0","name":"eventBus"}}
{"__type":"$$EventMessageNode","id":"834bcdb3-a101-4680-9b8c-f5d9dae2b143","ts":"2026-10-07T20:52:36.457-04:00","eventName":"n8n.node.finished","message":"n8n.node.finished","payload":{"workflowId":"PaLPAf3VhFN11mWP","workflowName":"chimueloBot","executionId":"3763","nodeType":"n8n-nodes-base.if","nodeName":"If2","nodeId":"79a91f8d-afeb-4ddc-b6f8-3c9bb45fc216"}}
{"__type":"$$EventMessageConfirm","confirm":"834bcdb3-a101-4680-9b8c-f5d9dae2b143","ts":"2026-10-07T20:52:36.457-04:00","source":{"id":"0","name":"eventBus"}}
{"__type":"$$EventMessageWorkflow","id":"f206c4a7-e9fa-4c38-88e9-ef591a8f99b0","ts":"2026-10-07T20:52:36.458-04:00","eventName":"n8n.workflow.success","message":"n8n.workflow.success","payload":{"executionId":"3763","success":true,"isManual":false,"mode":"webhook","workflowId":"PaLPAf3VhFN11mWP","workflowName":"chimueloBot","projectId":"4cXhCbdLbVUJK3Dd","projectName":"Ramiro De Rogatis <ramirojavierderogatis@hotmail.com>"}}
{"__type":"$$EventMessageConfirm","confirm":"f206c4a7-e9fa-4c38-88e9-ef591a8f99b0","ts":"2026-10-07T20:52:36.458-04:00","source":{"id":"0","name":"eventBus"}}
{"__type":"$$EventMessageAudit","id":"15b1fbfd-f1b0-4ef9-b5e4-0f507a0dda4c","ts":"2026-10-07T20:52:37.261-04:00","eventName":"n8n.audit.workflow.executed","message":"n8n.audit.workflow.executed","payload":{"workflowId":"PaLPAf3VhFN11mWP","workflowName":"chimueloBot","executionId":"3764","projectId":"4cXhCbdLbVUJK3Dd","projectName":"Ramiro De Rogatis <ramirojavierderogatis@hotmail.com>","source":"webhook"}}
{"__type":"$$EventMessageConfirm","confirm":"15b1fbfd-f1b0-4ef9-b5e4-0f507a0dda4c","ts":"2026-10-07T20:52:37.261-04:00","source":{"id":"0","name":"eventBus"}}
{"__type":"$$EventMessageWorkflow","id":"03a2112b-e842-4159-aff9-a42e94354730","ts":"2026-10-07T20:52:37.262-04:00","eventName":"n8n.workflow.started","message":"n8n.workflow.started","payload":{"executionId":"3764","workflowId":"PaLPAf3VhFN11mWP","isManual":false,"mode":"webhook","workflowName":"chimueloBot","projectId":"4cXhCbdLbVUJK3Dd","projectName":"Ramiro De Rogatis <ramirojavierderogatis@hotmail.com>"}}
{"__type":"$$EventMessageConfirm","confirm":"03a2112b-e842-4159-aff9-a42e94354730","ts":"2026-10-07T20:52:37.262-04:00","source":{"id":"0","name":"eventBus"}}
{"__type":"$$EventMessageNode","id":"33442ff0-9d74-4fa9-9b52-ce136b151374","ts":"2026-10-07T20:52:37.262-04:00","eventName":"n8n.node.started","message":"n8n.node.started","payload":{"workflowId":"PaLPAf3VhFN11mWP","workflowName":"chimueloBot","executionId":"3764","nodeType":"n8n-nodes-base.webhook","nodeName":"Webhook","nodeId":"835eee2e-f5a8-41ae-8da8-c411adda2ef3"}}
{"__type":"$$EventMessageConfirm","confirm":"33442ff0-9d74-4fa9-9b52-ce136b151374","ts":"2026-10-07T20:52:37.262-04:00","source":{"id":"0","name":"eventBus"}}
{"__type":"$$EventMessageNode","id":"02fc6078-e49d-43c3-8b40-4b4641dbd314","ts":"2026-10-07T20:52:37.263-04:00","eventName":"n8n.node.finished","message":"n8n.node.finished","payload":{"workflowId":"PaLPAf3VhFN11mWP","workflowName":"chimueloBot","executionId":"3764","nodeType":"n8n-nodes-base.webhook","nodeName":"Webhook","nodeId":"835eee2e-f5a8-41ae-8da8-c411adda2ef3"}}
{"__type":"$$EventMessageConfirm","confirm":"02fc6078-e49d-43c3-8b40-4b4641dbd314","ts":"2026-10-07T20:52:37.263-04:00","source":{"id":"0","name":"eventBus"}}
{"__type":"$$EventMessageNode","id":"9e2245e7-3334-4264-9c14-4039f6ce82c0","ts":"2026-10-07T20:52:37.263-04:00","eventName":"n8n.node.started","message":"n8n.node.started","payload":{"workflowId":"PaLPAf3VhFN11mWP","workflowName":"chimueloBot","executionId":"3764","nodeType":"n8n-nodes-base.if","nodeName":"If3","nodeId":"95b56f56-a35e-4d78-8c42-25353df18ded"}}
{"__type":"$$EventMessageConfirm","confirm":"9e2245e7-3334-4264-9c14-4039f6ce82c0","ts":"2026-10-07T20:52:37.263-04:00","source":{"id":"0","name":"eventBus"}}
{"__type":"$$EventMessageNode","id":"32936755-a6e3-42d8-9e26-fc85ab85503b","ts":"2026-10-07T20:52:37.269-04:00","eventName":"n8n.node.finished","message":"n8n.node.finished","payload":{"workflowId":"PaLPAf3VhFN11mWP","workflowName":"chimueloBot","executionId":"3764","nodeType":"n8n-nodes-base.if","nodeName":"If3","nodeId":"95b56f56-a35e-4d78-8c42-25353df18ded"}}
{"__type":"$$EventMessageConfirm","confirm":"32936755-a6e3-42d8-9e26-fc85ab85503b","ts":"2026-10-07T20:52:37.269-04:00","source":{"id":"0","name":"eventBus"}}
{"__type":"$$EventMessageNode","id":"0c9d3d38-297e-4c3a-8713-8f72435cf7ef","ts":"2026-10-07T20:52:37.269-04:00","eventName":"n8n.node.started","message":"n8n.node.started","payload":{"workflowId":"PaLPAf3VhFN11mWP","workflowName":"chimueloBot","executionId":"3764","nodeType":"n8n-nodes-base.if","nodeName":"If","nodeId":"fce468f6-e692-43e8-a90c-29d403eaad22"}}
{"__type":"$$EventMessageConfirm","confirm":"0c9d3d38-297e-4c3a-8713-8f72435cf7ef","ts":"2026-10-07T20:52:37.269-04:00","source":{"id":"0","name":"eventBus"}}
{"__type":"$$EventMessageNode","id":"1f5fc055-f8f4-46ad-be67-b8b0cf0915fc","ts":"2026-10-07T20:52:37.271-04:00","eventName":"n8n.node.finished","message":"n8n.node.finished","payload":{"workflowId":"PaLPAf3VhFN11mWP","workflowName":"chimueloBot","executionId":"3764","nodeType":"n8n-nodes-base.if","nodeName":"If","nodeId":"fce468f6-e692-43e8-a90c-29d403eaad22"}}
{"__type":"$$EventMessageConfirm","confirm":"1f5fc055-f8f4-46ad-be67-b8b0cf0915fc","ts":"2026-10-07T20:52:37.272-04:00","source":{"id":"0","name":"eventBus"}}
{"__type":"$$EventMessageNode","id":"df359a6e-e44d-4c3d-a899-539500f81ec5","ts":"2026-10-07T20:52:37.272-04:00","eventName":"n8n.node.started","message":"n8n.node.started","payload":{"workflowId":"PaLPAf3VhFN11mWP","workflowName":"chimueloBot","executionId":"3764","nodeType":"n8n-nodes-base.if","nodeName":"If1","nodeId":"e019ba3d-6fff-4262-8bed-dfee6e3133d7"}}
{"__type":"$$EventMessageConfirm","confirm":"df359a6e-e44d-4c3d-a899-539500f81ec5","ts":"2026-10-07T20:52:37.272-04:00","source":{"id":"0","name":"eventBus"}}
{"__type":"$$EventMessageNode","id":"88dc5922-f4ef-491a-b9a7-357c7f7c4c2a","ts":"2026-10-07T20:52:37.274-04:00","eventName":"n8n.node.finished","message":"n8n.node.finished","payload":{"workflowId":"PaLPAf3VhFN11mWP","workflowName":"chimueloBot","executionId":"3764","nodeType":"n8n-nodes-base.if","nodeName":"If1","nodeId":"e019ba3d-6fff-4262-8bed-dfee6e3133d7"}}
{"__type":"$$EventMessageConfirm","confirm":"88dc5922-f4ef-491a-b9a7-357c7f7c4c2a","ts":"2026-10-07T20:52:37.274-04:00","source":{"id":"0","name":"eventBus"}}
{"__type":"$$EventMessageNode","id":"ccf8648c-9e23-4add-9053-977ac7d095ac","ts":"2026-10-07T20:52:37.274-04:00","eventName":"n8n.node.started","message":"n8n.node.started","payload":{"workflowId":"PaLPAf3VhFN11mWP","workflowName":"chimueloBot","executionId":"3764","nodeType":"n8n-nodes-base.httpRequest","nodeName":"HTTP Request","nodeId":"82eb265c-461c-4a00-95ac-26b9277881a1"}}
{"__type":"$$EventMessageConfirm","confirm":"ccf8648c-9e23-4add-9053-977ac7d095ac","ts":"2026-10-07T20:52:37.275-04:00","source":{"id":"0","name":"eventBus"}}
{"__type":"$$EventMessageAudit","id":"99d9d773-4491-4110-8a6f-d62cde2ed41e","ts":"2026-10-07T20:52:37.869-04:00","eventName":"n8n.audit.workflow.executed","message":"n8n.audit.workflow.executed","payload":{"workflowId":"PaLPAf3VhFN11mWP","workflowName":"chimueloBot","executionId":"3765","projectId":"4cXhCbdLbVUJK3Dd","projectName":"Ramiro De Rogatis <ramirojavierderogatis@hotmail.com>","source":"webhook"}}
{"__type":"$$EventMessageConfirm","confirm":"99d9d773-4491-4110-8a6f-d62cde2ed41e","ts":"2026-10-07T20:52:37.869-04:00","source":{"id":"0","name":"eventBus"}}
{"__type":"$$EventMessageWorkflow","id":"48f0e7e5-ae2e-4320-906f-6e2dc6c70056","ts":"2026-10-07T20:52:37.870-04:00","eventName":"n8n.workflow.started","message":"n8n.workflow.started","payload":{"executionId":"3765","workflowId":"PaLPAf3VhFN11mWP","isManual":false,"mode":"webhook","workflowName":"chimueloBot","projectId":"4cXhCbdLbVUJK3Dd","projectName":"Ramiro De Rogatis <ramirojavierderogatis@hotmail.com>"}}
{"__type":"$$EventMessageConfirm","confirm":"48f0e7e5-ae2e-4320-906f-6e2dc6c70056","ts":"2026-10-07T20:52:37.870-04:00","source":{"id":"0","name":"eventBus"}}
{"__type":"$$EventMessageNode","id":"18cdab4d-e395-450f-afe5-5feb51bcbb5b","ts":"2026-10-07T20:52:37.870-04:00","eventName":"n8n.node.started","message":"n8n.node.started","payload":{"workflowId":"PaLPAf3VhFN11mWP","workflowName":"chimueloBot","executionId":"3765","nodeType":"n8n-nodes-base.webhook","nodeName":"Webhook","nodeId":"835eee2e-f5a8-41ae-8da8-c411adda2ef3"}}
{"__type":"$$EventMessageConfirm","confirm":"18cdab4d-e395-450f-afe5-5feb51bcbb5b","ts":"2026-10-07T20:52:37.871-04:00","source":{"id":"0","name":"eventBus"}}
{"__type":"$$EventMessageNode","id":"b4814f03-9068-41c4-9345-21bf2822c768","ts":"2026-10-07T20:52:37.871-04:00","eventName":"n8n.node.finished","message":"n8n.node.finished","payload":{"workflowId":"PaLPAf3VhFN11mWP","workflowName":"chimueloBot","executionId":"3765","nodeType":"n8n-nodes-base.webhook","nodeName":"Webhook","nodeId":"835eee2e-f5a8-41ae-8da8-c411adda2ef3"}}
{"__type":"$$EventMessageConfirm","confirm":"b4814f03-9068-41c4-9345-21bf2822c768","ts":"2026-10-07T20:52:37.871-04:00","source":{"id":"0","name":"eventBus"}}
{"__type":"$$EventMessageNode","id":"78493982-749c-4920-9779-50ff83260949","ts":"2026-10-07T20:52:37.871-04:00","eventName":"n8n.node.started","message":"n8n.node.started","payload":{"workflowId":"PaLPAf3VhFN11mWP","workflowName":"chimueloBot","executionId":"3765","nodeType":"n8n-nodes-base.if","nodeName":"If3","nodeId":"95b56f56-a35e-4d78-8c42-25353df18ded"}}
{"__type":"$$EventMessageConfirm","confirm":"78493982-749c-4920-9779-50ff83260949","ts":"2026-10-07T20:52:37.871-04:00","source":{"id":"0","name":"eventBus"}}
{"__type":"$$EventMessageNode","id":"3c5a5382-76e2-4174-b58a-6ef47acb24bd","ts":"2026-10-07T20:52:37.878-04:00","eventName":"n8n.node.finished","message":"n8n.node.finished","payload":{"workflowId":"PaLPAf3VhFN11mWP","workflowName":"chimueloBot","executionId":"3765","nodeType":"n8n-nodes-base.if","nodeName":"If3","nodeId":"95b56f56-a35e-4d78-8c42-25353df18ded"}}
{"__type":"$$EventMessageConfirm","confirm":"3c5a5382-76e2-4174-b58a-6ef47acb24bd","ts":"2026-10-07T20:52:37.878-04:00","source":{"id":"0","name":"eventBus"}}
{"__type":"$$EventMessageNode","id":"1a9b2cd3-bb2d-48d9-8a7f-eb92eab6a38a","ts":"2026-10-07T20:52:37.878-04:00","eventName":"n8n.node.started","message":"n8n.node.started","payload":{"workflowId":"PaLPAf3VhFN11mWP","workflowName":"chimueloBot","executionId":"3765","nodeType":"n8n-nodes-base.if","nodeName":"If","nodeId":"fce468f6-e692-43e8-a90c-29d403eaad22"}}
{"__type":"$$EventMessageConfirm","confirm":"1a9b2cd3-bb2d-48d9-8a7f-eb92eab6a38a","ts":"2026-10-07T20:52:37.878-04:00","source":{"id":"0","name":"eventBus"}}
{"__type":"$$EventMessageNode","id":"328e6f8a-f774-4fc3-8b74-8f878c394918","ts":"2026-10-07T20:52:37.880-04:00","eventName":"n8n.node.finished","message":"n8n.node.finished","payload":{"workflowId":"PaLPAf3VhFN11mWP","workflowName":"chimueloBot","executionId":"3765","nodeType":"n8n-nodes-base.if","nodeName":"If","nodeId":"fce468f6-e692-43e8-a90c-29d403eaad22"}}
{"__type":"$$EventMessageConfirm","confirm":"328e6f8a-f774-4fc3-8b74-8f878c394918","ts":"2026-10-07T20:52:37.880-04:00","source":{"id":"0","name":"eventBus"}}
{"__type":"$$EventMessageNode","id":"5f61eaf9-a3c3-4c73-b273-a53bdab9aa3f","ts":"2026-10-07T20:52:37.880-04:00","eventName":"n8n.node.started","message":"n8n.node.started","payload":{"workflowId":"PaLPAf3VhFN11mWP","workflowName":"chimueloBot","executionId":"3765","nodeType":"n8n-nodes-base.if","nodeName":"If1","nodeId":"e019ba3d-6fff-4262-8bed-dfee6e3133d7"}}
{"__type":"$$EventMessageConfirm","confirm":"5f61eaf9-a3c3-4c73-b273-a53bdab9aa3f","ts":"2026-10-07T20:52:37.880-04:00","source":{"id":"0","name":"eventBus"}}
{"__type":"$$EventMessageNode","id":"d09040ec-badb-4191-b9b2-e60ff959910d","ts":"2026-10-07T20:52:37.882-04:00","eventName":"n8n.node.finished","message":"n8n.node.finished","payload":{"workflowId":"PaLPAf3VhFN11mWP","workflowName":"chimueloBot","executionId":"3765","nodeType":"n8n-nodes-base.if","nodeName":"If1","nodeId":"e019ba3d-6fff-4262-8bed-dfee6e3133d7"}}
{"__type":"$$EventMessageConfirm","confirm":"d09040ec-badb-4191-b9b2-e60ff959910d","ts":"2026-10-07T20:52:37.882-04:00","source":{"id":"0","name":"eventBus"}}
{"__type":"$$EventMessageNode","id":"baf8b956-f588-4939-a284-58dfa9caee39","ts":"2026-10-07T20:52:37.882-04:00","eventName":"n8n.node.started","message":"n8n.node.started","payload":{"workflowId":"PaLPAf3VhFN11mWP","workflowName":"chimueloBot","executionId":"3765","nodeType":"n8n-nodes-base.if","nodeName":"If2","nodeId":"79a91f8d-afeb-4ddc-b6f8-3c9bb45fc216"}}
{"__type":"$$EventMessageConfirm","confirm":"baf8b956-f588-4939-a284-58dfa9caee39","ts":"2026-10-07T20:52:37.882-04:00","source":{"id":"0","name":"eventBus"}}
{"__type":"$$EventMessageNode","id":"984c60b2-a106-498f-97be-311b5b8a369f","ts":"2026-10-07T20:52:37.885-04:00","eventName":"n8n.node.finished","message":"n8n.node.finished","payload":{"workflowId":"PaLPAf3VhFN11mWP","workflowName":"chimueloBot","executionId":"3765","nodeType":"n8n-nodes-base.if","nodeName":"If2","nodeId":"79a91f8d-afeb-4ddc-b6f8-3c9bb45fc216"}}
{"__type":"$$EventMessageConfirm","confirm":"984c60b2-a106-498f-97be-311b5b8a369f","ts":"2026-10-07T20:52:37.885-04:00","source":{"id":"0","name":"eventBus"}}
{"__type":"$$EventMessageWorkflow","id":"561d963f-11f7-4ae1-832c-7f9a17300787","ts":"2026-10-07T20:52:37.885-04:00","eventName":"n8n.workflow.success","message":"n8n.workflow.success","payload":{"executionId":"3765","success":true,"isManual":false,"mode":"webhook","workflowId":"PaLPAf3VhFN11mWP","workflowName":"chimueloBot","projectId":"4cXhCbdLbVUJK3Dd","projectName":"Ramiro De Rogatis <ramirojavierderogatis@hotmail.com>"}}
{"__type":"$$EventMessageConfirm","confirm":"561d963f-11f7-4ae1-832c-7f9a17300787","ts":"2026-10-07T20:52:37.885-04:00","source":{"id":"0","name":"eventBus"}}
{"__type":"$$EventMessageNode","id":"51a8ca73-dd83-48d4-b0bf-49885f558af6","ts":"2026-10-07T20:53:01.400-04:00","eventName":"n8n.node.finished","message":"n8n.node.finished","payload":{"workflowId":"PaLPAf3VhFN11mWP","workflowName":"chimueloBot","executionId":"3764","nodeType":"n8n-nodes-base.httpRequest","nodeName":"HTTP Request","nodeId":"82eb265c-461c-4a00-95ac-26b9277881a1"}}
{"__type":"$$EventMessageConfirm","confirm":"51a8ca73-dd83-48d4-b0bf-49885f558af6","ts":"2026-10-07T20:53:01.401-04:00","source":{"id":"0","name":"eventBus"}}
{"__type":"$$EventMessageNode","id":"035b6879-4acf-48de-80f8-4a8b117b7e55","ts":"2026-10-07T20:53:01.401-04:00","eventName":"n8n.node.started","message":"n8n.node.started","payload":{"workflowId":"PaLPAf3VhFN11mWP","workflowName":"chimueloBot","executionId":"3764","nodeType":"n8n-nodes-base.httpRequest","nodeName":"HTTP Request1","nodeId":"5207a99e-f37c-4974-840b-e8ddf1874763"}}
{"__type":"$$EventMessageConfirm","confirm":"035b6879-4acf-48de-80f8-4a8b117b7e55","ts":"2026-10-07T20:53:01.401-04:00","source":{"id":"0","name":"eventBus"}}
{"__type":"$$EventMessageNode","id":"cc49d0a2-78c5-4401-b290-aa057b736159","ts":"2026-10-07T20:53:03.097-04:00","eventName":"n8n.node.finished","message":"n8n.node.finished","payload":{"workflowId":"PaLPAf3VhFN11mWP","workflowName":"chimueloBot","executionId":"3764","nodeType":"n8n-nodes-base.httpRequest","nodeName":"HTTP Request1","nodeId":"5207a99e-f37c-4974-840b-e8ddf1874763"}}
{"__type":"$$EventMessageConfirm","confirm":"cc49d0a2-78c5-4401-b290-aa057b736159","ts":"2026-10-07T20:53:03.097-04:00","source":{"id":"0","name":"eventBus"}}
{"__type":"$$EventMessageWorkflow","id":"cca69e36-6cea-4974-89bb-ef47ceec201e","ts":"2026-10-07T20:53:03.098-04:00","eventName":"n8n.workflow.success","message":"n8n.workflow.success","payload":{"executionId":"3764","success":true,"isManual":false,"mode":"webhook","workflowId":"PaLPAf3VhFN11mWP","workflowName":"chimueloBot","projectId":"4cXhCbdLbVUJK3Dd","projectName":"Ramiro De Rogatis <ramirojavierderogatis@hotmail.com>"}}
{"__type":"$$EventMessageConfirm","confirm":"cca69e36-6cea-4974-89bb-ef47ceec201e","ts":"2026-10-07T20:53:03.098-04:00","source":{"id":"0","name":"eventBus"}}
{"__type":"$$EventMessageAudit","id":"6f35e883-09ee-4e10-9731-53a7275706dc","ts":"2026-10-07T20:53:40.681-04:00","eventName":"n8n.audit.workflow.executed","message":"n8n.audit.workflow.executed","payload":{"workflowId":"PaLPAf3VhFN11mWP","workflowName":"chimueloBot","executionId":"3766","projectId":"4cXhCbdLbVUJK3Dd","projectName":"Ramiro De Rogatis <ramirojavierderogatis@hotmail.com>","source":"webhook"}}
{"__type":"$$EventMessageConfirm","confirm":"6f35e883-09ee-4e10-9731-53a7275706dc","ts":"2026-10-07T20:53:40.681-04:00","source":{"id":"0","name":"eventBus"}}
{"__type":"$$EventMessageWorkflow","id":"0d8d7994-5340-42a4-8f1c-5349bfb400c4","ts":"2026-10-07T20:53:40.681-04:00","eventName":"n8n.workflow.started","message":"n8n.workflow.started","payload":{"executionId":"3766","workflowId":"PaLPAf3VhFN11mWP","isManual":false,"mode":"webhook","workflowName":"chimueloBot","projectId":"4cXhCbdLbVUJK3Dd","projectName":"Ramiro De Rogatis <ramirojavierderogatis@hotmail.com>"}}
{"__type":"$$EventMessageConfirm","confirm":"0d8d7994-5340-42a4-8f1c-5349bfb400c4","ts":"2026-10-07T20:53:40.681-04:00","source":{"id":"0","name":"eventBus"}}
{"__type":"$$EventMessageNode","id":"c2bbba74-db15-4a30-922e-3eb5d089c48b","ts":"2026-10-07T20:53:40.682-04:00","eventName":"n8n.node.started","message":"n8n.node.started","payload":{"workflowId":"PaLPAf3VhFN11mWP","workflowName":"chimueloBot","executionId":"3766","nodeType":"n8n-nodes-base.webhook","nodeName":"Webhook","nodeId":"835eee2e-f5a8-41ae-8da8-c411adda2ef3"}}
{"__type":"$$EventMessageConfirm","confirm":"c2bbba74-db15-4a30-922e-3eb5d089c48b","ts":"2026-10-07T20:53:40.682-04:00","source":{"id":"0","name":"eventBus"}}
{"__type":"$$EventMessageNode","id":"0e2dc5e8-2350-401f-b3eb-8f2e44cf780a","ts":"2026-10-07T20:53:40.683-04:00","eventName":"n8n.node.finished","message":"n8n.node.finished","payload":{"workflowId":"PaLPAf3VhFN11mWP","workflowName":"chimueloBot","executionId":"3766","nodeType":"n8n-nodes-base.webhook","nodeName":"Webhook","nodeId":"835eee2e-f5a8-41ae-8da8-c411adda2ef3"}}
{"__type":"$$EventMessageConfirm","confirm":"0e2dc5e8-2350-401f-b3eb-8f2e44cf780a","ts":"2026-10-07T20:53:40.683-04:00","source":{"id":"0","name":"eventBus"}}
{"__type":"$$EventMessageNode","id":"b7af6b8d-3135-407e-a908-71e34824bc19","ts":"2026-10-07T20:53:40.683-04:00","eventName":"n8n.node.started","message":"n8n.node.started","payload":{"workflowId":"PaLPAf3VhFN11mWP","workflowName":"chimueloBot","executionId":"3766","nodeType":"n8n-nodes-base.if","nodeName":"If3","nodeId":"95b56f56-a35e-4d78-8c42-25353df18ded"}}
{"__type":"$$EventMessageConfirm","confirm":"b7af6b8d-3135-407e-a908-71e34824bc19","ts":"2026-10-07T20:53:40.683-04:00","source":{"id":"0","name":"eventBus"}}
{"__type":"$$EventMessageNode","id":"a08b3bd3-52cb-4013-bac1-4301a519e4a5","ts":"2026-10-07T20:53:40.719-04:00","eventName":"n8n.node.finished","message":"n8n.node.finished","payload":{"workflowId":"PaLPAf3VhFN11mWP","workflowName":"chimueloBot","executionId":"3766","nodeType":"n8n-nodes-base.if","nodeName":"If3","nodeId":"95b56f56-a35e-4d78-8c42-25353df18ded"}}
{"__type":"$$EventMessageConfirm","confirm":"a08b3bd3-52cb-4013-bac1-4301a519e4a5","ts":"2026-10-07T20:53:40.719-04:00","source":{"id":"0","name":"eventBus"}}
{"__type":"$$EventMessageNode","id":"3fdbce4d-1e08-47c7-8e2b-1bc734bcdc1b","ts":"2026-10-07T20:53:40.719-04:00","eventName":"n8n.node.started","message":"n8n.node.started","payload":{"workflowId":"PaLPAf3VhFN11mWP","workflowName":"chimueloBot","executionId":"3766","nodeType":"n8n-nodes-base.if","nodeName":"If","nodeId":"fce468f6-e692-43e8-a90c-29d403eaad22"}}
{"__type":"$$EventMessageConfirm","confirm":"3fdbce4d-1e08-47c7-8e2b-1bc734bcdc1b","ts":"2026-10-07T20:53:40.719-04:00","source":{"id":"0","name":"eventBus"}}
{"__type":"$$EventMessageNode","id":"34009b04-b0f5-424b-9ade-6d1845aa79ce","ts":"2026-10-07T20:53:40.721-04:00","eventName":"n8n.node.finished","message":"n8n.node.finished","payload":{"workflowId":"PaLPAf3VhFN11mWP","workflowName":"chimueloBot","executionId":"3766","nodeType":"n8n-nodes-base.if","nodeName":"If","nodeId":"fce468f6-e692-43e8-a90c-29d403eaad22"}}
{"__type":"$$EventMessageConfirm","confirm":"34009b04-b0f5-424b-9ade-6d1845aa79ce","ts":"2026-10-07T20:53:40.721-04:00","source":{"id":"0","name":"eventBus"}}
{"__type":"$$EventMessageNode","id":"9221a556-79a7-4aea-a453-90dd2b39d041","ts":"2026-10-07T20:53:40.721-04:00","eventName":"n8n.node.started","message":"n8n.node.started","payload":{"workflowId":"PaLPAf3VhFN11mWP","workflowName":"chimueloBot","executionId":"3766","nodeType":"n8n-nodes-base.if","nodeName":"If1","nodeId":"e019ba3d-6fff-4262-8bed-dfee6e3133d7"}}
{"__type":"$$EventMessageConfirm","confirm":"9221a556-79a7-4aea-a453-90dd2b39d041","ts":"2026-10-07T20:53:40.721-04:00","source":{"id":"0","name":"eventBus"}}
{"__type":"$$EventMessageNode","id":"fed8b6ad-2f53-4730-8482-70d14cf2eddf","ts":"2026-10-07T20:53:40.724-04:00","eventName":"n8n.node.finished","message":"n8n.node.finished","payload":{"workflowId":"PaLPAf3VhFN11mWP","workflowName":"chimueloBot","executionId":"3766","nodeType":"n8n-nodes-base.if","nodeName":"If1","nodeId":"e019ba3d-6fff-4262-8bed-dfee6e3133d7"}}
{"__type":"$$EventMessageConfirm","confirm":"fed8b6ad-2f53-4730-8482-70d14cf2eddf","ts":"2026-10-07T20:53:40.724-04:00","source":{"id":"0","name":"eventBus"}}
{"__type":"$$EventMessageNode","id":"885cbc57-a000-4586-aca3-c450faf67b53","ts":"2026-10-07T20:53:40.724-04:00","eventName":"n8n.node.started","message":"n8n.node.started","payload":{"workflowId":"PaLPAf3VhFN11mWP","workflowName":"chimueloBot","executionId":"3766","nodeType":"n8n-nodes-base.httpRequest","nodeName":"HTTP Request","nodeId":"82eb265c-461c-4a00-95ac-26b9277881a1"}}
{"__type":"$$EventMessageConfirm","confirm":"885cbc57-a000-4586-aca3-c450faf67b53","ts":"2026-10-07T20:53:40.724-04:00","source":{"id":"0","name":"eventBus"}}
{"__type":"$$EventMessageNode","id":"353a24ea-8781-4b00-a2b1-429908b8e4e6","ts":"2026-10-07T20:53:42.678-04:00","eventName":"n8n.node.finished","message":"n8n.node.finished","payload":{"workflowId":"PaLPAf3VhFN11mWP","workflowName":"chimueloBot","executionId":"3766","nodeType":"n8n-nodes-base.httpRequest","nodeName":"HTTP Request","nodeId":"82eb265c-461c-4a00-95ac-26b9277881a1"}}
{"__type":"$$EventMessageConfirm","confirm":"353a24ea-8781-4b00-a2b1-429908b8e4e6","ts":"2026-10-07T20:53:42.678-04:00","source":{"id":"0","name":"eventBus"}}
{"__type":"$$EventMessageNode","id":"7009b697-da40-4e69-9103-b649ac9f6bbe","ts":"2026-10-07T20:53:42.678-04:00","eventName":"n8n.node.started","message":"n8n.node.started","payload":{"workflowId":"PaLPAf3VhFN11mWP","workflowName":"chimueloBot","executionId":"3766","nodeType":"n8n-nodes-base.httpRequest","nodeName":"HTTP Request1","nodeId":"5207a99e-f37c-4974-840b-e8ddf1874763"}}
{"__type":"$$EventMessageConfirm","confirm":"7009b697-da40-4e69-9103-b649ac9f6bbe","ts":"2026-10-07T20:53:42.678-04:00","source":{"id":"0","name":"eventBus"}}
{"__type":"$$EventMessageNode","id":"bb1c49cb-b198-4060-b48e-e02d03aae679","ts":"2026-10-07T20:53:43.899-04:00","eventName":"n8n.node.finished","message":"n8n.node.finished","payload":{"workflowId":"PaLPAf3VhFN11mWP","workflowName":"chimueloBot","executionId":"3766","nodeType":"n8n-nodes-base.httpRequest","nodeName":"HTTP Request1","nodeId":"5207a99e-f37c-4974-840b-e8ddf1874763"}}
{"__type":"$$EventMessageConfirm","confirm":"bb1c49cb-b198-4060-b48e-e02d03aae679","ts":"2026-10-07T20:53:43.899-04:00","source":{"id":"0","name":"eventBus"}}
{"__type":"$$EventMessageWorkflow","id":"cdf9456f-5992-4aea-9e24-f67a869baf15","ts":"2026-10-07T20:53:43.899-04:00","eventName":"n8n.workflow.success","message":"n8n.workflow.success","payload":{"executionId":"3766","success":true,"isManual":false,"mode":"webhook","workflowId":"PaLPAf3VhFN11mWP","workflowName":"chimueloBot","projectId":"4cXhCbdLbVUJK3Dd","projectName":"Ramiro De Rogatis <ramirojavierderogatis@hotmail.com>"}}
{"__type":"$$EventMessageConfirm","confirm":"cdf9456f-5992-4aea-9e24-f67a869baf15","ts":"2026-10-07T20:53:43.900-04:00","source":{"id":"0","name":"eventBus"}}
{"__type":"$$EventMessageAudit","id":"b5ea07f7-69c4-41ea-a14c-08fa6d3a47f4","ts":"2026-10-07T20:53:52.758-04:00","eventName":"n8n.audit.workflow.executed","message":"n8n.audit.workflow.executed","payload":{"workflowId":"PaLPAf3VhFN11mWP","workflowName":"chimueloBot","executionId":"3767","projectId":"4cXhCbdLbVUJK3Dd","projectName":"Ramiro De Rogatis <ramirojavierderogatis@hotmail.com>","source":"webhook"}}
{"__type":"$$EventMessageConfirm","confirm":"b5ea07f7-69c4-41ea-a14c-08fa6d3a47f4","ts":"2026-10-07T20:53:52.758-04:00","source":{"id":"0","name":"eventBus"}}
{"__type":"$$EventMessageWorkflow","id":"4cfbc273-a0b5-4e85-9d8d-df9b6d00f839","ts":"2026-10-07T20:53:52.758-04:00","eventName":"n8n.workflow.started","message":"n8n.workflow.started","payload":{"executionId":"3767","workflowId":"PaLPAf3VhFN11mWP","isManual":false,"mode":"webhook","workflowName":"chimueloBot","projectId":"4cXhCbdLbVUJK3Dd","projectName":"Ramiro De Rogatis <ramirojavierderogatis@hotmail.com>"}}
{"__type":"$$EventMessageConfirm","confirm":"4cfbc273-a0b5-4e85-9d8d-df9b6d00f839","ts":"2026-10-07T20:53:52.758-04:00","source":{"id":"0","name":"eventBus"}}
{"__type":"$$EventMessageNode","id":"03a0c534-5c44-47c0-93cc-da91632fa897","ts":"2026-10-07T20:53:52.759-04:00","eventName":"n8n.node.started","message":"n8n.node.started","payload":{"workflowId":"PaLPAf3VhFN11mWP","workflowName":"chimueloBot","executionId":"3767","nodeType":"n8n-nodes-base.webhook","nodeName":"Webhook","nodeId":"835eee2e-f5a8-41ae-8da8-c411adda2ef3"}}
{"__type":"$$EventMessageConfirm","confirm":"03a0c534-5c44-47c0-93cc-da91632fa897","ts":"2026-10-07T20:53:52.759-04:00","source":{"id":"0","name":"eventBus"}}
{"__type":"$$EventMessageNode","id":"6e8f9cc0-897a-49dd-ba0d-ab22bbf0c3f0","ts":"2026-10-07T20:53:52.759-04:00","eventName":"n8n.node.finished","message":"n8n.node.finished","payload":{"workflowId":"PaLPAf3VhFN11mWP","workflowName":"chimueloBot","executionId":"3767","nodeType":"n8n-nodes-base.webhook","nodeName":"Webhook","nodeId":"835eee2e-f5a8-41ae-8da8-c411adda2ef3"}}
{"__type":"$$EventMessageConfirm","confirm":"6e8f9cc0-897a-49dd-ba0d-ab22bbf0c3f0","ts":"2026-10-07T20:53:52.759-04:00","source":{"id":"0","name":"eventBus"}}
{"__type":"$$EventMessageNode","id":"82af6f96-9c45-4275-8106-ba1a1cedf074","ts":"2026-10-07T20:53:52.759-04:00","eventName":"n8n.node.started","message":"n8n.node.started","payload":{"workflowId":"PaLPAf3VhFN11mWP","workflowName":"chimueloBot","executionId":"3767","nodeType":"n8n-nodes-base.if","nodeName":"If3","nodeId":"95b56f56-a35e-4d78-8c42-25353df18ded"}}
{"__type":"$$EventMessageConfirm","confirm":"82af6f96-9c45-4275-8106-ba1a1cedf074","ts":"2026-10-07T20:53:52.759-04:00","source":{"id":"0","name":"eventBus"}}
{"__type":"$$EventMessageNode","id":"d95be10c-f08b-44be-8538-73366f31f181","ts":"2026-10-07T20:53:52.767-04:00","eventName":"n8n.node.finished","message":"n8n.node.finished","payload":{"workflowId":"PaLPAf3VhFN11mWP","workflowName":"chimueloBot","executionId":"3767","nodeType":"n8n-nodes-base.if","nodeName":"If3","nodeId":"95b56f56-a35e-4d78-8c42-25353df18ded"}}
{"__type":"$$EventMessageConfirm","confirm":"d95be10c-f08b-44be-8538-73366f31f181","ts":"2026-10-07T20:53:52.767-04:00","source":{"id":"0","name":"eventBus"}}
{"__type":"$$EventMessageNode","id":"1ba1b727-5bec-4ca8-9700-726e1888ff24","ts":"2026-10-07T20:53:52.767-04:00","eventName":"n8n.node.started","message":"n8n.node.started","payload":{"workflowId":"PaLPAf3VhFN11mWP","workflowName":"chimueloBot","executionId":"3767","nodeType":"n8n-nodes-base.if","nodeName":"If","nodeId":"fce468f6-e692-43e8-a90c-29d403eaad22"}}
{"__type":"$$EventMessageConfirm","confirm":"1ba1b727-5bec-4ca8-9700-726e1888ff24","ts":"2026-10-07T20:53:52.767-04:00","source":{"id":"0","name":"eventBus"}}
{"__type":"$$EventMessageNode","id":"b60cd18f-95e1-4c1e-8172-590583c54237","ts":"2026-10-07T20:53:52.769-04:00","eventName":"n8n.node.finished","message":"n8n.node.finished","payload":{"workflowId":"PaLPAf3VhFN11mWP","workflowName":"chimueloBot","executionId":"3767","nodeType":"n8n-nodes-base.if","nodeName":"If","nodeId":"fce468f6-e692-43e8-a90c-29d403eaad22"}}
{"__type":"$$EventMessageConfirm","confirm":"b60cd18f-95e1-4c1e-8172-590583c54237","ts":"2026-10-07T20:53:52.769-04:00","source":{"id":"0","name":"eventBus"}}
{"__type":"$$EventMessageNode","id":"029606fb-78d7-4412-98d4-d90850b45100","ts":"2026-10-07T20:53:52.769-04:00","eventName":"n8n.node.started","message":"n8n.node.started","payload":{"workflowId":"PaLPAf3VhFN11mWP","workflowName":"chimueloBot","executionId":"3767","nodeType":"n8n-nodes-base.if","nodeName":"If1","nodeId":"e019ba3d-6fff-4262-8bed-dfee6e3133d7"}}
{"__type":"$$EventMessageConfirm","confirm":"029606fb-78d7-4412-98d4-d90850b45100","ts":"2026-10-07T20:53:52.769-04:00","source":{"id":"0","name":"eventBus"}}
{"__type":"$$EventMessageNode","id":"9575ca27-00bd-460f-acc5-1424d221289c","ts":"2026-10-07T20:53:52.771-04:00","eventName":"n8n.node.finished","message":"n8n.node.finished","payload":{"workflowId":"PaLPAf3VhFN11mWP","workflowName":"chimueloBot","executionId":"3767","nodeType":"n8n-nodes-base.if","nodeName":"If1","nodeId":"e019ba3d-6fff-4262-8bed-dfee6e3133d7"}}
{"__type":"$$EventMessageConfirm","confirm":"9575ca27-00bd-460f-acc5-1424d221289c","ts":"2026-10-07T20:53:52.771-04:00","source":{"id":"0","name":"eventBus"}}
{"__type":"$$EventMessageNode","id":"54b70697-feef-4562-8a5e-45d28b814cfe","ts":"2026-10-07T20:53:52.771-04:00","eventName":"n8n.node.started","message":"n8n.node.started","payload":{"workflowId":"PaLPAf3VhFN11mWP","workflowName":"chimueloBot","executionId":"3767","nodeType":"n8n-nodes-base.httpRequest","nodeName":"HTTP Request","nodeId":"82eb265c-461c-4a00-95ac-26b9277881a1"}}
{"__type":"$$EventMessageConfirm","confirm":"54b70697-feef-4562-8a5e-45d28b814cfe","ts":"2026-10-07T20:53:52.772-04:00","source":{"id":"0","name":"eventBus"}}
{"__type":"$$EventMessageNode","id":"e2d446ab-821e-49f0-aee7-ab2b54915361","ts":"2026-10-07T20:53:55.455-04:00","eventName":"n8n.node.finished","message":"n8n.node.finished","payload":{"workflowId":"PaLPAf3VhFN11mWP","workflowName":"chimueloBot","executionId":"3767","nodeType":"n8n-nodes-base.httpRequest","nodeName":"HTTP Request","nodeId":"82eb265c-461c-4a00-95ac-26b9277881a1"}}
{"__type":"$$EventMessageConfirm","confirm":"e2d446ab-821e-49f0-aee7-ab2b54915361","ts":"2026-10-07T20:53:55.455-04:00","source":{"id":"0","name":"eventBus"}}
{"__type":"$$EventMessageNode","id":"1c6afbf1-8b2f-4c2e-8f5e-27e7a5cee0cd","ts":"2026-10-07T20:53:55.455-04:00","eventName":"n8n.node.started","message":"n8n.node.started","payload":{"workflowId":"PaLPAf3VhFN11mWP","workflowName":"chimueloBot","executionId":"3767","nodeType":"n8n-nodes-base.httpRequest","nodeName":"HTTP Request1","nodeId":"5207a99e-f37c-4974-840b-e8ddf1874763"}}
{"__type":"$$EventMessageConfirm","confirm":"1c6afbf1-8b2f-4c2e-8f5e-27e7a5cee0cd","ts":"2026-10-07T20:53:55.455-04:00","source":{"id":"0","name":"eventBus"}}
{"__type":"$$EventMessageNode","id":"ca8e878f-a741-48eb-b697-0b90fa096640","ts":"2026-10-07T20:53:56.491-04:00","eventName":"n8n.node.finished","message":"n8n.node.finished","payload":{"workflowId":"PaLPAf3VhFN11mWP","workflowName":"chimueloBot","executionId":"3767","nodeType":"n8n-nodes-base.httpRequest","nodeName":"HTTP Request1","nodeId":"5207a99e-f37c-4974-840b-e8ddf1874763"}}
{"__type":"$$EventMessageConfirm","confirm":"ca8e878f-a741-48eb-b697-0b90fa096640","ts":"2026-10-07T20:53:56.491-04:00","source":{"id":"0","name":"eventBus"}}
{"__type":"$$EventMessageWorkflow","id":"94171708-8078-4f27-afc3-36a5c5f09355","ts":"2026-10-07T20:53:56.491-04:00","eventName":"n8n.workflow.success","message":"n8n.workflow.success","payload":{"executionId":"3767","success":true,"isManual":false,"mode":"webhook","workflowId":"PaLPAf3VhFN11mWP","workflowName":"chimueloBot","projectId":"4cXhCbdLbVUJK3Dd","projectName":"Ramiro De Rogatis <ramirojavierderogatis@hotmail.com>"}}
{"__type":"$$EventMessageConfirm","confirm":"94171708-8078-4f27-afc3-36a5c5f09355","ts":"2026-10-07T20:53:56.491-04:00","source":{"id":"0","name":"eventBus"}}
{"__type":"$$EventMessageAudit","id":"326b7821-411e-4aa8-8b06-433976079bf0","ts":"2026-10-07T20:54:21.416-04:00","eventName":"n8n.audit.workflow.executed","message":"n8n.audit.workflow.executed","payload":{"workflowId":"PaLPAf3VhFN11mWP","workflowName":"chimueloBot","executionId":"3768","projectId":"4cXhCbdLbVUJK3Dd","projectName":"Ramiro De Rogatis <ramirojavierderogatis@hotmail.com>","source":"webhook"}}
{"__type":"$$EventMessageConfirm","confirm":"326b7821-411e-4aa8-8b06-433976079bf0","ts":"2026-10-07T20:54:21.416-04:00","source":{"id":"0","name":"eventBus"}}
{"__type":"$$EventMessageWorkflow","id":"6e40bba1-ad77-4351-a6b1-99ff214e281f","ts":"2026-10-07T20:54:21.416-04:00","eventName":"n8n.workflow.started","message":"n8n.workflow.started","payload":{"executionId":"3768","workflowId":"PaLPAf3VhFN11mWP","isManual":false,"mode":"webhook","workflowName":"chimueloBot","projectId":"4cXhCbdLbVUJK3Dd","projectName":"Ramiro De Rogatis <ramirojavierderogatis@hotmail.com>"}}
{"__type":"$$EventMessageConfirm","confirm":"6e40bba1-ad77-4351-a6b1-99ff214e281f","ts":"2026-10-07T20:54:21.416-04:00","source":{"id":"0","name":"eventBus"}}
{"__type":"$$EventMessageNode","id":"c13fe00a-6129-4df7-92a4-adab8d479459","ts":"2026-10-07T20:54:21.417-04:00","eventName":"n8n.node.started","message":"n8n.node.started","payload":{"workflowId":"PaLPAf3VhFN11mWP","workflowName":"chimueloBot","executionId":"3768","nodeType":"n8n-nodes-base.webhook","nodeName":"Webhook","nodeId":"835eee2e-f5a8-41ae-8da8-c411adda2ef3"}}
{"__type":"$$EventMessageConfirm","confirm":"c13fe00a-6129-4df7-92a4-adab8d479459","ts":"2026-10-07T20:54:21.417-04:00","source":{"id":"0","name":"eventBus"}}
{"__type":"$$EventMessageNode","id":"639ac7ec-df48-4788-b8c8-5a542ade575e","ts":"2026-10-07T20:54:21.418-04:00","eventName":"n8n.node.finished","message":"n8n.node.finished","payload":{"workflowId":"PaLPAf3VhFN11mWP","workflowName":"chimueloBot","executionId":"3768","nodeType":"n8n-nodes-base.webhook","nodeName":"Webhook","nodeId":"835eee2e-f5a8-41ae-8da8-c411adda2ef3"}}
{"__type":"$$EventMessageConfirm","confirm":"639ac7ec-df48-4788-b8c8-5a542ade575e","ts":"2026-10-07T20:54:21.418-04:00","source":{"id":"0","name":"eventBus"}}
{"__type":"$$EventMessageNode","id":"fc17ee45-23c5-45b6-92ca-19b569a2ab4a","ts":"2026-10-07T20:54:21.418-04:00","eventName":"n8n.node.started","message":"n8n.node.started","payload":{"workflowId":"PaLPAf3VhFN11mWP","workflowName":"chimueloBot","executionId":"3768","nodeType":"n8n-nodes-base.if","nodeName":"If3","nodeId":"95b56f56-a35e-4d78-8c42-25353df18ded"}}
{"__type":"$$EventMessageConfirm","confirm":"fc17ee45-23c5-45b6-92ca-19b569a2ab4a","ts":"2026-10-07T20:54:21.418-04:00","source":{"id":"0","name":"eventBus"}}
{"__type":"$$EventMessageNode","id":"469048a3-cd3e-4d52-b503-ff92df784adc","ts":"2026-10-07T20:54:21.427-04:00","eventName":"n8n.node.finished","message":"n8n.node.finished","payload":{"workflowId":"PaLPAf3VhFN11mWP","workflowName":"chimueloBot","executionId":"3768","nodeType":"n8n-nodes-base.if","nodeName":"If3","nodeId":"95b56f56-a35e-4d78-8c42-25353df18ded"}}
{"__type":"$$EventMessageConfirm","confirm":"469048a3-cd3e-4d52-b503-ff92df784adc","ts":"2026-10-07T20:54:21.427-04:00","source":{"id":"0","name":"eventBus"}}
{"__type":"$$EventMessageNode","id":"b22020eb-fee3-43bc-bb79-809fc73eb5d4","ts":"2026-10-07T20:54:21.427-04:00","eventName":"n8n.node.started","message":"n8n.node.started","payload":{"workflowId":"PaLPAf3VhFN11mWP","workflowName":"chimueloBot","executionId":"3768","nodeType":"n8n-nodes-base.if","nodeName":"If","nodeId":"fce468f6-e692-43e8-a90c-29d403eaad22"}}
{"__type":"$$EventMessageConfirm","confirm":"b22020eb-fee3-43bc-bb79-809fc73eb5d4","ts":"2026-10-07T20:54:21.427-04:00","source":{"id":"0","name":"eventBus"}}
{"__type":"$$EventMessageNode","id":"e434fcd9-a566-4ed6-a4d0-9c487d2fd3d0","ts":"2026-10-07T20:54:21.429-04:00","eventName":"n8n.node.finished","message":"n8n.node.finished","payload":{"workflowId":"PaLPAf3VhFN11mWP","workflowName":"chimueloBot","executionId":"3768","nodeType":"n8n-nodes-base.if","nodeName":"If","nodeId":"fce468f6-e692-43e8-a90c-29d403eaad22"}}
{"__type":"$$EventMessageConfirm","confirm":"e434fcd9-a566-4ed6-a4d0-9c487d2fd3d0","ts":"2026-10-07T20:54:21.429-04:00","source":{"id":"0","name":"eventBus"}}
{"__type":"$$EventMessageNode","id":"ae3cedca-e928-4abe-8708-fdd3859ca43f","ts":"2026-10-07T20:54:21.429-04:00","eventName":"n8n.node.started","message":"n8n.node.started","payload":{"workflowId":"PaLPAf3VhFN11mWP","workflowName":"chimueloBot","executionId":"3768","nodeType":"n8n-nodes-base.if","nodeName":"If1","nodeId":"e019ba3d-6fff-4262-8bed-dfee6e3133d7"}}
{"__type":"$$EventMessageConfirm","confirm":"ae3cedca-e928-4abe-8708-fdd3859ca43f","ts":"2026-10-07T20:54:21.429-04:00","source":{"id":"0","name":"eventBus"}}
{"__type":"$$EventMessageNode","id":"f0644c76-b4c4-4208-9d4f-ff0c1ba5cbd8","ts":"2026-10-07T20:54:21.432-04:00","eventName":"n8n.node.finished","message":"n8n.node.finished","payload":{"workflowId":"PaLPAf3VhFN11mWP","workflowName":"chimueloBot","executionId":"3768","nodeType":"n8n-nodes-base.if","nodeName":"If1","nodeId":"e019ba3d-6fff-4262-8bed-dfee6e3133d7"}}
{"__type":"$$EventMessageConfirm","confirm":"f0644c76-b4c4-4208-9d4f-ff0c1ba5cbd8","ts":"2026-10-07T20:54:21.432-04:00","source":{"id":"0","name":"eventBus"}}
{"__type":"$$EventMessageNode","id":"d2bd08c8-22f4-4915-bd01-aa4406aabdc6","ts":"2026-10-07T20:54:21.432-04:00","eventName":"n8n.node.started","message":"n8n.node.started","payload":{"workflowId":"PaLPAf3VhFN11mWP","workflowName":"chimueloBot","executionId":"3768","nodeType":"n8n-nodes-base.httpRequest","nodeName":"HTTP Request","nodeId":"82eb265c-461c-4a00-95ac-26b9277881a1"}}
{"__type":"$$EventMessageConfirm","confirm":"d2bd08c8-22f4-4915-bd01-aa4406aabdc6","ts":"2026-10-07T20:54:21.432-04:00","source":{"id":"0","name":"eventBus"}}
{"__type":"$$EventMessageNode","id":"abf85809-fb7d-46a1-9e34-c2fa3ce17bc7","ts":"2026-10-07T20:54:22.468-04:00","eventName":"n8n.node.finished","message":"n8n.node.finished","payload":{"workflowId":"PaLPAf3VhFN11mWP","workflowName":"chimueloBot","executionId":"3768","nodeType":"n8n-nodes-base.httpRequest","nodeName":"HTTP Request","nodeId":"82eb265c-461c-4a00-95ac-26b9277881a1"}}
{"__type":"$$EventMessageConfirm","confirm":"abf85809-fb7d-46a1-9e34-c2fa3ce17bc7","ts":"2026-10-07T20:54:22.468-04:00","source":{"id":"0","name":"eventBus"}}
{"__type":"$$EventMessageNode","id":"b4fa596c-11ae-4f11-b2ea-7b03dddddff4","ts":"2026-10-07T20:54:22.468-04:00","eventName":"n8n.node.started","message":"n8n.node.started","payload":{"workflowId":"PaLPAf3VhFN11mWP","workflowName":"chimueloBot","executionId":"3768","nodeType":"n8n-nodes-base.httpRequest","nodeName":"HTTP Request1","nodeId":"5207a99e-f37c-4974-840b-e8ddf1874763"}}
{"__type":"$$EventMessageConfirm","confirm":"b4fa596c-11ae-4f11-b2ea-7b03dddddff4","ts":"2026-10-07T20:54:22.468-04:00","source":{"id":"0","name":"eventBus"}}
{"__type":"$$EventMessageNode","id":"96074ef8-ec66-4a89-b654-a72f88dbc46d","ts":"2026-10-07T20:54:23.831-04:00","eventName":"n8n.node.finished","message":"n8n.node.finished","payload":{"workflowId":"PaLPAf3VhFN11mWP","workflowName":"chimueloBot","executionId":"3768","nodeType":"n8n-nodes-base.httpRequest","nodeName":"HTTP Request1","nodeId":"5207a99e-f37c-4974-840b-e8ddf1874763"}}
{"__type":"$$EventMessageConfirm","confirm":"96074ef8-ec66-4a89-b654-a72f88dbc46d","ts":"2026-10-07T20:54:23.831-04:00","source":{"id":"0","name":"eventBus"}}
{"__type":"$$EventMessageWorkflow","id":"8df97359-5d5b-4bd5-a974-771639ec507b","ts":"2026-10-07T20:54:23.831-04:00","eventName":"n8n.workflow.success","message":"n8n.workflow.success","payload":{"executionId":"3768","success":true,"isManual":false,"mode":"webhook","workflowId":"PaLPAf3VhFN11mWP","workflowName":"chimueloBot","projectId":"4cXhCbdLbVUJK3Dd","projectName":"Ramiro De Rogatis <ramirojavierderogatis@hotmail.com>"}}
{"__type":"$$EventMessageConfirm","confirm":"8df97359-5d5b-4bd5-a974-771639ec507b","ts":"2026-10-07T20:54:23.831-04:00","source":{"id":"0","name":"eventBus"}}
{"__type":"$$EventMessageAudit","id":"fb7bac66-254d-4c47-a68f-7b2035413747","ts":"2026-10-07T20:54:31.852-04:00","eventName":"n8n.audit.workflow.executed","message":"n8n.audit.workflow.executed","payload":{"workflowId":"PaLPAf3VhFN11mWP","workflowName":"chimueloBot","executionId":"3769","projectId":"4cXhCbdLbVUJK3Dd","projectName":"Ramiro De Rogatis <ramirojavierderogatis@hotmail.com>","source":"webhook"}}
{"__type":"$$EventMessageConfirm","confirm":"fb7bac66-254d-4c47-a68f-7b2035413747","ts":"2026-10-07T20:54:31.852-04:00","source":{"id":"0","name":"eventBus"}}
{"__type":"$$EventMessageWorkflow","id":"99514528-268d-4523-8f8f-7980517bfe43","ts":"2026-10-07T20:54:31.852-04:00","eventName":"n8n.workflow.started","message":"n8n.workflow.started","payload":{"executionId":"3769","workflowId":"PaLPAf3VhFN11mWP","isManual":false,"mode":"webhook","workflowName":"chimueloBot","projectId":"4cXhCbdLbVUJK3Dd","projectName":"Ramiro De Rogatis <ramirojavierderogatis@hotmail.com>"}}
{"__type":"$$EventMessageConfirm","confirm":"99514528-268d-4523-8f8f-7980517bfe43","ts":"2026-10-07T20:54:31.852-04:00","source":{"id":"0","name":"eventBus"}}
{"__type":"$$EventMessageNode","id":"6927ed97-f725-4540-adfd-c6c02e1aa430","ts":"2026-10-07T20:54:31.853-04:00","eventName":"n8n.node.started","message":"n8n.node.started","payload":{"workflowId":"PaLPAf3VhFN11mWP","workflowName":"chimueloBot","executionId":"3769","nodeType":"n8n-nodes-base.webhook","nodeName":"Webhook","nodeId":"835eee2e-f5a8-41ae-8da8-c411adda2ef3"}}
{"__type":"$$EventMessageConfirm","confirm":"6927ed97-f725-4540-adfd-c6c02e1aa430","ts":"2026-10-07T20:54:31.853-04:00","source":{"id":"0","name":"eventBus"}}
{"__type":"$$EventMessageNode","id":"9fd67cb1-f5bf-4458-bb71-ae6c42e66e3b","ts":"2026-10-07T20:54:31.853-04:00","eventName":"n8n.node.finished","message":"n8n.node.finished","payload":{"workflowId":"PaLPAf3VhFN11mWP","workflowName":"chimueloBot","executionId":"3769","nodeType":"n8n-nodes-base.webhook","nodeName":"Webhook","nodeId":"835eee2e-f5a8-41ae-8da8-c411adda2ef3"}}
{"__type":"$$EventMessageConfirm","confirm":"9fd67cb1-f5bf-4458-bb71-ae6c42e66e3b","ts":"2026-10-07T20:54:31.853-04:00","source":{"id":"0","name":"eventBus"}}
{"__type":"$$EventMessageNode","id":"4b7afe2f-ac14-4bf4-ba58-5d840e7a2057","ts":"2026-10-07T20:54:31.854-04:00","eventName":"n8n.node.started","message":"n8n.node.started","payload":{"workflowId":"PaLPAf3VhFN11mWP","workflowName":"chimueloBot","executionId":"3769","nodeType":"n8n-nodes-base.if","nodeName":"If3","nodeId":"95b56f56-a35e-4d78-8c42-25353df18ded"}}
{"__type":"$$EventMessageConfirm","confirm":"4b7afe2f-ac14-4bf4-ba58-5d840e7a2057","ts":"2026-10-07T20:54:31.854-04:00","source":{"id":"0","name":"eventBus"}}
{"__type":"$$EventMessageNode","id":"372492c5-af8e-4712-834c-2a3a4a5f54e7","ts":"2026-10-07T20:54:31.861-04:00","eventName":"n8n.node.finished","message":"n8n.node.finished","payload":{"workflowId":"PaLPAf3VhFN11mWP","workflowName":"chimueloBot","executionId":"3769","nodeType":"n8n-nodes-base.if","nodeName":"If3","nodeId":"95b56f56-a35e-4d78-8c42-25353df18ded"}}
{"__type":"$$EventMessageConfirm","confirm":"372492c5-af8e-4712-834c-2a3a4a5f54e7","ts":"2026-10-07T20:54:31.861-04:00","source":{"id":"0","name":"eventBus"}}
{"__type":"$$EventMessageNode","id":"5883fab1-faf8-4d58-b56c-41a2d3965649","ts":"2026-10-07T20:54:31.861-04:00","eventName":"n8n.node.started","message":"n8n.node.started","payload":{"workflowId":"PaLPAf3VhFN11mWP","workflowName":"chimueloBot","executionId":"3769","nodeType":"n8n-nodes-base.if","nodeName":"If","nodeId":"fce468f6-e692-43e8-a90c-29d403eaad22"}}
{"__type":"$$EventMessageConfirm","confirm":"5883fab1-faf8-4d58-b56c-41a2d3965649","ts":"2026-10-07T20:54:31.861-04:00","source":{"id":"0","name":"eventBus"}}
{"__type":"$$EventMessageNode","id":"b79e8b44-2d6e-4634-bf75-391739e61cf1","ts":"2026-10-07T20:54:31.863-04:00","eventName":"n8n.node.finished","message":"n8n.node.finished","payload":{"workflowId":"PaLPAf3VhFN11mWP","workflowName":"chimueloBot","executionId":"3769","nodeType":"n8n-nodes-base.if","nodeName":"If","nodeId":"fce468f6-e692-43e8-a90c-29d403eaad22"}}
{"__type":"$$EventMessageConfirm","confirm":"b79e8b44-2d6e-4634-bf75-391739e61cf1","ts":"2026-10-07T20:54:31.863-04:00","source":{"id":"0","name":"eventBus"}}
{"__type":"$$EventMessageNode","id":"054bfcfe-1022-4cc8-9a80-ff12acc5dc51","ts":"2026-10-07T20:54:31.863-04:00","eventName":"n8n.node.started","message":"n8n.node.started","payload":{"workflowId":"PaLPAf3VhFN11mWP","workflowName":"chimueloBot","executionId":"3769","nodeType":"n8n-nodes-base.if","nodeName":"If1","nodeId":"e019ba3d-6fff-4262-8bed-dfee6e3133d7"}}
{"__type":"$$EventMessageConfirm","confirm":"054bfcfe-1022-4cc8-9a80-ff12acc5dc51","ts":"2026-10-07T20:54:31.863-04:00","source":{"id":"0","name":"eventBus"}}
{"__type":"$$EventMessageNode","id":"b8ee6dfd-13ee-4494-a680-12d7dbd24304","ts":"2026-10-07T20:54:31.865-04:00","eventName":"n8n.node.finished","message":"n8n.node.finished","payload":{"workflowId":"PaLPAf3VhFN11mWP","workflowName":"chimueloBot","executionId":"3769","nodeType":"n8n-nodes-base.if","nodeName":"If1","nodeId":"e019ba3d-6fff-4262-8bed-dfee6e3133d7"}}
{"__type":"$$EventMessageConfirm","confirm":"b8ee6dfd-13ee-4494-a680-12d7dbd24304","ts":"2026-10-07T20:54:31.865-04:00","source":{"id":"0","name":"eventBus"}}
{"__type":"$$EventMessageNode","id":"adc32392-be14-49b9-9ad8-350c2f2dba76","ts":"2026-10-07T20:54:31.865-04:00","eventName":"n8n.node.started","message":"n8n.node.started","payload":{"workflowId":"PaLPAf3VhFN11mWP","workflowName":"chimueloBot","executionId":"3769","nodeType":"n8n-nodes-base.httpRequest","nodeName":"HTTP Request","nodeId":"82eb265c-461c-4a00-95ac-26b9277881a1"}}
{"__type":"$$EventMessageConfirm","confirm":"adc32392-be14-49b9-9ad8-350c2f2dba76","ts":"2026-10-07T20:54:31.865-04:00","source":{"id":"0","name":"eventBus"}}
{"__type":"$$EventMessageNode","id":"e741fee8-b232-41ce-9f4d-c3aea458d48d","ts":"2026-10-07T20:54:34.387-04:00","eventName":"n8n.node.finished","message":"n8n.node.finished","payload":{"workflowId":"PaLPAf3VhFN11mWP","workflowName":"chimueloBot","executionId":"3769","nodeType":"n8n-nodes-base.httpRequest","nodeName":"HTTP Request","nodeId":"82eb265c-461c-4a00-95ac-26b9277881a1"}}
{"__type":"$$EventMessageConfirm","confirm":"e741fee8-b232-41ce-9f4d-c3aea458d48d","ts":"2026-10-07T20:54:34.387-04:00","source":{"id":"0","name":"eventBus"}}
{"__type":"$$EventMessageNode","id":"9757598d-c5c1-46db-8847-ffdd8b7a6c58","ts":"2026-10-07T20:54:34.387-04:00","eventName":"n8n.node.started","message":"n8n.node.started","payload":{"workflowId":"PaLPAf3VhFN11mWP","workflowName":"chimueloBot","executionId":"3769","nodeType":"n8n-nodes-base.httpRequest","nodeName":"HTTP Request1","nodeId":"5207a99e-f37c-4974-840b-e8ddf1874763"}}
{"__type":"$$EventMessageConfirm","confirm":"9757598d-c5c1-46db-8847-ffdd8b7a6c58","ts":"2026-10-07T20:54:34.387-04:00","source":{"id":"0","name":"eventBus"}}
{"__type":"$$EventMessageNode","id":"6f42476f-2d80-47bd-b072-92c62913b24c","ts":"2026-10-07T20:54:35.499-04:00","eventName":"n8n.node.finished","message":"n8n.node.finished","payload":{"workflowId":"PaLPAf3VhFN11mWP","workflowName":"chimueloBot","executionId":"3769","nodeType":"n8n-nodes-base.httpRequest","nodeName":"HTTP Request1","nodeId":"5207a99e-f37c-4974-840b-e8ddf1874763"}}
{"__type":"$$EventMessageConfirm","confirm":"6f42476f-2d80-47bd-b072-92c62913b24c","ts":"2026-10-07T20:54:35.500-04:00","source":{"id":"0","name":"eventBus"}}
{"__type":"$$EventMessageWorkflow","id":"183e7fd7-f0c8-44a9-8688-96bbf8b12269","ts":"2026-10-07T20:54:35.500-04:00","eventName":"n8n.workflow.success","message":"n8n.workflow.success","payload":{"executionId":"3769","success":true,"isManual":false,"mode":"webhook","workflowId":"PaLPAf3VhFN11mWP","workflowName":"chimueloBot","projectId":"4cXhCbdLbVUJK3Dd","projectName":"Ramiro De Rogatis <ramirojavierderogatis@hotmail.com>"}}
{"__type":"$$EventMessageConfirm","confirm":"183e7fd7-f0c8-44a9-8688-96bbf8b12269","ts":"2026-10-07T20:54:35.500-04:00","source":{"id":"0","name":"eventBus"}}
{"__type":"$$EventMessageAudit","id":"fa7871ff-4b24-4edc-b5d4-03e3b5d9da18","ts":"2026-10-07T20:54:50.479-04:00","eventName":"n8n.audit.workflow.executed","message":"n8n.audit.workflow.executed","payload":{"workflowId":"PaLPAf3VhFN11mWP","workflowName":"chimueloBot","executionId":"3770","projectId":"4cXhCbdLbVUJK3Dd","projectName":"Ramiro De Rogatis <ramirojavierderogatis@hotmail.com>","source":"webhook"}}
{"__type":"$$EventMessageConfirm","confirm":"fa7871ff-4b24-4edc-b5d4-03e3b5d9da18","ts":"2026-10-07T20:54:50.479-04:00","source":{"id":"0","name":"eventBus"}}
{"__type":"$$EventMessageWorkflow","id":"2342b566-3ae6-4a4a-bbe4-e244121b8dd0","ts":"2026-10-07T20:54:50.479-04:00","eventName":"n8n.workflow.started","message":"n8n.workflow.started","payload":{"executionId":"3770","workflowId":"PaLPAf3VhFN11mWP","isManual":false,"mode":"webhook","workflowName":"chimueloBot","projectId":"4cXhCbdLbVUJK3Dd","projectName":"Ramiro De Rogatis <ramirojavierderogatis@hotmail.com>"}}
{"__type":"$$EventMessageConfirm","confirm":"2342b566-3ae6-4a4a-bbe4-e244121b8dd0","ts":"2026-10-07T20:54:50.479-04:00","source":{"id":"0","name":"eventBus"}}
{"__type":"$$EventMessageNode","id":"f8d4762a-bec8-47ef-9266-4b0962549d71","ts":"2026-10-07T20:54:50.480-04:00","eventName":"n8n.node.started","message":"n8n.node.started","payload":{"workflowId":"PaLPAf3VhFN11mWP","workflowName":"chimueloBot","executionId":"3770","nodeType":"n8n-nodes-base.webhook","nodeName":"Webhook","nodeId":"835eee2e-f5a8-41ae-8da8-c411adda2ef3"}}
{"__type":"$$EventMessageConfirm","confirm":"f8d4762a-bec8-47ef-9266-4b0962549d71","ts":"2026-10-07T20:54:50.480-04:00","source":{"id":"0","name":"eventBus"}}
{"__type":"$$EventMessageNode","id":"d5a98fe1-982b-401f-ad6e-dcf375b579ad","ts":"2026-10-07T20:54:50.480-04:00","eventName":"n8n.node.finished","message":"n8n.node.finished","payload":{"workflowId":"PaLPAf3VhFN11mWP","workflowName":"chimueloBot","executionId":"3770","nodeType":"n8n-nodes-base.webhook","nodeName":"Webhook","nodeId":"835eee2e-f5a8-41ae-8da8-c411adda2ef3"}}
{"__type":"$$EventMessageConfirm","confirm":"d5a98fe1-982b-401f-ad6e-dcf375b579ad","ts":"2026-10-07T20:54:50.480-04:00","source":{"id":"0","name":"eventBus"}}
{"__type":"$$EventMessageNode","id":"d64baafa-0886-4ab9-ab3a-fad4544b0b9e","ts":"2026-10-07T20:54:50.480-04:00","eventName":"n8n.node.started","message":"n8n.node.started","payload":{"workflowId":"PaLPAf3VhFN11mWP","workflowName":"chimueloBot","executionId":"3770","nodeType":"n8n-nodes-base.if","nodeName":"If3","nodeId":"95b56f56-a35e-4d78-8c42-25353df18ded"}}
{"__type":"$$EventMessageConfirm","confirm":"d64baafa-0886-4ab9-ab3a-fad4544b0b9e","ts":"2026-10-07T20:54:50.480-04:00","source":{"id":"0","name":"eventBus"}}
{"__type":"$$EventMessageNode","id":"24563a4b-fa8b-43de-9c48-4b39608ed1be","ts":"2026-10-07T20:54:50.487-04:00","eventName":"n8n.node.finished","message":"n8n.node.finished","payload":{"workflowId":"PaLPAf3VhFN11mWP","workflowName":"chimueloBot","executionId":"3770","nodeType":"n8n-nodes-base.if","nodeName":"If3","nodeId":"95b56f56-a35e-4d78-8c42-25353df18ded"}}
{"__type":"$$EventMessageConfirm","confirm":"24563a4b-fa8b-43de-9c48-4b39608ed1be","ts":"2026-10-07T20:54:50.487-04:00","source":{"id":"0","name":"eventBus"}}
{"__type":"$$EventMessageNode","id":"cbb7e3b6-f9ad-4919-b24a-39c38ef51f11","ts":"2026-10-07T20:54:50.487-04:00","eventName":"n8n.node.started","message":"n8n.node.started","payload":{"workflowId":"PaLPAf3VhFN11mWP","workflowName":"chimueloBot","executionId":"3770","nodeType":"n8n-nodes-base.if","nodeName":"If","nodeId":"fce468f6-e692-43e8-a90c-29d403eaad22"}}
{"__type":"$$EventMessageConfirm","confirm":"cbb7e3b6-f9ad-4919-b24a-39c38ef51f11","ts":"2026-10-07T20:54:50.487-04:00","source":{"id":"0","name":"eventBus"}}
{"__type":"$$EventMessageNode","id":"72c5461b-0130-4f3a-8d70-65c760431ea7","ts":"2026-10-07T20:54:50.490-04:00","eventName":"n8n.node.finished","message":"n8n.node.finished","payload":{"workflowId":"PaLPAf3VhFN11mWP","workflowName":"chimueloBot","executionId":"3770","nodeType":"n8n-nodes-base.if","nodeName":"If","nodeId":"fce468f6-e692-43e8-a90c-29d403eaad22"}}
{"__type":"$$EventMessageConfirm","confirm":"72c5461b-0130-4f3a-8d70-65c760431ea7","ts":"2026-10-07T20:54:50.490-04:00","source":{"id":"0","name":"eventBus"}}
{"__type":"$$EventMessageNode","id":"d142ee4e-9eea-4da8-bbc8-e5d2f697648d","ts":"2026-10-07T20:54:50.490-04:00","eventName":"n8n.node.started","message":"n8n.node.started","payload":{"workflowId":"PaLPAf3VhFN11mWP","workflowName":"chimueloBot","executionId":"3770","nodeType":"n8n-nodes-base.if","nodeName":"If1","nodeId":"e019ba3d-6fff-4262-8bed-dfee6e3133d7"}}
{"__type":"$$EventMessageConfirm","confirm":"d142ee4e-9eea-4da8-bbc8-e5d2f697648d","ts":"2026-10-07T20:54:50.490-04:00","source":{"id":"0","name":"eventBus"}}
{"__type":"$$EventMessageNode","id":"6e6a842d-2535-4b2f-ab35-af3f9f366623","ts":"2026-10-07T20:54:50.492-04:00","eventName":"n8n.node.finished","message":"n8n.node.finished","payload":{"workflowId":"PaLPAf3VhFN11mWP","workflowName":"chimueloBot","executionId":"3770","nodeType":"n8n-nodes-base.if","nodeName":"If1","nodeId":"e019ba3d-6fff-4262-8bed-dfee6e3133d7"}}
{"__type":"$$EventMessageConfirm","confirm":"6e6a842d-2535-4b2f-ab35-af3f9f366623","ts":"2026-10-07T20:54:50.492-04:00","source":{"id":"0","name":"eventBus"}}
{"__type":"$$EventMessageNode","id":"a67e0ce9-470e-4ff6-bd71-6b089da17f55","ts":"2026-10-07T20:54:50.492-04:00","eventName":"n8n.node.started","message":"n8n.node.started","payload":{"workflowId":"PaLPAf3VhFN11mWP","workflowName":"chimueloBot","executionId":"3770","nodeType":"n8n-nodes-base.httpRequest","nodeName":"HTTP Request","nodeId":"82eb265c-461c-4a00-95ac-26b9277881a1"}}
{"__type":"$$EventMessageConfirm","confirm":"a67e0ce9-470e-4ff6-bd71-6b089da17f55","ts":"2026-10-07T20:54:50.492-04:00","source":{"id":"0","name":"eventBus"}}
{"__type":"$$EventMessageNode","id":"e2f42fa2-a636-446a-8e1f-69f6b746cd24","ts":"2026-10-07T20:54:54.405-04:00","eventName":"n8n.node.finished","message":"n8n.node.finished","payload":{"workflowId":"PaLPAf3VhFN11mWP","workflowName":"chimueloBot","executionId":"3770","nodeType":"n8n-nodes-base.httpRequest","nodeName":"HTTP Request","nodeId":"82eb265c-461c-4a00-95ac-26b9277881a1"}}
{"__type":"$$EventMessageConfirm","confirm":"e2f42fa2-a636-446a-8e1f-69f6b746cd24","ts":"2026-10-07T20:54:54.405-04:00","source":{"id":"0","name":"eventBus"}}
{"__type":"$$EventMessageNode","id":"b28854af-4db4-4056-83f7-53d3ae09db85","ts":"2026-10-07T20:54:54.405-04:00","eventName":"n8n.node.started","message":"n8n.node.started","payload":{"workflowId":"PaLPAf3VhFN11mWP","workflowName":"chimueloBot","executionId":"3770","nodeType":"n8n-nodes-base.httpRequest","nodeName":"HTTP Request1","nodeId":"5207a99e-f37c-4974-840b-e8ddf1874763"}}
{"__type":"$$EventMessageConfirm","confirm":"b28854af-4db4-4056-83f7-53d3ae09db85","ts":"2026-10-07T20:54:54.405-04:00","source":{"id":"0","name":"eventBus"}}
{"__type":"$$EventMessageNode","id":"da8c4ccd-ddaf-4aec-8fe3-4fae5554559c","ts":"2026-10-07T20:54:55.446-04:00","eventName":"n8n.node.finished","message":"n8n.node.finished","payload":{"workflowId":"PaLPAf3VhFN11mWP","workflowName":"chimueloBot","executionId":"3770","nodeType":"n8n-nodes-base.httpRequest","nodeName":"HTTP Request1","nodeId":"5207a99e-f37c-4974-840b-e8ddf1874763"}}
{"__type":"$$EventMessageConfirm","confirm":"da8c4ccd-ddaf-4aec-8fe3-4fae5554559c","ts":"2026-10-07T20:54:55.446-04:00","source":{"id":"0","name":"eventBus"}}
{"__type":"$$EventMessageWorkflow","id":"42a9b6cc-02aa-4e11-a47d-36c5ec944d41","ts":"2026-10-07T20:54:55.446-04:00","eventName":"n8n.workflow.success","message":"n8n.workflow.success","payload":{"executionId":"3770","success":true,"isManual":false,"mode":"webhook","workflowId":"PaLPAf3VhFN11mWP","workflowName":"chimueloBot","projectId":"4cXhCbdLbVUJK3Dd","projectName":"Ramiro De Rogatis <ramirojavierderogatis@hotmail.com>"}}
{"__type":"$$EventMessageConfirm","confirm":"42a9b6cc-02aa-4e11-a47d-36c5ec944d41","ts":"2026-10-07T20:54:55.446-04:00","source":{"id":"0","name":"eventBus"}}
